orientation,direction,source_vehicle,target_vehicle,sensor_configuration,method,protocol,target_adaptation_days,uses_target_adaptation,normalizer_fit_days,n_features,test_rows,test_operating_days,adaptation_rows,adaptation_window_hours,adaptation_span_hours,accuracy,balanced_accuracy,macro_f1,charging_f1,driving_f1,stationary_state_macro_f1,objective_score,stationary_off_precision,stationary_off_recall,stationary_off_f1,stationary_off_support,stationary_on_precision,stationary_on_recall,stationary_on_f1,stationary_on_support,charging_precision,charging_recall,charging_f1.1,charging_support,driving_precision,driving_recall,driving_f1.1,driving_support,macro_f1_bootstrap_center,macro_f1_ci_low,macro_f1_ci_high,charging_f1_bootstrap_center,charging_f1_ci_low,charging_f1_ci_high,delta_macro_f1,delta_macro_f1_ci_low,delta_macro_f1_ci_high,delta_charging_f1,delta_charging_f1_ci_low,delta_charging_f1_ci_high,causal_warmup_rows_source,causal_warmup_rows_target
RECORDED,Bus A to Bus B,Bus A,Bus B,A,RAW,INDUCTIVE_FIXED_TEST,1,False,0,54,7059,12,0,0.0,0.0,0.8501204136563253,0.7904300542756071,0.7452712720394685,0.8671454219030521,0.9779643231899265,0.6677069216559826,0.794020931984902,0.3333333333333333,0.6694214876033058,0.44505494505494503,242,0.8223538119911177,0.5957104557640751,0.6909203980099502,1865,0.8370883882149047,0.8994413407821229,0.8671454219030521,2148,0.9595058339052849,0.9971469329529244,0.9779643231899265,2804,0.7452712720394685,0.6405150647843565,0.8603635310176101,0.8671454219030521,0.6985095849176172,0.9545783086585912,0.0,0.0,0.0,0.0,0.0,0.0,,
RECORDED,Bus A to Bus B,Bus A,Bus B,A,ZSCORE,INDUCTIVE_FIXED_TEST,1,True,1,54,7059,12,81,1.35,4.197950277777777,0.3972234027482646,0.25,0.14216183329953355,0.0,0.5686473331981342,0.0,0.08529709997972013,0.0,0.0,0.0,242,0.0,0.0,0.0,1865,0.0,0.0,0.0,2148,0.39727968262964014,1.0,0.5686473331981342,2804,0.14216183329953358,0.13245371771857922,0.15178723137419894,0.0,0.0,0.0,-0.6031094387399349,-0.7143399640571263,-0.501591388681693,-0.8671454219030521,-0.9484363827639885,-0.7190138868521303,,
RECORDED,Bus A to Bus B,Bus A,Bus B,A,QUANTILE,INDUCTIVE_FIXED_TEST,1,True,1,54,7059,12,81,1.35,4.197950277777777,0.45261368465788354,0.31230197416524497,0.24687077879112201,0.0,0.6284177498879426,0.1196884550921818,0.1481224672746732,1.0,0.045454545454545456,0.08695652173913043,242,0.40948275862068967,0.2037533512064343,0.272108843537415,1865,0.0,0.0,0.0,2148,0.45816993464052286,1.0,0.6284177498879426,2804,0.24687077879112201,0.2111577541005416,0.28808466023522994,0.0,0.0,0.0,-0.4984004932483465,-0.5976479313822586,-0.401921648667978,-0.8671454219030521,-0.9503718880961579,-0.7046832935360771,,
RECORDED,Bus A to Bus B,Bus A,Bus B,A,CORAL,INDUCTIVE_FIXED_TEST,1,True,1,54,7059,12,81,1.35,4.197950277777777,0.513670491571044,0.548170452502831,0.37613554781399705,0.0,0.8814092481912551,0.2077109810215777,0.22568132868839821,0.07335907335907337,0.8636363636363636,0.13523131672597866,242,0.9375,0.3297587131367292,0.48790162633875445,1865,0.0,0.0,0.0,2148,0.7884074282498593,0.9992867332382311,0.8814092481912551,2804,0.37613554781399705,0.34230273177775744,0.4177548959986894,0.0,0.0,0.0,-0.3691357242254715,-0.4697672896952334,-0.25958207497531904,-0.8671454219030521,-0.9533704175456752,-0.7059623204569777,,
RECORDED,Bus A to Bus B,Bus A,Bus B,A,CAUSAL,INDUCTIVE_FIXED_TEST,1,False,0,54,7059,12,0,0.0,0.0,0.7607309817254568,0.6796069908834963,0.645492540771352,0.6625595071408569,0.9836296426685442,0.5327801734722879,0.6523193273191539,0.08386638237384506,0.48760330578512395,0.14311704063068525,242,0.9430473372781065,0.6836461126005362,0.7926639726453217,1865,0.83134223471539,0.5507448789571695,0.6625595071408569,2148,0.9711505039972194,0.9964336661911555,0.9836296426685442,2804,0.645492540771352,0.5880824816645694,0.7257299910755959,0.6625595071408569,0.43281620794799963,0.822300212903471,-0.09977873126811654,-0.21025439267946766,-0.003615334335101161,-0.20458591476219523,-0.36173095346473116,-0.07768985119496416,254.0,12.0
RECORDED,Bus A to Bus B,Bus A,Bus B,A,RAW,INDUCTIVE_FIXED_TEST,3,False,0,54,7059,12,0,0.0,0.0,0.8501204136563253,0.7904300542756071,0.7452712720394685,0.8671454219030521,0.9779643231899265,0.6677069216559826,0.794020931984902,0.3333333333333333,0.6694214876033058,0.44505494505494503,242,0.8223538119911177,0.5957104557640751,0.6909203980099502,1865,0.8370883882149047,0.8994413407821229,0.8671454219030521,2148,0.9595058339052849,0.9971469329529244,0.9779643231899265,2804,0.7452712720394685,0.6405150647843565,0.8603635310176101,0.8671454219030521,0.6985095849176172,0.9545783086585912,0.0,0.0,0.0,0.0,0.0,0.0,,
RECORDED,Bus A to Bus B,Bus A,Bus B,A,ZSCORE,INDUCTIVE_FIXED_TEST,3,True,3,54,7059,12,210,3.5,24.16194833333333,0.3972234027482646,0.25004488991215157,0.14389414159301883,0.0,0.5745618530285949,0.00033823778116015557,0.0863364849558113,0.0,0.0,0.0,242,0.009433962264150943,0.0005361930294906167,0.0010147133434804667,1865,0.0,0.0,0.0,2148,0.40313533726449013,0.9996433666191156,0.5745618530285949,2804,0.14389414159301883,0.13497129638765423,0.15440057005263833,0.0,0.0,0.0,-0.6013771304464497,-0.7156077686439556,-0.4988706125470211,-0.8671454219030521,-0.9530537639707165,-0.712052375080039,,
RECORDED,Bus A to Bus B,Bus A,Bus B,A,QUANTILE,INDUCTIVE_FIXED_TEST,3,True,3,54,7059,12,210,3.5,24.16194833333333,0.5203286584502054,0.4294634971396791,0.3540757852657509,0.0,0.8832519300456909,0.1776837370057709,0.21244547115945053,0.1650943396226415,0.2892561983471074,0.21021021021021022,242,0.2588159171789065,0.4289544235924933,0.3228410008071025,1865,0.0,0.0,0.0,2148,0.7911374541349139,0.9996433666191156,0.8832519300456909,2804,0.3540757852657509,0.315848455084203,0.40664853881128554,0.0,0.0,0.0,-0.3911954867737176,-0.4972737509655044,-0.305588608379688,-0.8671454219030521,-0.9512314195283837,-0.7226538597343712,,
RECORDED,Bus A to Bus B,Bus A,Bus B,A,CORAL,INDUCTIVE_FIXED_TEST,3,True,3,54,7059,12,210,3.5,24.16194833333333,0.4959626009349766,0.49725205576430265,0.35438482989389397,0.0,0.8934948979591837,0.17468147387213076,0.21263089793633638,0.05864197530864197,0.7066115702479339,0.10829639012032932,242,0.7822222222222223,0.2831099195710456,0.415748031496063,1865,0.0,0.0,0.0,2148,0.8079584775086506,0.9992867332382311,0.8934948979591837,2804,0.35438482989389397,0.3246624219748155,0.39633726325203045,0.0,0.0,0.0,-0.39088644214557455,-0.48929157692790065,-0.29346391693050405,-0.8671454219030521,-0.9484295678718804,-0.7118542393216274,,
RECORDED,Bus A to Bus B,Bus A,Bus B,A,CAUSAL,INDUCTIVE_FIXED_TEST,3,False,0,54,7059,12,0,0.0,0.0,0.7607309817254568,0.6796069908834963,0.645492540771352,0.6625595071408569,0.9836296426685442,0.5327801734722879,0.6523193273191539,0.08386638237384506,0.48760330578512395,0.14311704063068525,242,0.9430473372781065,0.6836461126005362,0.7926639726453217,1865,0.83134223471539,0.5507448789571695,0.6625595071408569,2148,0.9711505039972194,0.9964336661911555,0.9836296426685442,2804,0.645492540771352,0.5880824816645694,0.7257299910755959,0.6625595071408569,0.43281620794799963,0.822300212903471,-0.09977873126811654,-0.21025439267946766,-0.003615334335101161,-0.20458591476219523,-0.36173095346473116,-0.07768985119496416,254.0,12.0
RECORDED,Bus A to Bus B,Bus A,Bus B,A,RAW,INDUCTIVE_FIXED_TEST,7,False,0,54,7059,12,0,0.0,0.0,0.8501204136563253,0.7904300542756071,0.7452712720394685,0.8671454219030521,0.9779643231899265,0.6677069216559826,0.794020931984902,0.3333333333333333,0.6694214876033058,0.44505494505494503,242,0.8223538119911177,0.5957104557640751,0.6909203980099502,1865,0.8370883882149047,0.8994413407821229,0.8671454219030521,2148,0.9595058339052849,0.9971469329529244,0.9779643231899265,2804,0.7452712720394685,0.6405150647843565,0.8603635310176101,0.8671454219030521,0.6985095849176172,0.9545783086585912,0.0,0.0,0.0,0.0,0.0,0.0,,
RECORDED,Bus A to Bus B,Bus A,Bus B,A,ZSCORE,INDUCTIVE_FIXED_TEST,7,True,7,54,7059,12,1334,22.233333333333334,63.876666666666665,0.6512253860320159,0.5116093149860803,0.43718845164194364,0.0,0.9832658094063766,0.255162665720466,0.26231307098516615,0.9583333333333334,0.09504132231404959,0.17293233082706766,242,0.42932819648446907,0.9560321715817695,0.5925556663343303,1865,0.0,0.0,0.0,2148,0.9714584058475462,0.9953637660485022,0.9832658094063766,2804,0.4371884516419437,0.3809899394564677,0.5221600236897017,0.0,0.0,0.0,-0.3080828203975248,-0.4514438633683399,-0.1708798935209194,-0.8671454219030521,-0.9507780340639505,-0.7177290874841932,,
RECORDED,Bus A to Bus B,Bus A,Bus B,A,QUANTILE,INDUCTIVE_FIXED_TEST,7,True,7,54,7059,12,1334,22.233333333333334,63.876666666666665,0.7944468054965292,0.7396193007311925,0.6836190775125367,0.8332910428825171,0.950214432220772,0.5947539592764582,0.7434878636605289,0.13117699910152741,0.6033057851239669,0.2154981549815498,242,0.7979924717691342,0.6820375335120643,0.7354726799653079,1865,0.9157836029001674,0.7644320297951583,0.8332910428825171,2148,0.9957014458772958,0.9087018544935807,0.950214432220772,2804,0.6836190775125367,0.6315738023875406,0.7632629278349786,0.8332910428825172,0.6642189586114821,0.9182812202499043,-0.061652194526931825,-0.1347195089110377,0.011132559317732967,-0.0338543790205349,-0.10425951873998493,0.030106702360726087,,
RECORDED,Bus A to Bus B,Bus A,Bus B,A,CORAL,INDUCTIVE_FIXED_TEST,7,True,7,54,7059,12,1334,22.233333333333334,63.876666666666665,0.6245927185153705,0.6053153276849612,0.5132700618514449,0.1928655429243434,0.9630408127517954,0.3633464782179947,0.38510825428060425,0.06633081444164568,0.6528925619834711,0.12042682926829268,242,0.9174579985390796,0.6734584450402145,0.7767470624613482,1865,0.6104218362282878,0.11452513966480447,0.1928655429243434,2148,0.9462994836488813,0.9803851640513552,0.9630408127517954,2804,0.513270061851445,0.4741489616344847,0.5650085453602034,0.19286554292434338,0.07349118287693805,0.3105198417592054,-0.23200121018802355,-0.32491026973339615,-0.13132452969035244,-0.6742798789787088,-0.8079003497808425,-0.5156533995398395,,
RECORDED,Bus A to Bus B,Bus A,Bus B,A,CAUSAL,INDUCTIVE_FIXED_TEST,7,False,0,54,7059,12,0,0.0,0.0,0.7607309817254568,0.6796069908834963,0.645492540771352,0.6625595071408569,0.9836296426685442,0.5327801734722879,0.6523193273191539,0.08386638237384506,0.48760330578512395,0.14311704063068525,242,0.9430473372781065,0.6836461126005362,0.7926639726453217,1865,0.83134223471539,0.5507448789571695,0.6625595071408569,2148,0.9711505039972194,0.9964336661911555,0.9836296426685442,2804,0.645492540771352,0.5880824816645694,0.7257299910755959,0.6625595071408569,0.43281620794799963,0.822300212903471,-0.09977873126811654,-0.21025439267946766,-0.003615334335101161,-0.20458591476219523,-0.36173095346473116,-0.07768985119496416,254.0,12.0
RECORDED,Bus A to Bus B,Bus A,Bus B,A,RAW,INDUCTIVE_FIXED_TEST,14,False,0,54,7059,12,0,0.0,0.0,0.8501204136563253,0.7904300542756071,0.7452712720394685,0.8671454219030521,0.9779643231899265,0.6677069216559826,0.794020931984902,0.3333333333333333,0.6694214876033058,0.44505494505494503,242,0.8223538119911177,0.5957104557640751,0.6909203980099502,1865,0.8370883882149047,0.8994413407821229,0.8671454219030521,2148,0.9595058339052849,0.9971469329529244,0.9779643231899265,2804,0.7452712720394685,0.6405150647843565,0.8603635310176101,0.8671454219030521,0.6985095849176172,0.9545783086585912,0.0,0.0,0.0,0.0,0.0,0.0,,
RECORDED,Bus A to Bus B,Bus A,Bus B,A,ZSCORE,INDUCTIVE_FIXED_TEST,14,True,14,54,7059,12,4438,73.96666666666667,152.33323388888888,0.6421589460263494,0.5025489559975421,0.43568385947179095,0.010443864229765013,0.9737162750217581,0.25633972095513524,0.2655878613749805,0.9583333333333334,0.09504132231404959,0.17293233082706766,242,0.43128803245436104,0.9120643431635389,0.585642967808573,1865,0.08,0.00558659217877095,0.010443864229765013,2148,0.9510370622237334,0.9975035663338089,0.9737162750217581,2804,0.4356838594717909,0.3815468907404676,0.5176871144728727,0.010443864229765013,0.0,0.03607259632046047,-0.30958741256767763,-0.44957614696451853,-0.17056179297191684,-0.856701557673287,-0.9390889401186114,-0.6980934262186184,,
RECORDED,Bus A to Bus B,Bus A,Bus B,A,QUANTILE,INDUCTIVE_FIXED_TEST,14,True,14,54,7059,12,4438,73.96666666666667,152.33323388888888,0.8948859611843037,0.8609469380165832,0.7884290877537083,0.9624402458456636,0.9825946527902386,0.7237072327415316,0.8580335509904904,0.2869822485207101,0.8016528925619835,0.4226579520697168,242,0.9284149013878744,0.6815013404825737,0.7860235003092146,1865,0.9416481069042316,0.984171322160149,0.9624402458456636,2148,0.9888046226074395,0.9764621968616263,0.9825946527902386,2804,0.7884290877537086,0.7263775786794688,0.8601334224421544,0.9624402458456637,0.9301865085084055,0.9855310420088507,0.043157815714240044,-0.034866519994468756,0.13977144729573754,0.09529482394261157,0.018960868410033464,0.23954382526153997,,
RECORDED,Bus A to Bus B,Bus A,Bus B,A,CORAL,INDUCTIVE_FIXED_TEST,14,True,14,54,7059,12,4438,73.96666666666667,152.33323388888888,0.6702082447938802,0.5923128518488694,0.56703163681273,0.44058563159686753,0.9752761704366123,0.43095012560476936,0.516453234726385,0.05016722408026756,0.43388429752066116,0.08993576017130621,242,0.9374021909233177,0.6423592493297587,0.7623289850461342,1865,0.8200253485424588,0.30121042830540035,0.44058563159686753,2148,0.9592963090720938,0.9917974322396577,0.9752761704366123,2804,0.5670316368127302,0.48941272199115365,0.6449810921885465,0.44058563159686753,0.11713560774643653,0.6685744615201209,-0.17823963522673836,-0.357230026332297,-0.01876989299750386,-0.42655979030618457,-0.8462276788593143,-0.0656697356910159,,
RECORDED,Bus A to Bus B,Bus A,Bus B,A,CAUSAL,INDUCTIVE_FIXED_TEST,14,False,0,54,7059,12,0,0.0,0.0,0.7607309817254568,0.6796069908834963,0.645492540771352,0.6625595071408569,0.9836296426685442,0.5327801734722879,0.6523193273191539,0.08386638237384506,0.48760330578512395,0.14311704063068525,242,0.9430473372781065,0.6836461126005362,0.7926639726453217,1865,0.83134223471539,0.5507448789571695,0.6625595071408569,2148,0.9711505039972194,0.9964336661911555,0.9836296426685442,2804,0.645492540771352,0.5880824816645694,0.7257299910755959,0.6625595071408569,0.43281620794799963,0.822300212903471,-0.09977873126811654,-0.21025439267946766,-0.003615334335101161,-0.20458591476219523,-0.36173095346473116,-0.07768985119496416,254.0,12.0
RECORDED,Bus A to Bus B,Bus A,Bus B,A,RAW,INDUCTIVE_FIXED_TEST,18,False,0,54,7059,12,0,0.0,0.0,0.8501204136563253,0.7904300542756071,0.7452712720394685,0.8671454219030521,0.9779643231899265,0.6677069216559826,0.794020931984902,0.3333333333333333,0.6694214876033058,0.44505494505494503,242,0.8223538119911177,0.5957104557640751,0.6909203980099502,1865,0.8370883882149047,0.8994413407821229,0.8671454219030521,2148,0.9595058339052849,0.9971469329529244,0.9779643231899265,2804,0.7452712720394685,0.6405150647843565,0.8603635310176101,0.8671454219030521,0.6985095849176172,0.9545783086585912,0.0,0.0,0.0,0.0,0.0,0.0,,
RECORDED,Bus A to Bus B,Bus A,Bus B,A,ZSCORE,INDUCTIVE_FIXED_TEST,18,True,18,54,7059,12,6262,104.36666666666666,197.27287666666666,0.8804363224252727,0.6907145940126147,0.6923646886875563,0.8936170212765957,0.9796348314606742,0.5966079744298503,0.7728656217231721,0.1554054054054054,0.09504132231404959,0.11794871794871795,242,0.9176984705025492,0.675603217158177,0.7782581840642372,1865,0.8095238095238095,0.9972067039106145,0.8936170212765957,2148,0.9647302904564315,0.9950071326676176,0.9796348314606742,2804,0.6923646886875563,0.6458717726902994,0.7597054100890748,0.8936170212765957,0.82925758850065,0.940899617388063,-0.05290658335191223,-0.16581487667534303,0.060002480771757016,0.026471599373543597,-0.04679056983317017,0.15665664172747784,,
RECORDED,Bus A to Bus B,Bus A,Bus B,A,QUANTILE,INDUCTIVE_FIXED_TEST,18,True,18,54,7059,12,6262,104.36666666666666,197.27287666666666,0.7574727298484204,0.7018592621934407,0.6520453459872411,0.7354284179425195,0.9558605341246291,0.5507736166081117,0.6853985747693525,0.10138584974471189,0.5743801652892562,0.17234965902045876,242,0.8275409836065574,0.6766756032171581,0.744542772861357,1865,0.8692063492063492,0.6373370577281192,0.7354284179425195,2148,0.9957496136012365,0.9190442225392297,0.9558605341246291,2804,0.6520453459872411,0.5839182846417524,0.7427651482155692,0.7354284179425195,0.4765189169139466,0.9024712827127676,-0.09322592605222746,-0.20284614502169235,0.0010253463189931328,-0.13171700396053265,-0.3400013893345204,0.0009409530999369122,,
RECORDED,Bus A to Bus B,Bus A,Bus B,A,CORAL,INDUCTIVE_FIXED_TEST,18,True,18,54,7059,12,6262,104.36666666666666,197.27287666666666,0.8343958067714974,0.7080938512509789,0.6877330033501663,0.8705084745762712,0.9761188749336636,0.5916043794890006,0.7608431918406082,0.11854951185495119,0.3512396694214876,0.1772679874869656,242,0.9210526315789473,0.6005361930294906,0.727036676403765,1865,0.8458498023715415,0.8966480446927374,0.8705084745762712,2148,0.9684099684099684,0.9839514978601998,0.9761188749336636,2804,0.6877330033501664,0.6385452136944431,0.7525883496835453,0.8705084745762712,0.6912963822911111,0.9473916340350091,-0.05753826868930212,-0.16652014945357493,0.03161503445951371,0.0033630526732191246,-0.05166138907851273,0.03825976060270491,,
RECORDED,Bus A to Bus B,Bus A,Bus B,A,CAUSAL,INDUCTIVE_FIXED_TEST,18,False,0,54,7059,12,0,0.0,0.0,0.7607309817254568,0.6796069908834963,0.645492540771352,0.6625595071408569,0.9836296426685442,0.5327801734722879,0.6523193273191539,0.08386638237384506,0.48760330578512395,0.14311704063068525,242,0.9430473372781065,0.6836461126005362,0.7926639726453217,1865,0.83134223471539,0.5507448789571695,0.6625595071408569,2148,0.9711505039972194,0.9964336661911555,0.9836296426685442,2804,0.645492540771352,0.5880824816645694,0.7257299910755959,0.6625595071408569,0.43281620794799963,0.822300212903471,-0.09977873126811654,-0.21025439267946766,-0.003615334335101161,-0.20458591476219523,-0.36173095346473116,-0.07768985119496416,254.0,12.0
RECORDED,Bus A to Bus B,Bus A,Bus B,M,RAW,INDUCTIVE_FIXED_TEST,1,False,0,41,7059,12,0,0.0,0.0,0.4952542853095339,0.43405662733884065,0.3715656557777107,0.004627487274409995,0.9806746310611384,0.16852933068323486,0.22479038837639043,0.030357679591223326,0.41735537190082644,0.05659848697114037,242,0.7208182912154031,0.32117962466487937,0.4443620178041543,1865,0.38461538461538464,0.0023277467411545625,0.004627487274409995,2148,0.9664127423822715,0.9953637660485022,0.9806746310611384,2804,0.3715656557777108,0.34443117665649514,0.40348369337332435,0.004627487274409996,0.0,0.014536475131556604,0.0,0.0,0.0,0.0,0.0,0.0,,
RECORDED,Bus A to Bus B,Bus A,Bus B,M,ZSCORE,INDUCTIVE_FIXED_TEST,1,True,1,41,7059,12,81,1.35,4.197950277777777,0.6403173254001984,0.5028845961945168,0.5097375507148466,0.6451067427605157,0.8098793796668581,0.4096902743975095,0.5638852275331143,0.02781456953642384,0.08677685950413223,0.04212637913741224,242,0.6589861751152074,0.4600536193029491,0.5418377012946005,1865,0.5907859078590786,0.7104283054003724,0.6451067427605157,2148,0.8743282348077718,0.7542796005706134,0.8098793796668581,2804,0.5097375507148467,0.4050489884799491,0.6079347590582002,0.6451067427605158,0.35485373803684683,0.7981419530870079,0.13817189493713594,0.009719109874767932,0.25598460801198,0.6404792554861058,0.35484658824535936,0.7947322925724241,,
RECORDED,Bus A to Bus B,Bus A,Bus B,M,QUANTILE,INDUCTIVE_FIXED_TEST,1,True,1,41,7059,12,81,1.35,4.197950277777777,0.5747272984842046,0.4491595355365954,0.39813532521106637,0.14395471087747674,0.9042120670027647,0.22944307794716692,0.2964630794776305,0.06303236797274275,0.15289256198347106,0.08926417370325694,242,0.37901498929336186,0.5694369973190349,0.4551103492607671,1865,0.5476923076923077,0.08286778398510242,0.14395471087747674,2148,0.8310911808669657,0.9914407988587732,0.9042120670027647,2804,0.39813532521106637,0.34812565603383544,0.44818508495753145,0.14395471087747674,0.0,0.3412413983779797,0.02656966943335559,-0.025661316268702977,0.07478961100395382,0.13932722360306674,-0.013934693914602263,0.3398907332992747,,
RECORDED,Bus A to Bus B,Bus A,Bus B,M,CORAL,INDUCTIVE_FIXED_TEST,1,True,1,41,7059,12,81,1.35,4.197950277777777,0.409406431505879,0.2615377182055699,0.1662696974770072,0.0018570102135561746,0.5812940688510991,0.027928240352309893,0.10050462257162679,0.0,0.0,0.0,242,0.40476190476190477,0.045576407506702415,0.0819277108433735,1865,0.3333333333333333,0.000931098696461825,0.0018570102135561746,2148,0.4097953216374269,0.9996433666191156,0.5812940688510991,2804,0.1662696974770072,0.1529862238907641,0.1812745220393236,0.0018570102135561746,0.0,0.005597047564835027,-0.20529595830070357,-0.22655469095004374,-0.18735166607156864,-0.0027704770608538215,-0.013668049766647363,0.005170257852002599,,
RECORDED,Bus A to Bus B,Bus A,Bus B,M,CAUSAL,INDUCTIVE_FIXED_TEST,1,False,0,41,7059,12,0,0.0,0.0,0.6136846578835529,0.5731891309914863,0.4530202808791033,0.00176522506619594,0.9829135106570371,0.27638920428645863,0.27251825855394035,0.0670762928827445,0.5413223140495868,0.1193621867881549,242,0.6661938534278959,0.7554959785522788,0.7080402010050251,1865,0.01694915254237288,0.000931098696461825,0.00176522506619594,2148,0.9711103376261747,0.9950071326676176,0.9829135106570371,2804,0.4530202808791033,0.42055112168739456,0.4953893593534618,0.0017652250661959403,0.0,0.00662929542155648,0.08145462510139251,0.03515538445621461,0.13519291338325257,-0.0028622622082140558,-0.013584557979140481,0.005914535531095411,254.0,12.0
RECORDED,Bus A to Bus B,Bus A,Bus B,M,RAW,INDUCTIVE_FIXED_TEST,3,False,0,41,7059,12,0,0.0,0.0,0.4952542853095339,0.43405662733884065,0.3715656557777107,0.004627487274409995,0.9806746310611384,0.16852933068323486,0.22479038837639043,0.030357679591223326,0.41735537190082644,0.05659848697114037,242,0.7208182912154031,0.32117962466487937,0.4443620178041543,1865,0.38461538461538464,0.0023277467411545625,0.004627487274409995,2148,0.9664127423822715,0.9953637660485022,0.9806746310611384,2804,0.3715656557777108,0.34443117665649514,0.40348369337332435,0.004627487274409996,0.0,0.014536475131556604,0.0,0.0,0.0,0.0,0.0,0.0,,
RECORDED,Bus A to Bus B,Bus A,Bus B,M,ZSCORE,INDUCTIVE_FIXED_TEST,3,True,3,41,7059,12,210,3.5,24.16194833333333,0.4320725315200453,0.3106195078119565,0.2768441028390909,0.0,0.8870865139949109,0.07342996578715084,0.16610646170345453,0.009609224855861628,0.12396694214876033,0.0178359096313912,242,0.5539568345323741,0.12386058981233244,0.20245398773006135,1865,0.0,0.0,0.0,2148,0.8005166475315729,0.9946504992867332,0.8870865139949109,2804,0.2768441028390909,0.23837186612109318,0.32497599358934426,0.0,0.0,0.0,-0.09472155293861989,-0.11414605889201115,-0.07030238429398472,-0.004627487274409996,-0.013935711880810019,0.0,,
RECORDED,Bus A to Bus B,Bus A,Bus B,M,QUANTILE,INDUCTIVE_FIXED_TEST,3,True,3,41,7059,12,210,3.5,24.16194833333333,0.5813854653633659,0.45586274010625055,0.37762073184759504,0.0,0.9113388644867415,0.19971468763454622,0.226572439108557,0.07760532150776053,0.1446280991735537,0.10101010101010101,242,0.3930564166150031,0.6798927613941019,0.4981339618935376,1865,0.0,0.0,0.0,2148,0.8378701764881843,0.9989300998573466,0.9113388644867415,2804,0.37762073184759504,0.33912910919265443,0.4490478445425995,0.0,0.0,0.0,0.006055076069884258,-0.04576350039066039,0.09032503793499946,-0.004627487274409996,-0.013371233113335875,0.0,,
RECORDED,Bus A to Bus B,Bus A,Bus B,M,CORAL,INDUCTIVE_FIXED_TEST,3,True,3,41,7059,12,210,3.5,24.16194833333333,0.6261510128913443,0.4676544518936946,0.38484872565100503,0.0,0.9683147632311978,0.19036004645760743,0.230909235390603,0.0,0.0,0.0,242,0.42296774193548387,0.8788203753351207,0.5710801393728223,1865,0.0,0.0,0.0,2148,0.9459183673469388,0.9917974322396577,0.9683147632311978,2804,0.38484872565100503,0.3580328591413943,0.4071062687541575,0.0,0.0,0.0,0.013283069873294251,-0.03178844564233477,0.04905431262765882,-0.004627487274409996,-0.014444606248436636,0.0,,
RECORDED,Bus A to Bus B,Bus A,Bus B,M,CAUSAL,INDUCTIVE_FIXED_TEST,3,False,0,41,7059,12,0,0.0,0.0,0.6136846578835529,0.5731891309914863,0.4530202808791033,0.00176522506619594,0.9829135106570371,0.27638920428645863,0.27251825855394035,0.0670762928827445,0.5413223140495868,0.1193621867881549,242,0.6661938534278959,0.7554959785522788,0.7080402010050251,1865,0.01694915254237288,0.000931098696461825,0.00176522506619594,2148,0.9711103376261747,0.9950071326676176,0.9829135106570371,2804,0.4530202808791033,0.42055112168739456,0.4953893593534618,0.0017652250661959403,0.0,0.00662929542155648,0.08145462510139251,0.03515538445621461,0.13519291338325257,-0.0028622622082140558,-0.013584557979140481,0.005914535531095411,254.0,12.0
RECORDED,Bus A to Bus B,Bus A,Bus B,M,RAW,INDUCTIVE_FIXED_TEST,7,False,0,41,7059,12,0,0.0,0.0,0.4952542853095339,0.43405662733884065,0.3715656557777107,0.004627487274409995,0.9806746310611384,0.16852933068323486,0.22479038837639043,0.030357679591223326,0.41735537190082644,0.05659848697114037,242,0.7208182912154031,0.32117962466487937,0.4443620178041543,1865,0.38461538461538464,0.0023277467411545625,0.004627487274409995,2148,0.9664127423822715,0.9953637660485022,0.9806746310611384,2804,0.3715656557777108,0.34443117665649514,0.40348369337332435,0.004627487274409996,0.0,0.014536475131556604,0.0,0.0,0.0,0.0,0.0,0.0,,
RECORDED,Bus A to Bus B,Bus A,Bus B,M,ZSCORE,INDUCTIVE_FIXED_TEST,7,True,7,41,7059,12,1334,22.233333333333334,63.876666666666665,0.5077206403173254,0.3934003910913041,0.35718747507530146,0.014879945891105851,0.9356330014224751,0.16437229962624356,0.22026446340162323,0.0945945945945946,0.1446280991735537,0.11437908496732026,242,0.2928104575163399,0.4804289544235925,0.36385786802030456,1865,0.027194066749072928,0.010242085661080074,0.014879945891105851,2148,0.9329787234042554,0.93830242510699,0.9356330014224751,2804,0.35718747507530146,0.32198165282047314,0.41772433965219435,0.01487994589110585,0.0,0.049032506009916904,-0.014378180702409316,-0.06630251331930367,0.06177420759984359,0.010252458616695853,-0.010145565090566881,0.04644799455108792,,
RECORDED,Bus A to Bus B,Bus A,Bus B,M,QUANTILE,INDUCTIVE_FIXED_TEST,7,True,7,41,7059,12,1334,22.233333333333334,63.876666666666665,0.6319592010199745,0.5049160436290991,0.42414938762644,0.03972911963882619,0.9687280393534786,0.24262317038409378,0.2703812804313945,0.06216696269982238,0.1446280991735537,0.08695652173913043,242,0.458909912454109,0.871313672922252,0.6011838697743248,1865,0.6567164179104478,0.020484171322160148,0.03972911963882619,2148,0.9546398891966759,0.9832382310984308,0.9687280393534786,2804,0.42414938762643994,0.38913792956920656,0.4623515630830287,0.03972911963882618,0.0,0.11069530915830995,0.052583731848729165,0.01600046001002834,0.09555709689689834,0.035101632364416185,-0.013764683023838575,0.10904411939297742,,
RECORDED,Bus A to Bus B,Bus A,Bus B,M,CORAL,INDUCTIVE_FIXED_TEST,7,True,7,41,7059,12,1334,22.233333333333334,63.876666666666665,0.6041932285026208,0.4702500100906394,0.3964620729027817,0.0,0.967922874671341,0.20597513897992858,0.237877243741669,0.030229746070133012,0.10330578512396695,0.04677268475210477,242,0.4462884731442366,0.793029490616622,0.571152732187681,1865,0.0,0.0,0.0,2148,0.9517407790417097,0.9846647646219686,0.967922874671341,2804,0.3964620729027817,0.3553653831371616,0.4726314668322916,0.0,0.0,0.0,0.024896417125070902,-0.0342313464530797,0.11965310497115819,-0.004627487274409996,-0.014205050594853226,0.0,,
RECORDED,Bus A to Bus B,Bus A,Bus B,M,CAUSAL,INDUCTIVE_FIXED_TEST,7,False,0,41,7059,12,0,0.0,0.0,0.6136846578835529,0.5731891309914863,0.4530202808791033,0.00176522506619594,0.9829135106570371,0.27638920428645863,0.27251825855394035,0.0670762928827445,0.5413223140495868,0.1193621867881549,242,0.6661938534278959,0.7554959785522788,0.7080402010050251,1865,0.01694915254237288,0.000931098696461825,0.00176522506619594,2148,0.9711103376261747,0.9950071326676176,0.9829135106570371,2804,0.4530202808791033,0.42055112168739456,0.4953893593534618,0.0017652250661959403,0.0,0.00662929542155648,0.08145462510139251,0.03515538445621461,0.13519291338325257,-0.0028622622082140558,-0.013584557979140481,0.005914535531095411,254.0,12.0
RECORDED,Bus A to Bus B,Bus A,Bus B,M,RAW,INDUCTIVE_FIXED_TEST,14,False,0,41,7059,12,0,0.0,0.0,0.4952542853095339,0.43405662733884065,0.3715656557777107,0.004627487274409995,0.9806746310611384,0.16852933068323486,0.22479038837639043,0.030357679591223326,0.41735537190082644,0.05659848697114037,242,0.7208182912154031,0.32117962466487937,0.4443620178041543,1865,0.38461538461538464,0.0023277467411545625,0.004627487274409995,2148,0.9664127423822715,0.9953637660485022,0.9806746310611384,2804,0.3715656557777108,0.34443117665649514,0.40348369337332435,0.004627487274409996,0.0,0.014536475131556604,0.0,0.0,0.0,0.0,0.0,0.0,,
RECORDED,Bus A to Bus B,Bus A,Bus B,M,ZSCORE,INDUCTIVE_FIXED_TEST,14,True,14,41,7059,12,4438,73.96666666666667,152.33323388888888,0.6054681966284177,0.5742335693987879,0.4755661023345402,0.6354205261207855,0.8638132295719845,0.34615039325539215,0.5395078718490384,0.14943705220061412,0.6033057851239669,0.23954060705496308,242,0.38911290322580644,0.10348525469168901,0.1634900465904278,1865,0.5276923076923077,0.7984171322160148,0.6354205261207855,2148,0.9503424657534246,0.7917261055634808,0.8638132295719845,2804,0.4755661023345402,0.42066309604753876,0.5403717262079764,0.6354205261207855,0.4429083740265875,0.7443971029831683,0.10400044655682944,0.03144611985829698,0.1826175666591695,0.6307930388463755,0.4429083740265875,0.7412255288717798,,
RECORDED,Bus A to Bus B,Bus A,Bus B,M,QUANTILE,INDUCTIVE_FIXED_TEST,14,True,14,41,7059,12,4438,73.96666666666667,152.33323388888888,0.612409689757756,0.5208181502266578,0.4203361149659354,0.0,0.9602913126408879,0.24035104907428462,0.25220166897956126,0.08848484848484849,0.30165289256198347,0.13683223992502344,242,0.4620904836193448,0.7941018766756032,0.5842209072978304,1865,0.0,0.0,0.0,2148,0.9345258184272697,0.9875178316690443,0.9602913126408879,2804,0.42033611496593537,0.3864394227099371,0.4839817526081698,0.0,0.0,0.0,0.04877045918822459,0.0031700158718827574,0.1327480701024958,-0.004627487274409996,-0.01407228735975036,0.0,,
RECORDED,Bus A to Bus B,Bus A,Bus B,M,CORAL,INDUCTIVE_FIXED_TEST,14,True,14,41,7059,12,4438,73.96666666666667,152.33323388888888,0.5048873778155546,0.39046715339127347,0.37389423067129335,0.037435284747112704,0.9502216160927378,0.18178510219747854,0.2393106523016211,0.01638719512195122,0.17768595041322313,0.030006978367062107,242,0.6801980198019802,0.3683646112600536,0.47791304347826086,1865,0.12947658402203857,0.021880819366852888,0.037435284747112704,2148,0.9101894186806009,0.9939372325249644,0.9502216160927378,2804,0.37389423067129335,0.35005036436291825,0.395247627811804,0.03743528474711271,0.02309444588500154,0.05118675077199938,0.002328574893582569,-0.03482681295737329,0.03494365946026034,0.03280779747270272,0.02294044350479762,0.04040329830944336,,
RECORDED,Bus A to Bus B,Bus A,Bus B,M,CAUSAL,INDUCTIVE_FIXED_TEST,14,False,0,41,7059,12,0,0.0,0.0,0.6136846578835529,0.5731891309914863,0.4530202808791033,0.00176522506619594,0.9829135106570371,0.27638920428645863,0.27251825855394035,0.0670762928827445,0.5413223140495868,0.1193621867881549,242,0.6661938534278959,0.7554959785522788,0.7080402010050251,1865,0.01694915254237288,0.000931098696461825,0.00176522506619594,2148,0.9711103376261747,0.9950071326676176,0.9829135106570371,2804,0.4530202808791033,0.42055112168739456,0.4953893593534618,0.0017652250661959403,0.0,0.00662929542155648,0.08145462510139251,0.03515538445621461,0.13519291338325257,-0.0028622622082140558,-0.013584557979140481,0.005914535531095411,254.0,12.0
RECORDED,Bus A to Bus B,Bus A,Bus B,M,RAW,INDUCTIVE_FIXED_TEST,18,False,0,41,7059,12,0,0.0,0.0,0.4952542853095339,0.43405662733884065,0.3715656557777107,0.004627487274409995,0.9806746310611384,0.16852933068323486,0.22479038837639043,0.030357679591223326,0.41735537190082644,0.05659848697114037,242,0.7208182912154031,0.32117962466487937,0.4443620178041543,1865,0.38461538461538464,0.0023277467411545625,0.004627487274409995,2148,0.9664127423822715,0.9953637660485022,0.9806746310611384,2804,0.3715656557777108,0.34443117665649514,0.40348369337332435,0.004627487274409996,0.0,0.014536475131556604,0.0,0.0,0.0,0.0,0.0,0.0,,
RECORDED,Bus A to Bus B,Bus A,Bus B,M,ZSCORE,INDUCTIVE_FIXED_TEST,18,True,18,41,7059,12,6262,104.36666666666666,197.27287666666666,0.5762855928601784,0.5015162816617891,0.4305417189586357,0.6404251131666995,0.8713256764648628,0.28361373312322663,0.5144950766418612,0.06610995128740431,0.3925619834710744,0.11316259678379988,242,0.30337078651685395,0.057908847184986595,0.09725348941918055,1865,0.5547221275144902,0.7574487895716946,0.6404251131666995,2148,0.9592798971281612,0.7981455064194009,0.8713256764648628,2804,0.43054171895863563,0.3708126337479339,0.4902923718161323,0.6404251131666994,0.3977857462950834,0.7690715320050079,0.058976063180924854,-0.02494758743390809,0.13407299687607124,0.6357976258922894,0.3977857462950834,0.7659894113439335,,
RECORDED,Bus A to Bus B,Bus A,Bus B,M,QUANTILE,INDUCTIVE_FIXED_TEST,18,True,18,41,7059,12,6262,104.36666666666666,197.27287666666666,0.6112763847570477,0.5355676062092343,0.4258643228747625,0.0,0.9660126138752628,0.24581489254126235,0.25551859372485747,0.10022271714922049,0.371900826446281,0.15789473684210525,242,0.4586066854108091,0.7871313672922252,0.5795499407816818,1865,0.0,0.0,0.0,2148,0.9493801652892562,0.9832382310984308,0.9660126138752628,2804,0.4258643228747625,0.3770342014359203,0.5331199931353794,0.0,0.0,0.0,0.05429866709705172,-0.005878541973105051,0.1862402572888014,-0.004627487274409996,-0.014603262409433732,0.0,,
RECORDED,Bus A to Bus B,Bus A,Bus B,M,CORAL,INDUCTIVE_FIXED_TEST,18,True,18,41,7059,12,6262,104.36666666666666,197.27287666666666,0.5306700665816688,0.46716199589907564,0.4046739925240386,0.0,0.9515991106550368,0.22236561981370587,0.24280439551442312,0.03342245989304813,0.4132231404958678,0.06184291898577613,242,0.8727272727272727,0.46327077747989276,0.6052539404553415,1865,0.0,0.0,0.0,2148,0.914229378902399,0.9921540656205421,0.9515991106550368,2804,0.4046739925240386,0.38036138416939536,0.43520950297699484,0.0,0.0,0.0,0.03310833674632779,-0.012362903898486764,0.07692511012244711,-0.004627487274409996,-0.014242967920421281,0.0,,
RECORDED,Bus A to Bus B,Bus A,Bus B,M,CAUSAL,INDUCTIVE_FIXED_TEST,18,False,0,41,7059,12,0,0.0,0.0,0.6136846578835529,0.5731891309914863,0.4530202808791033,0.00176522506619594,0.9829135106570371,0.27638920428645863,0.27251825855394035,0.0670762928827445,0.5413223140495868,0.1193621867881549,242,0.6661938534278959,0.7554959785522788,0.7080402010050251,1865,0.01694915254237288,0.000931098696461825,0.00176522506619594,2148,0.9711103376261747,0.9950071326676176,0.9829135106570371,2804,0.4530202808791033,0.42055112168739456,0.4953893593534618,0.0017652250661959403,0.0,0.00662929542155648,0.08145462510139251,0.03515538445621461,0.13519291338325257,-0.0028622622082140558,-0.013584557979140481,0.005914535531095411,254.0,12.0
RECORDED,Bus A to Bus B,Bus A,Bus B,G,RAW,INDUCTIVE_FIXED_TEST,1,False,0,42,7059,12,0,0.0,0.0,0.6177928885111206,0.6059295252567581,0.472035371799762,0.12949039264828738,0.9950035688793719,0.29771263943989207,0.33501738013917215,0.10751295336787564,0.6859504132231405,0.1858902575587906,242,0.5070878898339408,0.671313672922252,0.5777572681125981,1865,0.6300813008130082,0.07216014897579143,0.12949039264828738,2148,0.9957142857142857,0.9942938659058488,0.9950035688793719,2804,0.47203537179976196,0.4257622794834188,0.5573705412881543,0.12949039264828735,0.0,0.29740951472773214,0.0,0.0,0.0,0.0,0.0,0.0,,
RECORDED,Bus A to Bus B,Bus A,Bus B,G,ZSCORE,INDUCTIVE_FIXED_TEST,1,True,1,42,7059,12,81,1.35,4.197950277777777,0.40841478963025923,0.3422918751499175,0.255227992957689,0.0,0.5337503257753453,0.16238721535180356,0.1531367957746134,0.5,0.008264462809917356,0.016260162601626018,242,0.3083693125207572,0.995710455764075,0.4709014834537847,1865,0.0,0.0,0.0,2148,0.9912875121006777,0.3651925820256776,0.5337503257753453,2804,0.255227992957689,0.2272034690206412,0.27985925658947564,0.0,0.0,0.0,-0.21680737884207296,-0.3062814425160108,-0.16738432725248023,-0.12949039264828735,-0.3063568402795151,0.0,,
RECORDED,Bus A to Bus B,Bus A,Bus B,G,QUANTILE,INDUCTIVE_FIXED_TEST,1,True,1,42,7059,12,81,1.35,4.197950277777777,0.5037540728148463,0.514027402532311,0.35223244448944335,0.022988505747126436,0.8789589212919411,0.17665695222194408,0.2205348689925166,0.0778110303548525,0.7520661157024794,0.14103060829135994,242,0.4879356568364611,0.2927613941018767,0.36595174262734587,1865,0.9259259259259259,0.011638733705772812,0.022988505747126436,2148,0.7842753217683268,0.9996433666191156,0.8789589212919411,2804,0.3522324444894433,0.30739682937768253,0.42076072050305535,0.022988505747126436,0.0,0.08618654073199528,-0.11980292731031866,-0.1702257663975221,-0.08042493054732033,-0.10650188690116091,-0.2252239460514139,0.0,,
RECORDED,Bus A to Bus B,Bus A,Bus B,G,CORAL,INDUCTIVE_FIXED_TEST,1,True,1,42,7059,12,81,1.35,4.197950277777777,0.5741606459838504,0.4310897656642203,0.3542243507038756,0.0,0.8452417148069322,0.1905518960028567,0.21253461042232535,0.04093567251461988,0.05785123966942149,0.04794520547945205,242,0.42779476724430854,0.6750670241286864,0.5237104825291181,1865,0.0,0.0,0.0,2148,0.7366189719130896,0.9914407988587732,0.8452417148069322,2804,0.3542243507038756,0.3362411681506835,0.3730753499509988,0.0,0.0,0.0,-0.11781102109588637,-0.19597498376405895,-0.07581193950467299,-0.12949039264828735,-0.2913919904010513,0.0,,
RECORDED,Bus A to Bus B,Bus A,Bus B,G,CAUSAL,INDUCTIVE_FIXED_TEST,1,False,0,42,7059,12,0,0.0,0.0,0.6170845728856779,0.6082001709515165,0.48522737018239875,0.17602318000724376,0.9953588004284184,0.3151835601003922,0.3615456941123367,0.13083397092578425,0.7066115702479339,0.2207876049063912,242,0.4929517300299017,0.6187667560321716,0.5487398953875416,1865,0.3964110929853181,0.11312849162011174,0.17602318000724376,2148,0.9964260185847034,0.9942938659058488,0.9953588004284184,2804,0.4852273701823988,0.43192330384426264,0.5741072378728118,0.1760231800072438,0.0,0.3742690159697218,0.01319199838263685,-0.021591489755086832,0.04323835095587971,0.04653278735895644,0.0,0.08079030633401282,254.0,12.0
RECORDED,Bus A to Bus B,Bus A,Bus B,G,RAW,INDUCTIVE_FIXED_TEST,3,False,0,42,7059,12,0,0.0,0.0,0.6177928885111206,0.6059295252567581,0.472035371799762,0.12949039264828738,0.9950035688793719,0.29771263943989207,0.33501738013917215,0.10751295336787564,0.6859504132231405,0.1858902575587906,242,0.5070878898339408,0.671313672922252,0.5777572681125981,1865,0.6300813008130082,0.07216014897579143,0.12949039264828738,2148,0.9957142857142857,0.9942938659058488,0.9950035688793719,2804,0.47203537179976196,0.4257622794834188,0.5573705412881543,0.12949039264828735,0.0,0.29740951472773214,0.0,0.0,0.0,0.0,0.0,0.0,,
RECORDED,Bus A to Bus B,Bus A,Bus B,G,ZSCORE,INDUCTIVE_FIXED_TEST,3,True,3,42,7059,12,210,3.5,24.16194833333333,0.2959342683099589,0.2707358091869416,0.14651497284669837,0.0,0.14948962792229173,0.14552342115483394,0.08790898370801901,0.3333333333333333,0.004132231404958678,0.00816326530612245,242,0.2727539205628023,0.9978552278820375,0.42840699815837935,1865,0.0,0.0,0.0,2148,0.9742489270386266,0.08095577746077033,0.14948962792229173,2804,0.1465149728466984,0.11594687847135375,0.1701400594607923,0.0,0.0,0.0,-0.32552039895306356,-0.4057355904684796,-0.2851556966106744,-0.12949039264828735,-0.30815891484946123,0.0,,
RECORDED,Bus A to Bus B,Bus A,Bus B,G,QUANTILE,INDUCTIVE_FIXED_TEST,3,True,3,42,7059,12,210,3.5,24.16194833333333,0.608726448505454,0.5964879100057536,0.4888058076342382,0.012003693444136657,0.8804774619129888,0.3582485895413214,0.2980849619581976,0.44054054054054054,0.6735537190082644,0.5326797385620915,242,0.4240669240669241,0.7067024128686327,0.5300623366177357,1865,0.7222222222222222,0.006052141527001862,0.012003693444136657,2148,0.7866966039854055,0.9996433666191156,0.8804774619129888,2804,0.4888058076342382,0.4388814508808358,0.5378366756334599,0.012003693444136656,0.0,0.037072222098039655,0.01677043583447624,-0.04003439515021669,0.047872451556354,-0.1174866992041507,-0.2605763541210405,0.0,,
RECORDED,Bus A to Bus B,Bus A,Bus B,G,CORAL,INDUCTIVE_FIXED_TEST,3,True,3,42,7059,12,210,3.5,24.16194833333333,0.6179345516362091,0.46185723180242083,0.375772601000647,0.0,0.9458446866485014,0.18574857245136223,0.2254635606003882,0.6666666666666666,0.008264462809917356,0.0163265306122449,242,0.3969408224674022,0.8487935656836462,0.5409191867418418,1865,0.0,0.0,0.0,2148,0.9051499348109517,0.9903708987161198,0.9458446866485014,2804,0.375772601000647,0.35372795690924663,0.3923867709958597,0.0,0.0,0.0,-0.09626277079911494,-0.1816944758987982,-0.04918934682914496,-0.12949039264828735,-0.3151095205635083,0.0,,
RECORDED,Bus A to Bus B,Bus A,Bus B,G,CAUSAL,INDUCTIVE_FIXED_TEST,3,False,0,42,7059,12,0,0.0,0.0,0.6170845728856779,0.6082001709515165,0.48522737018239875,0.17602318000724376,0.9953588004284184,0.3151835601003922,0.3615456941123367,0.13083397092578425,0.7066115702479339,0.2207876049063912,242,0.4929517300299017,0.6187667560321716,0.5487398953875416,1865,0.3964110929853181,0.11312849162011174,0.17602318000724376,2148,0.9964260185847034,0.9942938659058488,0.9953588004284184,2804,0.4852273701823988,0.43192330384426264,0.5741072378728118,0.1760231800072438,0.0,0.3742690159697218,0.01319199838263685,-0.021591489755086832,0.04323835095587971,0.04653278735895644,0.0,0.08079030633401282,254.0,12.0
RECORDED,Bus A to Bus B,Bus A,Bus B,G,RAW,INDUCTIVE_FIXED_TEST,7,False,0,42,7059,12,0,0.0,0.0,0.6177928885111206,0.6059295252567581,0.472035371799762,0.12949039264828738,0.9950035688793719,0.29771263943989207,0.33501738013917215,0.10751295336787564,0.6859504132231405,0.1858902575587906,242,0.5070878898339408,0.671313672922252,0.5777572681125981,1865,0.6300813008130082,0.07216014897579143,0.12949039264828738,2148,0.9957142857142857,0.9942938659058488,0.9950035688793719,2804,0.47203537179976196,0.4257622794834188,0.5573705412881543,0.12949039264828735,0.0,0.29740951472773214,0.0,0.0,0.0,0.0,0.0,0.0,,
RECORDED,Bus A to Bus B,Bus A,Bus B,G,ZSCORE,INDUCTIVE_FIXED_TEST,7,True,7,42,7059,12,1334,22.233333333333334,63.876666666666665,0.4143646408839779,0.3490926737280176,0.2654288831524433,0.0,0.5479026411185914,0.17127096383039395,0.15925732989146596,0.5555555555555556,0.02066115702479339,0.0398406374501992,242,0.3107476635514019,0.9983914209115281,0.4739722540409826,1865,0.0,0.0,0.0,2148,1.0,0.3773181169757489,0.5479026411185914,2804,0.2654288831524433,0.22662226685623293,0.29267103766908514,0.0,0.0,0.0,-0.20660648864731868,-0.3065143782881826,-0.15255614290253963,-0.12949039264828735,-0.3023750733947807,0.0,,
RECORDED,Bus A to Bus B,Bus A,Bus B,G,QUANTILE,INDUCTIVE_FIXED_TEST,7,True,7,42,7059,12,1334,22.233333333333334,63.876666666666665,0.6090097747556311,0.4904618516490412,0.43917815423458945,0.11945250933222729,0.9689395331740489,0.2625910279214363,0.31128789627364456,0.03231151615575808,0.16115702479338842,0.053830227743271224,242,0.5013550135501355,0.7935656836461126,0.6144903466888104,1865,0.5475285171102662,0.0670391061452514,0.11945250933222729,2148,0.999620781190747,0.9400855920114123,0.9689395331740489,2804,0.43917815423458945,0.3932435717460177,0.5105652784388446,0.11945250933222727,0.0,0.3316666666666664,-0.032857217565172514,-0.09530956002895384,0.006357499925947077,-0.010037883316060078,-0.10308280230580989,0.08053887047393532,,
RECORDED,Bus A to Bus B,Bus A,Bus B,G,CORAL,INDUCTIVE_FIXED_TEST,7,True,7,42,7059,12,1334,22.233333333333334,63.876666666666665,0.6312508853945318,0.4757146855356935,0.3864527190231714,0.0,0.9620297462817148,0.1945937099369903,0.23187163141390282,1.0,0.008264462809917356,0.01639344262295082,242,0.41133896260554886,0.9142091152815014,0.56738768718802,1865,0.0,0.0,0.0,2148,0.9443490209549983,0.9803851640513552,0.9620297462817148,2804,0.38645271902317135,0.3645913755865056,0.40184998971394886,0.0,0.0,0.0,-0.0855826527765906,-0.1762811371923228,-0.041067407307473575,-0.12949039264828735,-0.3046795040283412,0.0,,
RECORDED,Bus A to Bus B,Bus A,Bus B,G,CAUSAL,INDUCTIVE_FIXED_TEST,7,False,0,42,7059,12,0,0.0,0.0,0.6170845728856779,0.6082001709515165,0.48522737018239875,0.17602318000724376,0.9953588004284184,0.3151835601003922,0.3615456941123367,0.13083397092578425,0.7066115702479339,0.2207876049063912,242,0.4929517300299017,0.6187667560321716,0.5487398953875416,1865,0.3964110929853181,0.11312849162011174,0.17602318000724376,2148,0.9964260185847034,0.9942938659058488,0.9953588004284184,2804,0.4852273701823988,0.43192330384426264,0.5741072378728118,0.1760231800072438,0.0,0.3742690159697218,0.01319199838263685,-0.021591489755086832,0.04323835095587971,0.04653278735895644,0.0,0.08079030633401282,254.0,12.0
RECORDED,Bus A to Bus B,Bus A,Bus B,G,RAW,INDUCTIVE_FIXED_TEST,14,False,0,42,7059,12,0,0.0,0.0,0.6177928885111206,0.6059295252567581,0.472035371799762,0.12949039264828738,0.9950035688793719,0.29771263943989207,0.33501738013917215,0.10751295336787564,0.6859504132231405,0.1858902575587906,242,0.5070878898339408,0.671313672922252,0.5777572681125981,1865,0.6300813008130082,0.07216014897579143,0.12949039264828738,2148,0.9957142857142857,0.9942938659058488,0.9950035688793719,2804,0.47203537179976196,0.4257622794834188,0.5573705412881543,0.12949039264828735,0.0,0.29740951472773214,0.0,0.0,0.0,0.0,0.0,0.0,,
RECORDED,Bus A to Bus B,Bus A,Bus B,G,ZSCORE,INDUCTIVE_FIXED_TEST,14,True,14,42,7059,12,4438,73.96666666666667,152.33323388888888,0.6447088822779431,0.49316634481451604,0.4032931832184007,0.0,0.9781153915717128,0.21168578043396327,0.2419759099310404,0.625,0.02066115702479339,0.04,242,0.42579750346740636,0.9876675603217158,0.5950573413018898,1865,0.0,0.0,0.0,2148,0.9922935779816514,0.9643366619115549,0.9781153915717128,2804,0.4032931832184007,0.3781839833179763,0.4204997336331891,0.0,0.0,0.0,-0.06874218858136127,-0.15469347247100323,-0.02808499349534835,-0.12949039264828735,-0.31167978492273674,0.0,,
RECORDED,Bus A to Bus B,Bus A,Bus B,G,QUANTILE,INDUCTIVE_FIXED_TEST,14,True,14,42,7059,12,4438,73.96666666666667,152.33323388888888,0.4894460971809038,0.44513847396484646,0.359271882874566,0.0026833631484794273,0.9369881330436236,0.16669979948488012,0.21663647498413136,0.03772398616787174,0.49586776859504134,0.07011393514460999,242,0.8657937806873978,0.2836461126005362,0.4273021001615509,1865,0.03409090909090909,0.0013966480446927375,0.0026833631484794273,2148,0.8817238125196603,0.9996433666191156,0.9369881330436236,2804,0.359271882874566,0.32287297849032814,0.4028659233404783,0.0026833631484794278,0.0,0.007752314292165272,-0.11276348892519594,-0.18826992986402935,-0.06305688852634993,-0.12680702949980793,-0.295140284921672,0.0,,
RECORDED,Bus A to Bus B,Bus A,Bus B,G,CORAL,INDUCTIVE_FIXED_TEST,14,True,14,42,7059,12,4438,73.96666666666667,152.33323388888888,0.5989516928743448,0.5007568192888648,0.4064492579121637,0.0,0.9638386648122392,0.22065278894547188,0.2438695547472982,0.0717439293598234,0.26859504132231404,0.1132404181184669,242,0.43400936037441495,0.7458445040214478,0.5487179487179488,1865,0.0,0.0,0.0,2148,0.9402985074626866,0.9885877318116976,0.9638386648122392,2804,0.4064492579121637,0.35748956042828084,0.5204248968294609,0.0,0.0,0.0,-0.06558611388759827,-0.15229449569333758,0.049543325827165585,-0.12949039264828735,-0.31529009725443535,0.0,,
RECORDED,Bus A to Bus B,Bus A,Bus B,G,CAUSAL,INDUCTIVE_FIXED_TEST,14,False,0,42,7059,12,0,0.0,0.0,0.6170845728856779,0.6082001709515165,0.48522737018239875,0.17602318000724376,0.9953588004284184,0.3151835601003922,0.3615456941123367,0.13083397092578425,0.7066115702479339,0.2207876049063912,242,0.4929517300299017,0.6187667560321716,0.5487398953875416,1865,0.3964110929853181,0.11312849162011174,0.17602318000724376,2148,0.9964260185847034,0.9942938659058488,0.9953588004284184,2804,0.4852273701823988,0.43192330384426264,0.5741072378728118,0.1760231800072438,0.0,0.3742690159697218,0.01319199838263685,-0.021591489755086832,0.04323835095587971,0.04653278735895644,0.0,0.08079030633401282,254.0,12.0
RECORDED,Bus A to Bus B,Bus A,Bus B,G,RAW,INDUCTIVE_FIXED_TEST,18,False,0,42,7059,12,0,0.0,0.0,0.6177928885111206,0.6059295252567581,0.472035371799762,0.12949039264828738,0.9950035688793719,0.29771263943989207,0.33501738013917215,0.10751295336787564,0.6859504132231405,0.1858902575587906,242,0.5070878898339408,0.671313672922252,0.5777572681125981,1865,0.6300813008130082,0.07216014897579143,0.12949039264828738,2148,0.9957142857142857,0.9942938659058488,0.9950035688793719,2804,0.47203537179976196,0.4257622794834188,0.5573705412881543,0.12949039264828735,0.0,0.29740951472773214,0.0,0.0,0.0,0.0,0.0,0.0,,
RECORDED,Bus A to Bus B,Bus A,Bus B,G,ZSCORE,INDUCTIVE_FIXED_TEST,18,True,18,42,7059,12,6262,104.36666666666666,197.27287666666666,0.6502337441563961,0.496688410190291,0.40604142614219374,0.0,0.9852676967301474,0.21296600261287588,0.24362485568531622,0.5555555555555556,0.02066115702479339,0.0398406374501992,242,0.4298041044776119,0.9882037533512065,0.5990573703884284,1865,0.0,0.0,0.0,2148,0.9927588703837799,0.9778887303851641,0.9852676967301474,2804,0.40604142614219374,0.3802713429282597,0.4229330589604944,0.0,0.0,0.0,-0.06599394565756822,-0.14521812877232376,-0.02431816601244838,-0.12949039264828735,-0.29992540168324405,0.0,,
RECORDED,Bus A to Bus B,Bus A,Bus B,G,QUANTILE,INDUCTIVE_FIXED_TEST,18,True,18,42,7059,12,6262,104.36666666666666,197.27287666666666,0.47202153279501347,0.4221146770628166,0.35429821354110774,0.011480114801148012,0.9882946155231407,0.14296607954709675,0.21717097404512384,0.033659730722154224,0.45454545454545453,0.06267806267806268,242,0.6178428761651131,0.2487935656836461,0.3547400611620795,1865,0.048109965635738834,0.006517690875232775,0.011480114801148012,2148,0.9981811567842852,0.978601997146933,0.9882946155231407,2804,0.35429821354110774,0.31017462148415825,0.4032908321213139,0.01148011480114801,0.0,0.03157630378912473,-0.11773715825865422,-0.19954823303198413,-0.06371300774519319,-0.11801027784713934,-0.2823287041696198,0.01748667762047889,,
RECORDED,Bus A to Bus B,Bus A,Bus B,G,CORAL,INDUCTIVE_FIXED_TEST,18,True,18,42,7059,12,6262,104.36666666666666,197.27287666666666,0.6097180903810738,0.5100454772553196,0.41399614655459854,0.0,0.9697393737974462,0.22874840414031597,0.24839768793275913,0.07833537331701346,0.2644628099173554,0.12086874409820586,242,0.4411057692307692,0.7871313672922252,0.5653764683227421,1865,0.0,0.0,0.0,2148,0.9515962924819773,0.9885877318116976,0.9697393737974462,2804,0.4139961465545985,0.3721708351311344,0.5015932994211785,0.0,0.0,0.0,-0.05803922524516347,-0.12809921643677397,0.0339998862823826,-0.12949039264828735,-0.29624149718116666,0.0,,
RECORDED,Bus A to Bus B,Bus A,Bus B,G,CAUSAL,INDUCTIVE_FIXED_TEST,18,False,0,42,7059,12,0,0.0,0.0,0.6170845728856779,0.6082001709515165,0.48522737018239875,0.17602318000724376,0.9953588004284184,0.3151835601003922,0.3615456941123367,0.13083397092578425,0.7066115702479339,0.2207876049063912,242,0.4929517300299017,0.6187667560321716,0.5487398953875416,1865,0.3964110929853181,0.11312849162011174,0.17602318000724376,2148,0.9964260185847034,0.9942938659058488,0.9953588004284184,2804,0.4852273701823988,0.43192330384426264,0.5741072378728118,0.1760231800072438,0.0,0.3742690159697218,0.01319199838263685,-0.021591489755086832,0.04323835095587971,0.04653278735895644,0.0,0.08079030633401282,254.0,12.0
RECORDED,Bus A to Bus B,Bus A,Bus B,A+M,RAW,INDUCTIVE_FIXED_TEST,1,False,0,95,7059,12,0,0.0,0.0,0.7107238985692025,0.7419520010057139,0.6057006433561059,0.5104546963159642,0.9764356781288183,0.48212229843186843,0.5676022645400491,0.16066481994459833,0.9586776859504132,0.2752075919335706,242,0.667945205479452,0.6536193029490617,0.6607046070460705,1865,0.8890173410404625,0.3580074487895717,0.5104546963159642,2148,0.9562393162393162,0.9975035663338089,0.9764356781288183,2804,0.6057006433561059,0.49156861007052965,0.7463491300644893,0.5104546963159642,0.10520008544157493,0.7969930423072606,0.0,0.0,0.0,0.0,0.0,0.0,,
RECORDED,Bus A to Bus B,Bus A,Bus B,A+M,ZSCORE,INDUCTIVE_FIXED_TEST,1,True,1,95,7059,12,81,1.35,4.197950277777777,0.3973650658733532,0.2501340482573727,0.1424868968225812,0.0,0.5688780685737472,0.00035650623885918,0.08549213809354872,0.0,0.0,0.0,242,0.2,0.0005361930294906167,0.0010695187165775401,1865,0.0,0.0,0.0,2148,0.39750496172384464,1.0,0.5688780685737472,2804,0.1424868968225812,0.1333315447087123,0.1524717874697168,0.0,0.0,0.0,-0.46321374653352465,-0.597580055585208,-0.3476384250455206,-0.5104546963159642,-0.7833121312036183,-0.11199843447945447,,
RECORDED,Bus A to Bus B,Bus A,Bus B,A+M,QUANTILE,INDUCTIVE_FIXED_TEST,1,True,1,95,7059,12,81,1.35,4.197950277777777,0.45431364215894604,0.31211253406598277,0.24526262273522859,0.0,0.6308921138485769,0.11671945903077913,0.14715757364113716,1.0,0.0371900826446281,0.07171314741035857,242,0.4082901554404145,0.21126005361930295,0.2784452296819788,1865,0.0,0.0,0.0,2148,0.4608052588331964,1.0,0.6308921138485769,2804,0.24526262273522856,0.2037056639863997,0.29579057139491527,0.0,0.0,0.0,-0.36043802062087726,-0.48126311780167214,-0.25328570841629927,-0.5104546963159642,-0.7714283917869924,-0.12534392770896685,,
RECORDED,Bus A to Bus B,Bus A,Bus B,A+M,CORAL,INDUCTIVE_FIXED_TEST,1,True,1,95,7059,12,81,1.35,4.197950277777777,0.5625442697265902,0.43734407076067694,0.37085538354850056,0.031121281464530894,0.8733447577504284,0.2033589254811913,0.23496174271491269,0.13725490196078433,0.1446280991735537,0.14084507042253522,242,0.34866751269035534,0.5892761394101876,0.4381104245565079,1865,0.918918918918919,0.015828677839851025,0.031121281464530894,2148,0.7753803596127248,0.9996433666191156,0.8733447577504284,2804,0.37085538354850056,0.31614391405343134,0.43638383758709093,0.031121281464530897,0.0,0.08970976253298153,-0.2348452598076053,-0.4018587972865612,-0.09883718892253321,-0.47933341485143327,-0.785954785954786,-0.0512848366881675,,
RECORDED,Bus A to Bus B,Bus A,Bus B,A+M,CAUSAL,INDUCTIVE_FIXED_TEST,1,False,0,95,7059,12,0,0.0,0.0,0.793596826745998,0.7447368318699009,0.6769851956339794,0.6866187050359712,0.9810326659641728,0.5756360388572483,0.6808385993947761,0.1471698113207547,0.6446280991735537,0.23963133640552994,242,0.819304152637486,0.7828418230563002,0.800658075130244,1865,0.8990203466465713,0.5554003724394786,0.6866187050359712,2148,0.9664359861591696,0.996077032810271,0.9810326659641728,2804,0.6769851956339794,0.6127541626040215,0.7738635322700705,0.6866187050359712,0.5634227982627548,0.8217471874027902,0.07128455227787356,-0.03819699518749638,0.18204184631316828,0.17616400872000704,-0.09354542660143436,0.5313761790000103,254.0,12.0
RECORDED,Bus A to Bus B,Bus A,Bus B,A+M,RAW,INDUCTIVE_FIXED_TEST,3,False,0,95,7059,12,0,0.0,0.0,0.7107238985692025,0.7419520010057139,0.6057006433561059,0.5104546963159642,0.9764356781288183,0.48212229843186843,0.5676022645400491,0.16066481994459833,0.9586776859504132,0.2752075919335706,242,0.667945205479452,0.6536193029490617,0.6607046070460705,1865,0.8890173410404625,0.3580074487895717,0.5104546963159642,2148,0.9562393162393162,0.9975035663338089,0.9764356781288183,2804,0.6057006433561059,0.49156861007052965,0.7463491300644893,0.5104546963159642,0.10520008544157493,0.7969930423072606,0.0,0.0,0.0,0.0,0.0,0.0,,
RECORDED,Bus A to Bus B,Bus A,Bus B,A+M,ZSCORE,INDUCTIVE_FIXED_TEST,3,True,3,95,7059,12,210,3.5,24.16194833333333,0.4021816121263635,0.25473657892019447,0.15308930222563782,0.0,0.5763931729385153,0.01198801198801199,0.0918535813353827,0.0,0.0,0.0,242,0.26277372262773724,0.0193029490616622,0.03596403596403597,1865,0.0,0.0,0.0,2148,0.40494076856399885,0.9996433666191156,0.5763931729385153,2804,0.15308930222563782,0.14171370732306435,0.16306333760945374,0.0,0.0,0.0,-0.452611341130468,-0.5926619727055332,-0.3376040779461634,-0.5104546963159642,-0.7723214285714286,-0.11032718849531967,,
RECORDED,Bus A to Bus B,Bus A,Bus B,A+M,QUANTILE,INDUCTIVE_FIXED_TEST,3,True,3,95,7059,12,210,3.5,24.16194833333333,0.5633942484771214,0.44773892753429057,0.3993216213796914,0.0,0.8836696090794451,0.23787229214644015,0.23959297282781483,0.6428571428571429,0.1859504132231405,0.28846153846153844,242,0.3276262333139872,0.6053619302949061,0.425155337977782,1865,0.0,0.0,0.0,2148,0.7918079096045197,0.9996433666191156,0.8836696090794451,2804,0.39932162137969135,0.336562984346017,0.4760748852334863,0.0,0.0,0.0,-0.2063790219764145,-0.37109199497461115,-0.05904314043041837,-0.5104546963159642,-0.7981026205226242,-0.10526315789473684,,
RECORDED,Bus A to Bus B,Bus A,Bus B,A+M,CORAL,INDUCTIVE_FIXED_TEST,3,True,3,95,7059,12,210,3.5,24.16194833333333,0.5531945034707466,0.5955039117544901,0.42088718800322444,0.0,0.8957467220978573,0.26260067663834685,0.25253231280193467,0.08133086876155268,0.9090909090909091,0.1493043773328809,242,0.9778761061946902,0.4739946380697051,0.6384976525821596,1865,0.0,0.0,0.0,2148,0.8118840579710145,0.9989300998573466,0.8957467220978573,2804,0.42088718800322444,0.3783202327890562,0.4721329999883316,0.0,0.0,0.0,-0.1848134553528814,-0.31994102473352104,-0.06957427023929151,-0.5104546963159642,-0.7815994773080442,-0.11391242035957083,,
RECORDED,Bus A to Bus B,Bus A,Bus B,A+M,CAUSAL,INDUCTIVE_FIXED_TEST,3,False,0,95,7059,12,0,0.0,0.0,0.793596826745998,0.7447368318699009,0.6769851956339794,0.6866187050359712,0.9810326659641728,0.5756360388572483,0.6808385993947761,0.1471698113207547,0.6446280991735537,0.23963133640552994,242,0.819304152637486,0.7828418230563002,0.800658075130244,1865,0.8990203466465713,0.5554003724394786,0.6866187050359712,2148,0.9664359861591696,0.996077032810271,0.9810326659641728,2804,0.6769851956339794,0.6127541626040215,0.7738635322700705,0.6866187050359712,0.5634227982627548,0.8217471874027902,0.07128455227787356,-0.03819699518749638,0.18204184631316828,0.17616400872000704,-0.09354542660143436,0.5313761790000103,254.0,12.0
RECORDED,Bus A to Bus B,Bus A,Bus B,A+M,RAW,INDUCTIVE_FIXED_TEST,7,False,0,95,7059,12,0,0.0,0.0,0.7107238985692025,0.7419520010057139,0.6057006433561059,0.5104546963159642,0.9764356781288183,0.48212229843186843,0.5676022645400491,0.16066481994459833,0.9586776859504132,0.2752075919335706,242,0.667945205479452,0.6536193029490617,0.6607046070460705,1865,0.8890173410404625,0.3580074487895717,0.5104546963159642,2148,0.9562393162393162,0.9975035663338089,0.9764356781288183,2804,0.6057006433561059,0.49156861007052965,0.7463491300644893,0.5104546963159642,0.10520008544157493,0.7969930423072606,0.0,0.0,0.0,0.0,0.0,0.0,,
RECORDED,Bus A to Bus B,Bus A,Bus B,A+M,ZSCORE,INDUCTIVE_FIXED_TEST,7,True,7,95,7059,12,1334,22.233333333333334,63.876666666666665,0.6500920810313076,0.5105818188392506,0.42634344335075514,0.0,0.9822214398873438,0.2410507778385589,0.2558060660104531,0.17164179104477612,0.09504132231404959,0.12234042553191489,242,0.43884358784284655,0.9522788203753351,0.6008119079837618,1865,0.0,0.0,0.0,2148,0.9697601668404588,0.9950071326676176,0.9822214398873438,2804,0.42634344335075514,0.3815504461161323,0.503990307253747,0.0,0.0,0.0,-0.17935720000535071,-0.3259761852460344,-0.03473836440263528,-0.5104546963159642,-0.7820563715760224,-0.09554292236123581,,
RECORDED,Bus A to Bus B,Bus A,Bus B,A+M,QUANTILE,INDUCTIVE_FIXED_TEST,7,True,7,95,7059,12,1334,22.233333333333334,63.876666666666665,0.8695282617934552,0.7733252528815874,0.771196260724758,0.8765695332859512,0.9558605341246291,0.709641502924801,0.8133455697492353,0.4583333333333333,0.45454545454545453,0.45643153526970953,242,0.741890639481001,0.8584450402144772,0.7959234402187423,1865,0.8924264351181862,0.861266294227188,0.8765695332859512,2148,0.9957496136012365,0.9190442225392297,0.9558605341246291,2804,0.771196260724758,0.6608582048535036,0.8556798793164762,0.8765695332859512,0.696611711716835,0.9591151272889209,0.16549561736865215,0.014846375959564272,0.273587811908919,0.36611483696998703,0.09419842480314734,0.6827281662896454,,
RECORDED,Bus A to Bus B,Bus A,Bus B,A+M,CORAL,INDUCTIVE_FIXED_TEST,7,True,7,95,7059,12,1334,22.233333333333334,63.876666666666665,0.6581668791613543,0.5981279412444211,0.5234710864984582,0.214787277984304,0.9640762463343109,0.3766026998865073,0.39999756309279655,0.05552725420275089,0.45041322314049587,0.09886621315192744,242,0.7586365730078305,0.8831099195710456,0.8161546085232904,1865,0.9523809523809523,0.12104283054003724,0.214787277984304,2148,0.9917043740573153,0.9379457917261056,0.9640762463343109,2804,0.5234710864984582,0.4548556131495613,0.6011739471428268,0.214787277984304,0.0,0.5148770234166272,-0.08222955685764766,-0.26200173158202833,0.08573039213833299,-0.2956674183316602,-0.7715968586387434,0.29583125808251376,,
RECORDED,Bus A to Bus B,Bus A,Bus B,A+M,CAUSAL,INDUCTIVE_FIXED_TEST,7,False,0,95,7059,12,0,0.0,0.0,0.793596826745998,0.7447368318699009,0.6769851956339794,0.6866187050359712,0.9810326659641728,0.5756360388572483,0.6808385993947761,0.1471698113207547,0.6446280991735537,0.23963133640552994,242,0.819304152637486,0.7828418230563002,0.800658075130244,1865,0.8990203466465713,0.5554003724394786,0.6866187050359712,2148,0.9664359861591696,0.996077032810271,0.9810326659641728,2804,0.6769851956339794,0.6127541626040215,0.7738635322700705,0.6866187050359712,0.5634227982627548,0.8217471874027902,0.07128455227787356,-0.03819699518749638,0.18204184631316828,0.17616400872000704,-0.09354542660143436,0.5313761790000103,254.0,12.0
RECORDED,Bus A to Bus B,Bus A,Bus B,A+M,RAW,INDUCTIVE_FIXED_TEST,14,False,0,95,7059,12,0,0.0,0.0,0.7107238985692025,0.7419520010057139,0.6057006433561059,0.5104546963159642,0.9764356781288183,0.48212229843186843,0.5676022645400491,0.16066481994459833,0.9586776859504132,0.2752075919335706,242,0.667945205479452,0.6536193029490617,0.6607046070460705,1865,0.8890173410404625,0.3580074487895717,0.5104546963159642,2148,0.9562393162393162,0.9975035663338089,0.9764356781288183,2804,0.6057006433561059,0.49156861007052965,0.7463491300644893,0.5104546963159642,0.10520008544157493,0.7969930423072606,0.0,0.0,0.0,0.0,0.0,0.0,,
RECORDED,Bus A to Bus B,Bus A,Bus B,A+M,ZSCORE,INDUCTIVE_FIXED_TEST,14,True,14,95,7059,12,4438,73.96666666666667,152.33323388888888,0.6187845303867403,0.4804552720774338,0.4215902339262129,0.002531645569620253,0.9715475364330326,0.23827113309060635,0.25396679858357585,0.9583333333333334,0.09504132231404959,0.17293233082706766,242,0.40020763041785623,0.8268096514745308,0.5393494228751312,1865,0.013513513513513514,0.0013966480446927375,0.002531645569620253,2148,0.9459459459459459,0.9985734664764622,0.9715475364330326,2804,0.4215902339262129,0.37019810013055027,0.5076334399883868,0.002531645569620253,0.0,0.010601961235285501,-0.18411040942989293,-0.343587361607438,-0.030676733858654083,-0.5079230507463439,-0.7805693739550518,-0.10520362571826011,,
RECORDED,Bus A to Bus B,Bus A,Bus B,A+M,QUANTILE,INDUCTIVE_FIXED_TEST,14,True,14,95,7059,12,4438,73.96666666666667,152.33323388888888,0.7284317892052699,0.6234817664694754,0.5889195003648606,0.438179347826087,0.9858600322176481,0.4566059897472649,0.5286234393493512,0.22916666666666666,0.3181818181818182,0.2664359861591695,242,0.5298982188295165,0.8932975871313673,0.6652026352565382,1865,0.8103015075376885,0.30027932960893855,0.438179347826087,2148,0.9895795903701042,0.9821683309557775,0.9858600322176481,2804,0.5889195003648607,0.5003783972911023,0.6740060942752482,0.438179347826087,0.18941084384851725,0.6686711765756046,-0.016781142991245113,-0.19985801300580688,0.1599081947731297,-0.07227534848987721,-0.5340094364049478,0.4905397126825308,,
RECORDED,Bus A to Bus B,Bus A,Bus B,A+M,CORAL,INDUCTIVE_FIXED_TEST,14,True,14,95,7059,12,4438,73.96666666666667,152.33323388888888,0.8251877036407423,0.6676305065669791,0.6579340596551069,0.8786437874715732,0.9678244972577696,0.554637247120886,0.7462179507816935,0.09213051823416507,0.19834710743801653,0.1258191349934469,242,0.849535080304311,0.5388739946380697,0.6594488188976378,1865,0.7902566009669022,0.9892923649906891,0.8786437874715732,2148,0.9928732183045762,0.9440085592011412,0.9678244972577696,2804,0.6579340596551069,0.6123862102264321,0.7014300887582412,0.8786437874715733,0.8027503758706392,0.9215956724882651,0.05223341629900102,-0.07512833465564876,0.15352966855227765,0.36818909115560916,0.09780968999227822,0.7084180142712646,,
RECORDED,Bus A to Bus B,Bus A,Bus B,A+M,CAUSAL,INDUCTIVE_FIXED_TEST,14,False,0,95,7059,12,0,0.0,0.0,0.793596826745998,0.7447368318699009,0.6769851956339794,0.6866187050359712,0.9810326659641728,0.5756360388572483,0.6808385993947761,0.1471698113207547,0.6446280991735537,0.23963133640552994,242,0.819304152637486,0.7828418230563002,0.800658075130244,1865,0.8990203466465713,0.5554003724394786,0.6866187050359712,2148,0.9664359861591696,0.996077032810271,0.9810326659641728,2804,0.6769851956339794,0.6127541626040215,0.7738635322700705,0.6866187050359712,0.5634227982627548,0.8217471874027902,0.07128455227787356,-0.03819699518749638,0.18204184631316828,0.17616400872000704,-0.09354542660143436,0.5313761790000103,254.0,12.0
RECORDED,Bus A to Bus B,Bus A,Bus B,A+M,RAW,INDUCTIVE_FIXED_TEST,18,False,0,95,7059,12,0,0.0,0.0,0.7107238985692025,0.7419520010057139,0.6057006433561059,0.5104546963159642,0.9764356781288183,0.48212229843186843,0.5676022645400491,0.16066481994459833,0.9586776859504132,0.2752075919335706,242,0.667945205479452,0.6536193029490617,0.6607046070460705,1865,0.8890173410404625,0.3580074487895717,0.5104546963159642,2148,0.9562393162393162,0.9975035663338089,0.9764356781288183,2804,0.6057006433561059,0.49156861007052965,0.7463491300644893,0.5104546963159642,0.10520008544157493,0.7969930423072606,0.0,0.0,0.0,0.0,0.0,0.0,,
RECORDED,Bus A to Bus B,Bus A,Bus B,A+M,ZSCORE,INDUCTIVE_FIXED_TEST,18,True,18,95,7059,12,6262,104.36666666666666,197.27287666666666,0.8825612693016008,0.6970409779366455,0.7072043134544593,0.8629711751662971,0.9798139371599087,0.6163344388859763,0.7695110581391944,0.96,0.09917355371900827,0.1797752808988764,242,0.8257448004496908,0.7876675603217158,0.8062568605927553,1865,0.8238780694326842,0.9059590316573557,0.8629711751662971,2148,0.964742481852748,0.9953637660485022,0.9798139371599087,2804,0.7072043134544593,0.6278874963958498,0.7977155873293169,0.8629711751662972,0.7368395519847483,0.9415035368112782,0.10150367009835348,-0.03628679789602981,0.24183898282152871,0.352516478850333,0.10815016492826121,0.6790855134200775,,
RECORDED,Bus A to Bus B,Bus A,Bus B,A+M,QUANTILE,INDUCTIVE_FIXED_TEST,18,True,18,95,7059,12,6262,104.36666666666666,197.27287666666666,0.8342541436464088,0.7338134786556403,0.7043117772085994,0.8192709660973745,0.9660113907771449,0.6170785726857508,0.7502954527641095,0.12154031287605295,0.41735537190082644,0.18825722273998136,242,0.8555678059536935,0.832171581769437,0.8437075292198967,1865,0.9053521126760563,0.7481378026070763,0.8192709660973745,2148,0.9962106858658583,0.9375891583452212,0.9660113907771449,2804,0.7043117772085993,0.5937669396322436,0.855536647272243,0.8192709660973744,0.5017283455962701,0.9624107198118462,0.09861113385249343,-0.02110260442385789,0.2389556071104106,0.3088162697814102,0.051867863899459535,0.6030139376384631,,
RECORDED,Bus A to Bus B,Bus A,Bus B,A+M,CORAL,INDUCTIVE_FIXED_TEST,18,True,18,95,7059,12,6262,104.36666666666666,197.27287666666666,0.7947301317467064,0.640368553400163,0.6354709746399781,0.8328458002507313,0.9401163882110005,0.5339225034496373,0.7144209048842793,0.07272727272727272,0.1652892561983471,0.10101010101010101,242,0.7959940652818991,0.5753351206434316,0.6679116090880797,1865,0.7554965883244883,0.9278398510242085,0.8328458002507313,2148,0.9924692826000793,0.8930099857346647,0.9401163882110005,2804,0.6354709746399781,0.5876478799674677,0.6727571094971844,0.8328458002507314,0.7046406558234765,0.8928048336405836,0.029770331283872298,-0.10707805108934379,0.13468754097664956,0.3223911039347672,0.033191912144194285,0.6691178164232253,,
RECORDED,Bus A to Bus B,Bus A,Bus B,A+M,CAUSAL,INDUCTIVE_FIXED_TEST,18,False,0,95,7059,12,0,0.0,0.0,0.793596826745998,0.7447368318699009,0.6769851956339794,0.6866187050359712,0.9810326659641728,0.5756360388572483,0.6808385993947761,0.1471698113207547,0.6446280991735537,0.23963133640552994,242,0.819304152637486,0.7828418230563002,0.800658075130244,1865,0.8990203466465713,0.5554003724394786,0.6866187050359712,2148,0.9664359861591696,0.996077032810271,0.9810326659641728,2804,0.6769851956339794,0.6127541626040215,0.7738635322700705,0.6866187050359712,0.5634227982627548,0.8217471874027902,0.07128455227787356,-0.03819699518749638,0.18204184631316828,0.17616400872000704,-0.09354542660143436,0.5313761790000103,254.0,12.0
RECORDED,Bus A to Bus B,Bus A,Bus B,A+G,RAW,INDUCTIVE_FIXED_TEST,1,False,0,96,7059,12,0,0.0,0.0,0.6546253010341408,0.63573596924745,0.5563672705949162,0.35958395245170877,0.9904187366926899,0.411683448562325,0.4776539433376332,0.06958333333333333,0.6900826446280992,0.1264193792581378,242,0.9189399844115355,0.632171581769437,0.7490470139771284,1865,0.8897058823529411,0.22532588454376165,0.35958395245170877,2148,0.9855225988700564,0.9953637660485022,0.9904187366926899,2804,0.5563672705949162,0.4747132048446219,0.641764129442368,0.3595839524517088,0.0,0.6673773987206824,0.0,0.0,0.0,0.0,0.0,0.0,,
RECORDED,Bus A to Bus B,Bus A,Bus B,A+G,ZSCORE,INDUCTIVE_FIXED_TEST,1,True,1,96,7059,12,81,1.35,4.197950277777777,0.3972234027482646,0.25,0.1422195171434368,0.0,0.5688780685737472,0.0,0.08533171028606208,0.0,0.0,0.0,242,0.0,0.0,0.0,1865,0.0,0.0,0.0,2148,0.39750496172384464,1.0,0.5688780685737472,2804,0.1422195171434368,0.1329013671692191,0.1523138779585391,0.0,0.0,0.0,-0.41414775345147936,-0.5006692998092998,-0.332613858709707,-0.3595839524517088,-0.6678602221388323,0.0,,
RECORDED,Bus A to Bus B,Bus A,Bus B,A+G,QUANTILE,INDUCTIVE_FIXED_TEST,1,True,1,96,7059,12,81,1.35,4.197950277777777,0.4649383765405865,0.4579166020428511,0.29367538754839695,0.0,0.7090656214439246,0.15521197624988778,0.17620523252903816,0.1249024199843872,0.6611570247933884,0.21011162179908077,242,0.5096153846153846,0.17050938337801608,0.25552430695058254,1865,0.0,0.0,0.0,2148,0.5492654260528893,1.0,0.7090656214439246,2804,0.293675387548397,0.2450274343432412,0.3670267020909147,0.0,0.0,0.0,-0.2626918830465192,-0.34253141878774607,-0.17510766730042715,-0.3595839524517088,-0.6638128059967057,0.0,,
RECORDED,Bus A to Bus B,Bus A,Bus B,A+G,CORAL,INDUCTIVE_FIXED_TEST,1,True,1,96,7059,12,81,1.35,4.197950277777777,0.3647825471029891,0.3596263209728109,0.3125357412026426,0.5773630343166767,0.1324582338902148,0.3725615769734519,0.41846665844825626,0.11616161616161616,0.19008264462809918,0.14420062695924765,242,0.27281926735478645,0.7227882037533512,0.3961210696444314,1865,0.8168654173764907,0.44646182495344505,0.5773630343166767,2148,0.4051094890510949,0.07917261055634807,0.1324582338902148,2804,0.3125357412026426,0.22455983312715758,0.4044526337635943,0.5773630343166767,0.32265148430217105,0.7204325662208234,-0.2438315293922736,-0.40272912006143896,-0.08688748874855463,0.21777908186496786,-0.31973970491534387,0.6413306012542499,,
RECORDED,Bus A to Bus B,Bus A,Bus B,A+G,CAUSAL,INDUCTIVE_FIXED_TEST,1,False,0,96,7059,12,0,0.0,0.0,0.7632809179770506,0.7557130641869032,0.6637727190386223,0.6111625038544557,0.9912950790548943,0.5545985990331983,0.6427286329649557,0.11680572109654351,0.8099173553719008,0.20416666666666666,242,0.9657768651608487,0.7565683646112601,0.8484666265784726,1865,0.9050228310502283,0.4613594040968343,0.6111625038544557,2148,0.9876106194690265,0.9950071326676176,0.9912950790548943,2804,0.6637727190386223,0.5863321720409744,0.7757956005283712,0.6111625038544558,0.36045448754368753,0.8276699742973916,0.10740544844370614,0.011585969154354567,0.2173670659886561,0.251578551402747,-0.08766450726216504,0.6002192379246473,254.0,12.0
RECORDED,Bus A to Bus B,Bus A,Bus B,A+G,RAW,INDUCTIVE_FIXED_TEST,3,False,0,96,7059,12,0,0.0,0.0,0.6546253010341408,0.63573596924745,0.5563672705949162,0.35958395245170877,0.9904187366926899,0.411683448562325,0.4776539433376332,0.06958333333333333,0.6900826446280992,0.1264193792581378,242,0.9189399844115355,0.632171581769437,0.7490470139771284,1865,0.8897058823529411,0.22532588454376165,0.35958395245170877,2148,0.9855225988700564,0.9953637660485022,0.9904187366926899,2804,0.5563672705949162,0.4747132048446219,0.641764129442368,0.3595839524517088,0.0,0.6673773987206824,0.0,0.0,0.0,0.0,0.0,0.0,,
RECORDED,Bus A to Bus B,Bus A,Bus B,A+G,ZSCORE,INDUCTIVE_FIXED_TEST,3,True,3,96,7059,12,210,3.5,24.16194833333333,0.3984983708740615,0.25125132422850543,0.14715569312441265,0.0,0.5788332472896232,0.00326317506934247,0.08829341587464759,0.0,0.0,0.0,242,0.056179775280898875,0.005361930294906166,0.00978952520802741,1865,0.0,0.0,0.0,2148,0.40735358232815,0.9996433666191156,0.5788332472896232,2804,0.14715569312441265,0.1372414690481838,0.15745809517704878,0.0,0.0,0.0,-0.4092115774705035,-0.4930784975189272,-0.3286373972189269,-0.3595839524517088,-0.6678995050474161,0.0,,
RECORDED,Bus A to Bus B,Bus A,Bus B,A+G,QUANTILE,INDUCTIVE_FIXED_TEST,3,True,3,96,7059,12,210,3.5,24.16194833333333,0.5390281909618926,0.5379048533324933,0.3893698024422951,0.0027675276752767526,0.8906895455989832,0.2222632213900657,0.23472889253548776,0.18729463307776562,0.7066115702479339,0.2961038961038961,242,0.3141122913505311,0.44396782841823057,0.3679182403910242,1865,0.15,0.0013966480446927375,0.0027675276752767526,2148,0.8031518624641834,0.9996433666191156,0.8906895455989832,2804,0.3893698024422951,0.3422743040332202,0.4712369468132123,0.0027675276752767526,0.0,0.011495913892764591,-0.16699746815262112,-0.26711922034522734,-0.036215358486442195,-0.35681642477643205,-0.6506189150785101,0.0,,
RECORDED,Bus A to Bus B,Bus A,Bus B,A+G,CORAL,INDUCTIVE_FIXED_TEST,3,True,3,96,7059,12,210,3.5,24.16194833333333,0.5608443122255277,0.44802308768318383,0.3892746598978797,0.0,0.8839482812992747,0.22438345276408134,0.2335647959387278,0.3404255319148936,0.19834710743801653,0.2506527415143603,242,0.32781065088757394,0.5941018766756032,0.4224976167778837,1865,0.0,0.0,0.0,2148,0.7922555115884681,0.9996433666191156,0.8839482812992747,2804,0.3892746598978797,0.34928124336857264,0.4352979126850571,0.0,0.0,0.0,-0.16709261069703651,-0.2690115926413008,-0.0784643949852419,-0.3595839524517088,-0.6664089190878973,0.0,,
RECORDED,Bus A to Bus B,Bus A,Bus B,A+G,CAUSAL,INDUCTIVE_FIXED_TEST,3,False,0,96,7059,12,0,0.0,0.0,0.7632809179770506,0.7557130641869032,0.6637727190386223,0.6111625038544557,0.9912950790548943,0.5545985990331983,0.6427286329649557,0.11680572109654351,0.8099173553719008,0.20416666666666666,242,0.9657768651608487,0.7565683646112601,0.8484666265784726,1865,0.9050228310502283,0.4613594040968343,0.6111625038544557,2148,0.9876106194690265,0.9950071326676176,0.9912950790548943,2804,0.6637727190386223,0.5863321720409744,0.7757956005283712,0.6111625038544558,0.36045448754368753,0.8276699742973916,0.10740544844370614,0.011585969154354567,0.2173670659886561,0.251578551402747,-0.08766450726216504,0.6002192379246473,254.0,12.0
RECORDED,Bus A to Bus B,Bus A,Bus B,A+G,RAW,INDUCTIVE_FIXED_TEST,7,False,0,96,7059,12,0,0.0,0.0,0.6546253010341408,0.63573596924745,0.5563672705949162,0.35958395245170877,0.9904187366926899,0.411683448562325,0.4776539433376332,0.06958333333333333,0.6900826446280992,0.1264193792581378,242,0.9189399844115355,0.632171581769437,0.7490470139771284,1865,0.8897058823529411,0.22532588454376165,0.35958395245170877,2148,0.9855225988700564,0.9953637660485022,0.9904187366926899,2804,0.5563672705949162,0.4747132048446219,0.641764129442368,0.3595839524517088,0.0,0.6673773987206824,0.0,0.0,0.0,0.0,0.0,0.0,,
RECORDED,Bus A to Bus B,Bus A,Bus B,A+G,ZSCORE,INDUCTIVE_FIXED_TEST,7,True,7,96,7059,12,1334,22.233333333333334,63.876666666666665,0.6516503754072814,0.4916933583964692,0.39602496753121175,0.0,0.9875798438608943,0.1988400087546509,0.23761498051872704,0.0,0.0,0.0,242,0.42985568961438375,0.9742627345844505,0.5965200262639527,1865,0.0,0.0,0.0,2148,0.9826977401129944,0.9925106990014265,0.9875798438608943,2804,0.39602496753121175,0.37301432524422073,0.4127637577983919,0.0,0.0,0.0,-0.16034230306370445,-0.24749779243039785,-0.06663868899374986,-0.3595839524517088,-0.6538227222876489,0.0,,
RECORDED,Bus A to Bus B,Bus A,Bus B,A+G,QUANTILE,INDUCTIVE_FIXED_TEST,7,True,7,96,7059,12,1334,22.233333333333334,63.876666666666665,0.7236152429522595,0.6198062281469287,0.6131368387542984,0.6473821232282325,0.96996336996337,0.4941946616846078,0.6268349525438721,0.05189873417721519,0.33884297520661155,0.09001097694840834,242,0.8315719947159842,0.6750670241286864,0.7451908848771825,1865,0.8548510313216195,0.520949720670391,0.6473821232282325,2148,0.9969879518072289,0.9443651925820257,0.96996336996337,2804,0.6131368387542984,0.5275125230419202,0.6978919842257725,0.6473821232282325,0.34872564103835696,0.8476354274288809,0.05676956815938217,-0.017025945579917833,0.1421949332097174,0.2877981707765237,0.055455103390013964,0.600943015111909,,
RECORDED,Bus A to Bus B,Bus A,Bus B,A+G,CORAL,INDUCTIVE_FIXED_TEST,7,True,7,96,7059,12,1334,22.233333333333334,63.876666666666665,0.6830995891769372,0.5258315566723442,0.5052321147052938,0.37832167832167835,0.9571971004487401,0.35457711945747833,0.4544679401518476,0.5,0.06198347107438017,0.11029411764705882,242,0.4487526299969943,0.8005361930294906,0.575115562403698,1865,0.7598314606741573,0.25186219739292365,0.37832167832167835,2148,0.9274247491638796,0.988944365192582,0.9571971004487401,2804,0.5052321147052938,0.37460243736936244,0.6160546730606465,0.37832167832167835,0.0,0.7081631013125828,-0.05113515588962236,-0.15069684717676238,0.029269255383816604,0.018737725869969524,-0.11271357928733199,0.11780593013940767,,
RECORDED,Bus A to Bus B,Bus A,Bus B,A+G,CAUSAL,INDUCTIVE_FIXED_TEST,7,False,0,96,7059,12,0,0.0,0.0,0.7632809179770506,0.7557130641869032,0.6637727190386223,0.6111625038544557,0.9912950790548943,0.5545985990331983,0.6427286329649557,0.11680572109654351,0.8099173553719008,0.20416666666666666,242,0.9657768651608487,0.7565683646112601,0.8484666265784726,1865,0.9050228310502283,0.4613594040968343,0.6111625038544557,2148,0.9876106194690265,0.9950071326676176,0.9912950790548943,2804,0.6637727190386223,0.5863321720409744,0.7757956005283712,0.6111625038544558,0.36045448754368753,0.8276699742973916,0.10740544844370614,0.011585969154354567,0.2173670659886561,0.251578551402747,-0.08766450726216504,0.6002192379246473,254.0,12.0
RECORDED,Bus A to Bus B,Bus A,Bus B,A+G,RAW,INDUCTIVE_FIXED_TEST,14,False,0,96,7059,12,0,0.0,0.0,0.6546253010341408,0.63573596924745,0.5563672705949162,0.35958395245170877,0.9904187366926899,0.411683448562325,0.4776539433376332,0.06958333333333333,0.6900826446280992,0.1264193792581378,242,0.9189399844115355,0.632171581769437,0.7490470139771284,1865,0.8897058823529411,0.22532588454376165,0.35958395245170877,2148,0.9855225988700564,0.9953637660485022,0.9904187366926899,2804,0.5563672705949162,0.4747132048446219,0.641764129442368,0.3595839524517088,0.0,0.6673773987206824,0.0,0.0,0.0,0.0,0.0,0.0,,
RECORDED,Bus A to Bus B,Bus A,Bus B,A+G,ZSCORE,INDUCTIVE_FIXED_TEST,14,True,14,96,7059,12,4438,73.96666666666667,152.33323388888888,0.6432922510270577,0.48324583226566414,0.39138010063893314,0.0,0.9774436090225563,0.19602559784439202,0.23482806038335988,0.0,0.0,0.0,242,0.4286766511171127,0.9361930294906167,0.5880767935331761,1865,0.0,0.0,0.0,2148,0.9588336192109777,0.9967902995720399,0.9774436090225563,2804,0.39138010063893314,0.3715495334696329,0.4051304951857038,0.0,0.0,0.0,-0.16498716995598306,-0.2606789908979488,-0.07456741209374605,-0.3595839524517088,-0.6693310945935012,0.0,,
RECORDED,Bus A to Bus B,Bus A,Bus B,A+G,QUANTILE,INDUCTIVE_FIXED_TEST,14,True,14,96,7059,12,4438,73.96666666666667,152.33323388888888,0.8498370874061482,0.7760321607608213,0.7250329955868877,0.8703183520599251,0.987737693264617,0.6374647630276445,0.7831471381761027,0.17122473246135553,0.5950413223140496,0.2659279778393352,242,0.957513768686074,0.6525469168900804,0.7761479591836735,1865,0.8752354048964218,0.8654562383612663,0.8703183520599251,2148,0.9844137442437123,0.9910841654778887,0.987737693264617,2804,0.7250329955868877,0.6523665947015096,0.8158551415164543,0.8703183520599251,0.736495466305741,0.9434272821533226,0.16866572499197152,0.0301492249364685,0.31241447625537433,0.5107343996082163,0.11050162533433441,0.8920127017721723,,
RECORDED,Bus A to Bus B,Bus A,Bus B,A+G,CORAL,INDUCTIVE_FIXED_TEST,14,True,14,96,7059,12,4438,73.96666666666667,152.33323388888888,0.8443122255276951,0.7157128432020934,0.6973614484920907,0.8655710071639275,0.9743141708893936,0.6050438743596563,0.7646452719608254,0.19594594594594594,0.359504132231405,0.2536443148688047,242,0.9389799635701275,0.5528150134048258,0.6959163010462369,1865,0.7906081601231717,0.9562383612662942,0.8655710071639275,2148,0.9551216169921206,0.9942938659058488,0.9743141708893936,2804,0.6973614484920907,0.6438554819597547,0.771202932170838,0.8655710071639275,0.7805602330824528,0.9233611811053648,0.1409941778971745,0.03466481964964135,0.25047333122186777,0.5059870547122187,0.16569449521276133,0.8494543403959873,,
RECORDED,Bus A to Bus B,Bus A,Bus B,A+G,CAUSAL,INDUCTIVE_FIXED_TEST,14,False,0,96,7059,12,0,0.0,0.0,0.7632809179770506,0.7557130641869032,0.6637727190386223,0.6111625038544557,0.9912950790548943,0.5545985990331983,0.6427286329649557,0.11680572109654351,0.8099173553719008,0.20416666666666666,242,0.9657768651608487,0.7565683646112601,0.8484666265784726,1865,0.9050228310502283,0.4613594040968343,0.6111625038544557,2148,0.9876106194690265,0.9950071326676176,0.9912950790548943,2804,0.6637727190386223,0.5863321720409744,0.7757956005283712,0.6111625038544558,0.36045448754368753,0.8276699742973916,0.10740544844370614,0.011585969154354567,0.2173670659886561,0.251578551402747,-0.08766450726216504,0.6002192379246473,254.0,12.0
RECORDED,Bus A to Bus B,Bus A,Bus B,A+G,RAW,INDUCTIVE_FIXED_TEST,18,False,0,96,7059,12,0,0.0,0.0,0.6546253010341408,0.63573596924745,0.5563672705949162,0.35958395245170877,0.9904187366926899,0.411683448562325,0.4776539433376332,0.06958333333333333,0.6900826446280992,0.1264193792581378,242,0.9189399844115355,0.632171581769437,0.7490470139771284,1865,0.8897058823529411,0.22532588454376165,0.35958395245170877,2148,0.9855225988700564,0.9953637660485022,0.9904187366926899,2804,0.5563672705949162,0.4747132048446219,0.641764129442368,0.3595839524517088,0.0,0.6673773987206824,0.0,0.0,0.0,0.0,0.0,0.0,,
RECORDED,Bus A to Bus B,Bus A,Bus B,A+G,ZSCORE,INDUCTIVE_FIXED_TEST,18,True,18,96,7059,12,6262,104.36666666666666,197.27287666666666,0.8930443405581527,0.6819308711964813,0.6734590491087173,0.89125,0.983618108155716,0.570072696093051,0.7605754294652305,0.0,0.0,0.0,242,0.9227150537634409,0.7361930294906166,0.818968088279153,1865,0.8065610859728507,0.9958100558659218,0.89125,2148,0.9718064740689175,0.9957203994293866,0.983618108155716,2804,0.6734590491087172,0.648388849448745,0.697386596428723,0.89125,0.8238437733771488,0.938170058704009,0.11709177851380104,0.01912263982743208,0.20252816992333694,0.5316660475482912,0.1887297719288232,0.8630327162955275,,
RECORDED,Bus A to Bus B,Bus A,Bus B,A+G,QUANTILE,INDUCTIVE_FIXED_TEST,18,True,18,96,7059,12,6262,104.36666666666666,197.27287666666666,0.7441563960900978,0.6871027239857753,0.6381672729722898,0.710801393728223,0.9758049845370202,0.5256213691173797,0.6672209212746631,0.09270216962524655,0.5826446280991735,0.15995462280204198,242,0.8748019017432647,0.5919571045576407,0.706108090821874,1865,0.8376500315855969,0.61731843575419,0.710801393728223,2148,0.9959153360564427,0.956490727532097,0.9758049845370202,2804,0.6381672729722898,0.5375200673439019,0.7552073527768196,0.710801393728223,0.42565862545545924,0.8807638430342063,0.08180000237737362,-0.07588103488879541,0.2500134757934787,0.3512174412765142,-0.2242925295583867,0.8263500259903983,,
RECORDED,Bus A to Bus B,Bus A,Bus B,A+G,CORAL,INDUCTIVE_FIXED_TEST,18,True,18,96,7059,12,6262,104.36666666666666,197.27287666666666,0.7520895310950559,0.6746135810145704,0.6396377082268614,0.7385869565217391,0.9771046143008102,0.5271487395355451,0.6792174075448125,0.08147174770039421,0.512396694214876,0.14058956916099774,242,0.9301503094606542,0.5640750670241287,0.7022696929238985,1865,0.8870757180156658,0.63268156424581,0.7385869565217391,2148,0.965205288796103,0.9893009985734664,0.9771046143008102,2804,0.6396377082268614,0.5223854237406999,0.7327569080279409,0.738586956521739,0.32384310580632053,0.9332276362858879,0.0832704376319452,-0.10187103905638964,0.22303393889358797,0.3790030040700302,-0.27445474583211904,0.8500814983961906,,
RECORDED,Bus A to Bus B,Bus A,Bus B,A+G,CAUSAL,INDUCTIVE_FIXED_TEST,18,False,0,96,7059,12,0,0.0,0.0,0.7632809179770506,0.7557130641869032,0.6637727190386223,0.6111625038544557,0.9912950790548943,0.5545985990331983,0.6427286329649557,0.11680572109654351,0.8099173553719008,0.20416666666666666,242,0.9657768651608487,0.7565683646112601,0.8484666265784726,1865,0.9050228310502283,0.4613594040968343,0.6111625038544557,2148,0.9876106194690265,0.9950071326676176,0.9912950790548943,2804,0.6637727190386223,0.5863321720409744,0.7757956005283712,0.6111625038544558,0.36045448754368753,0.8276699742973916,0.10740544844370614,0.011585969154354567,0.2173670659886561,0.251578551402747,-0.08766450726216504,0.6002192379246473,254.0,12.0
RECORDED,Bus A to Bus B,Bus A,Bus B,M+G,RAW,INDUCTIVE_FIXED_TEST,1,False,0,83,7059,12,0,0.0,0.0,0.5264201728290127,0.5000887407437036,0.4091919697552516,0.02116889093419236,0.995718872636461,0.21368300212818184,0.25398273822682793,0.043319097010372176,0.5867768595041323,0.08068181818181819,242,0.7966457023060797,0.4075067024128686,0.539198297268535,1865,0.92,0.010707635009310988,0.02116889093419236,2148,0.9960742326909351,0.9953637660485022,0.995718872636461,2804,0.4091919697552516,0.36790032000611667,0.46365977659432994,0.02116889093419236,0.0,0.08493358070500921,0.0,0.0,0.0,0.0,0.0,0.0,,
RECORDED,Bus A to Bus B,Bus A,Bus B,M+G,ZSCORE,INDUCTIVE_FIXED_TEST,1,True,1,83,7059,12,81,1.35,4.197950277777777,0.4802379940501487,0.3884390556830402,0.30806378039675686,0.0,0.7049067035245336,0.1757828060208313,0.1848382682380541,0.42857142857142855,0.012396694214876033,0.024096385542168676,242,0.3367180417044424,0.995710455764075,0.5032520325203252,1865,0.0,0.0,0.0,2148,0.9954456733897202,0.5456490727532097,0.7049067035245336,2804,0.30806378039675686,0.28212448470313406,0.3268176879874062,0.0,0.0,0.0,-0.10112818935849477,-0.1614094834333275,-0.0589396197187269,-0.02116889093419236,-0.083490905767096,0.0,,
RECORDED,Bus A to Bus B,Bus A,Bus B,M+G,QUANTILE,INDUCTIVE_FIXED_TEST,1,True,1,83,7059,12,81,1.35,4.197950277777777,0.5964017566227511,0.48346721947145405,0.41108062030680476,0.0,0.88436661934059,0.25331862062887633,0.24664837218408284,0.2840909090909091,0.2066115702479339,0.23923444976076555,242,0.4054377054078279,0.7276139410187668,0.5207214121258634,1865,0.0,0.0,0.0,2148,0.792927864214993,0.9996433666191156,0.88436661934059,2804,0.41108062030680476,0.3596182810091161,0.4695597568224064,0.0,0.0,0.0,0.0018886505515531282,-0.057016962491185624,0.06159875207736549,-0.02116889093419236,-0.08333711433756806,0.0,,
RECORDED,Bus A to Bus B,Bus A,Bus B,M+G,CORAL,INDUCTIVE_FIXED_TEST,1,True,1,83,7059,12,81,1.35,4.197950277777777,0.4686216177928885,0.3292778001382062,0.2640884874596047,0.0,0.6689286180347123,0.12914177726790224,0.15845309247576284,0.005747126436781609,0.004132231404958678,0.004807692307692308,242,0.3675889328063241,0.3989276139410188,0.3826176394960144,1865,0.0,0.0,0.0,2148,0.5274747890512451,0.9140513552068473,0.6689286180347123,2804,0.2640884874596047,0.24309655272647093,0.2867325585352427,0.0,0.0,0.0,-0.1451034822956469,-0.1899819809369154,-0.11923362805428339,-0.02116889093419236,-0.08615857536569854,0.0,,
RECORDED,Bus A to Bus B,Bus A,Bus B,M+G,CAUSAL,INDUCTIVE_FIXED_TEST,1,False,0,83,7059,12,0,0.0,0.0,0.6389006941493129,0.5860126554508114,0.4679493790925523,0.05649241146711636,0.9955396966993756,0.2920859398902778,0.3033665920423779,0.12269938650306748,0.49586776859504134,0.19672131147540983,242,0.5016361256544503,0.8219839142091153,0.6230440967283073,1865,0.29910714285714285,0.031191806331471134,0.05649241146711636,2148,0.9960728311317386,0.9950071326676176,0.9955396966993756,2804,0.46794937909255224,0.4202176872631612,0.5455138716877657,0.05649241146711636,0.0,0.13667360756259578,0.058757409337300615,0.017425489203210773,0.11253755326714457,0.035323520532923994,-0.053613645496556894,0.12407949715944167,254.0,12.0
RECORDED,Bus A to Bus B,Bus A,Bus B,M+G,RAW,INDUCTIVE_FIXED_TEST,3,False,0,83,7059,12,0,0.0,0.0,0.5264201728290127,0.5000887407437036,0.4091919697552516,0.02116889093419236,0.995718872636461,0.21368300212818184,0.25398273822682793,0.043319097010372176,0.5867768595041323,0.08068181818181819,242,0.7966457023060797,0.4075067024128686,0.539198297268535,1865,0.92,0.010707635009310988,0.02116889093419236,2148,0.9960742326909351,0.9953637660485022,0.995718872636461,2804,0.4091919697552516,0.36790032000611667,0.46365977659432994,0.02116889093419236,0.0,0.08493358070500921,0.0,0.0,0.0,0.0,0.0,0.0,,
RECORDED,Bus A to Bus B,Bus A,Bus B,M+G,ZSCORE,INDUCTIVE_FIXED_TEST,3,True,3,83,7059,12,210,3.5,24.16194833333333,0.29890919393681825,0.272608134436585,0.14995641877570068,0.0,0.16225057245665686,0.14585836754871528,0.0899738512654204,0.25,0.004132231404958678,0.008130081300813009,242,0.27359600117612465,0.9978552278820375,0.42944502134533286,1865,0.0,0.0,0.0,2148,0.9802371541501976,0.0884450784593438,0.16225057245665686,2804,0.14995641877570068,0.10962614298405968,0.1912694577926064,0.0,0.0,0.0,-0.259235550979551,-0.3158327549956101,-0.1938023705178302,-0.02116889093419236,-0.08673926449485904,0.0,,
RECORDED,Bus A to Bus B,Bus A,Bus B,M+G,QUANTILE,INDUCTIVE_FIXED_TEST,3,True,3,83,7059,12,210,3.5,24.16194833333333,0.602918260376824,0.5085126407818035,0.4258397464438888,0.0,0.8854841257305323,0.27262495334834097,0.25550384786633323,0.26591760299625467,0.29338842975206614,0.27897838899803534,242,0.42340686274509803,0.7410187667560322,0.5388964710469877,1865,0.0,0.0,0.0,2148,0.7947263963708534,0.9996433666191156,0.8854841257305323,2804,0.4258397464438889,0.3547758051141259,0.5160067238179424,0.0,0.0,0.0,0.01664777668863726,-0.059748789076909586,0.11047434361444723,-0.02116889093419236,-0.07770434477165247,0.0,,
RECORDED,Bus A to Bus B,Bus A,Bus B,M+G,CORAL,INDUCTIVE_FIXED_TEST,3,True,3,83,7059,12,210,3.5,24.16194833333333,0.6274259810171412,0.493036545067581,0.4246258346181775,0.07448630136986302,0.9675628794449262,0.24364681967592794,0.2845700213188517,0.053406998158379376,0.11983471074380166,0.07388535031847134,242,0.45262845262845264,0.8171581769436997,0.5825688073394495,1865,0.4627659574468085,0.040502793296089384,0.07448630136986302,2148,0.9419115163796015,0.9946504992867332,0.9675628794449262,2804,0.4246258346181775,0.3782463714126994,0.4820873997418697,0.074486301369863,0.0,0.1909178081611842,0.015433864862925861,-0.04686706232991307,0.0694945150686597,0.05331741043567065,-0.08134394341290893,0.17856919416278852,,
RECORDED,Bus A to Bus B,Bus A,Bus B,M+G,CAUSAL,INDUCTIVE_FIXED_TEST,3,False,0,83,7059,12,0,0.0,0.0,0.6389006941493129,0.5860126554508114,0.4679493790925523,0.05649241146711636,0.9955396966993756,0.2920859398902778,0.3033665920423779,0.12269938650306748,0.49586776859504134,0.19672131147540983,242,0.5016361256544503,0.8219839142091153,0.6230440967283073,1865,0.29910714285714285,0.031191806331471134,0.05649241146711636,2148,0.9960728311317386,0.9950071326676176,0.9955396966993756,2804,0.46794937909255224,0.4202176872631612,0.5455138716877657,0.05649241146711636,0.0,0.13667360756259578,0.058757409337300615,0.017425489203210773,0.11253755326714457,0.035323520532923994,-0.053613645496556894,0.12407949715944167,254.0,12.0
RECORDED,Bus A to Bus B,Bus A,Bus B,M+G,RAW,INDUCTIVE_FIXED_TEST,7,False,0,83,7059,12,0,0.0,0.0,0.5264201728290127,0.5000887407437036,0.4091919697552516,0.02116889093419236,0.995718872636461,0.21368300212818184,0.25398273822682793,0.043319097010372176,0.5867768595041323,0.08068181818181819,242,0.7966457023060797,0.4075067024128686,0.539198297268535,1865,0.92,0.010707635009310988,0.02116889093419236,2148,0.9960742326909351,0.9953637660485022,0.995718872636461,2804,0.4091919697552516,0.36790032000611667,0.46365977659432994,0.02116889093419236,0.0,0.08493358070500921,0.0,0.0,0.0,0.0,0.0,0.0,,
RECORDED,Bus A to Bus B,Bus A,Bus B,M+G,ZSCORE,INDUCTIVE_FIXED_TEST,7,True,7,83,7059,12,1334,22.233333333333334,63.876666666666665,0.342966425839354,0.3023139586366913,0.20005905529842843,0.0,0.33045549270616253,0.15659357616251707,0.12003543317905706,0.5,0.012396694214876033,0.024193548387096774,242,0.2867477297214099,0.9989276139410188,0.44558718010045445,1865,0.0,0.0,0.0,2148,1.0,0.1979315263908702,0.33045549270616253,2804,0.20005905529842843,0.18099128417010904,0.21752574875016975,0.0,0.0,0.0,-0.2091329144568232,-0.25690550068727763,-0.1680146073272011,-0.02116889093419236,-0.08192341941228852,0.0,,
RECORDED,Bus A to Bus B,Bus A,Bus B,M+G,QUANTILE,INDUCTIVE_FIXED_TEST,7,True,7,83,7059,12,1334,22.233333333333334,63.876666666666665,0.5989516928743448,0.4526943994470235,0.38583134247643985,0.0,0.9622641509433962,0.19368707298745438,0.2314988054858639,0.004497751124437781,0.012396694214876033,0.006600660066006601,242,0.4286091316970177,0.8707774798927614,0.5744605588963566,1865,0.0,0.0,0.0,2148,0.9996156802459646,0.9276034236804565,0.9622641509433962,2804,0.3858313424764398,0.356294082046411,0.4070771660438594,0.0,0.0,0.0,-0.02336062727881183,-0.06906719581520132,0.008670719529350265,-0.02116889093419236,-0.08404350137999138,0.0,,
RECORDED,Bus A to Bus B,Bus A,Bus B,M+G,CORAL,INDUCTIVE_FIXED_TEST,7,True,7,83,7059,12,1334,22.233333333333334,63.876666666666665,0.6665250035415782,0.5011808314398633,0.46369189246626974,0.28654970760233917,0.9741501416430595,0.2935391427406731,0.3928350185206975,0.00510204081632653,0.004132231404958678,0.0045662100456621,242,0.45496939667735353,0.8369973190348525,0.5895015105740181,1865,0.6666666666666666,0.1824953445065177,0.28654970760233917,2148,0.9672995780590717,0.9810984308131241,0.9741501416430595,2804,0.46369189246626974,0.37056234700205154,0.5593953056609218,0.28654970760233917,0.0,0.6333372405903316,0.05449992271101811,-0.07443776558036122,0.17350132595468926,0.2653808166681468,-0.06938290788013317,0.6212361331220285,,
RECORDED,Bus A to Bus B,Bus A,Bus B,M+G,CAUSAL,INDUCTIVE_FIXED_TEST,7,False,0,83,7059,12,0,0.0,0.0,0.6389006941493129,0.5860126554508114,0.4679493790925523,0.05649241146711636,0.9955396966993756,0.2920859398902778,0.3033665920423779,0.12269938650306748,0.49586776859504134,0.19672131147540983,242,0.5016361256544503,0.8219839142091153,0.6230440967283073,1865,0.29910714285714285,0.031191806331471134,0.05649241146711636,2148,0.9960728311317386,0.9950071326676176,0.9955396966993756,2804,0.46794937909255224,0.4202176872631612,0.5455138716877657,0.05649241146711636,0.0,0.13667360756259578,0.058757409337300615,0.017425489203210773,0.11253755326714457,0.035323520532923994,-0.053613645496556894,0.12407949715944167,254.0,12.0
RECORDED,Bus A to Bus B,Bus A,Bus B,M+G,RAW,INDUCTIVE_FIXED_TEST,14,False,0,83,7059,12,0,0.0,0.0,0.5264201728290127,0.5000887407437036,0.4091919697552516,0.02116889093419236,0.995718872636461,0.21368300212818184,0.25398273822682793,0.043319097010372176,0.5867768595041323,0.08068181818181819,242,0.7966457023060797,0.4075067024128686,0.539198297268535,1865,0.92,0.010707635009310988,0.02116889093419236,2148,0.9960742326909351,0.9953637660485022,0.995718872636461,2804,0.4091919697552516,0.36790032000611667,0.46365977659432994,0.02116889093419236,0.0,0.08493358070500921,0.0,0.0,0.0,0.0,0.0,0.0,,
RECORDED,Bus A to Bus B,Bus A,Bus B,M+G,ZSCORE,INDUCTIVE_FIXED_TEST,14,True,14,83,7059,12,4438,73.96666666666667,152.33323388888888,0.621051140388157,0.4686255700500088,0.39465805700613926,0.0,0.9793594306049822,0.19975759913985827,0.23679483420368355,0.008896797153024912,0.02066115702479339,0.012437810945273632,242,0.4421195652173913,0.8723860589812332,0.5868349864743012,1865,0.0,0.0,0.0,2148,0.9772727272727273,0.9814550641940085,0.9793594306049822,2804,0.39465805700613926,0.37033057121499635,0.4120888758602528,0.0,0.0,0.0,-0.014533912749112365,-0.06910313234101649,0.02968302310598865,-0.02116889093419236,-0.08290425741275256,0.0,,
RECORDED,Bus A to Bus B,Bus A,Bus B,M+G,QUANTILE,INDUCTIVE_FIXED_TEST,14,True,14,83,7059,12,4438,73.96666666666667,152.33323388888888,0.6053265335033291,0.47213404862085695,0.39964554942833297,0.0,0.9810990549527476,0.20582771425352808,0.23978732965699978,0.032520325203252036,0.11570247933884298,0.050770625566636446,242,0.4472704714640198,0.7731903485254692,0.5667125171939478,1865,0.0,0.0,0.0,2148,0.9632302405498282,0.9996433666191156,0.9810990549527476,2804,0.39964554942833297,0.3634348815228113,0.45574528270073195,0.0,0.0,0.0,-0.009546420326918659,-0.055077438805017115,0.03919075657300261,-0.02116889093419236,-0.08395186764942086,0.0,,
RECORDED,Bus A to Bus B,Bus A,Bus B,M+G,CORAL,INDUCTIVE_FIXED_TEST,14,True,14,83,7059,12,4438,73.96666666666667,152.33323388888888,0.5050290409406432,0.414715734519687,0.3803219831990351,0.0,0.9617241379310345,0.18652126495503527,0.22819318991942106,0.023107836570663093,0.28512396694214875,0.04275092936802974,242,0.8117106773823192,0.37908847184986594,0.5168128654970761,1865,0.0,0.0,0.0,2148,0.9309078771695594,0.9946504992867332,0.9617241379310345,2804,0.3803219831990351,0.3521352993085398,0.41088463034963696,0.0,0.0,0.0,-0.02886998655621653,-0.06964184362400744,2.0399729728219605e-05,-0.02116889093419236,-0.0848239107391784,0.0,,
RECORDED,Bus A to Bus B,Bus A,Bus B,M+G,CAUSAL,INDUCTIVE_FIXED_TEST,14,False,0,83,7059,12,0,0.0,0.0,0.6389006941493129,0.5860126554508114,0.4679493790925523,0.05649241146711636,0.9955396966993756,0.2920859398902778,0.3033665920423779,0.12269938650306748,0.49586776859504134,0.19672131147540983,242,0.5016361256544503,0.8219839142091153,0.6230440967283073,1865,0.29910714285714285,0.031191806331471134,0.05649241146711636,2148,0.9960728311317386,0.9950071326676176,0.9955396966993756,2804,0.46794937909255224,0.4202176872631612,0.5455138716877657,0.05649241146711636,0.0,0.13667360756259578,0.058757409337300615,0.017425489203210773,0.11253755326714457,0.035323520532923994,-0.053613645496556894,0.12407949715944167,254.0,12.0
RECORDED,Bus A to Bus B,Bus A,Bus B,M+G,RAW,INDUCTIVE_FIXED_TEST,18,False,0,83,7059,12,0,0.0,0.0,0.5264201728290127,0.5000887407437036,0.4091919697552516,0.02116889093419236,0.995718872636461,0.21368300212818184,0.25398273822682793,0.043319097010372176,0.5867768595041323,0.08068181818181819,242,0.7966457023060797,0.4075067024128686,0.539198297268535,1865,0.92,0.010707635009310988,0.02116889093419236,2148,0.9960742326909351,0.9953637660485022,0.995718872636461,2804,0.4091919697552516,0.36790032000611667,0.46365977659432994,0.02116889093419236,0.0,0.08493358070500921,0.0,0.0,0.0,0.0,0.0,0.0,,
RECORDED,Bus A to Bus B,Bus A,Bus B,M+G,ZSCORE,INDUCTIVE_FIXED_TEST,18,True,18,83,7059,12,6262,104.36666666666666,197.27287666666666,0.62657600226661,0.477405811901695,0.4004991250274548,0.0,0.9845552991301261,0.20581373365989775,0.2402994750164729,0.017985611510791366,0.04132231404958678,0.02506265664160401,242,0.4466230936819172,0.8793565683646113,0.5923785443380892,1865,0.0,0.0,0.0,2148,0.9802050194414987,0.988944365192582,0.9845552991301261,2804,0.40049912502745477,0.377088483306017,0.42977671125617445,0.0,0.0,0.0,-0.008692844727796856,-0.06240493999379839,0.032607322150841486,-0.02116889093419236,-0.0849256931608133,0.0,,
RECORDED,Bus A to Bus B,Bus A,Bus B,M+G,QUANTILE,INDUCTIVE_FIXED_TEST,18,True,18,83,7059,12,6262,104.36666666666666,197.27287666666666,0.6070264910043915,0.4894710558740749,0.40965659949396216,0.0,0.9866425992779784,0.21732793289929006,0.2457939596963773,0.04630650496141125,0.17355371900826447,0.0731070496083551,242,0.45047732696897375,0.8096514745308311,0.578876749089515,1865,0.0,0.0,0.0,2148,0.9989035087719298,0.974679029957204,0.9866425992779784,2804,0.40965659949396216,0.36737586343775414,0.45513399820588435,0.0,0.0,0.0,0.00046462973871053137,-0.037989964918242004,0.03767571161108506,-0.02116889093419236,-0.08194740599905338,0.0,,
RECORDED,Bus A to Bus B,Bus A,Bus B,M+G,CORAL,INDUCTIVE_FIXED_TEST,18,True,18,83,7059,12,6262,104.36666666666666,197.27287666666666,0.6240260660150163,0.47600808182545806,0.48286640371612155,0.24041122973507315,0.9697706740792217,0.3205649802617549,0.38588433412370216,0.009355509355509356,0.0743801652892562,0.01662049861495845,242,0.7169811320754716,0.6927613941018766,0.7046632124352331,1865,0.7979002624671916,0.14152700186219738,0.24041122973507315,2148,0.9454607046070461,0.9953637660485022,0.9697706740792217,2804,0.48286640371612155,0.3953022588000668,0.5741284534920418,0.24041122973507315,0.0,0.5483775318350296,0.07367443396086992,-0.02975868894199197,0.15095523211158876,0.2192423388008808,-0.053741464028540784,0.5286155564001129,,
RECORDED,Bus A to Bus B,Bus A,Bus B,M+G,CAUSAL,INDUCTIVE_FIXED_TEST,18,False,0,83,7059,12,0,0.0,0.0,0.6389006941493129,0.5860126554508114,0.4679493790925523,0.05649241146711636,0.9955396966993756,0.2920859398902778,0.3033665920423779,0.12269938650306748,0.49586776859504134,0.19672131147540983,242,0.5016361256544503,0.8219839142091153,0.6230440967283073,1865,0.29910714285714285,0.031191806331471134,0.05649241146711636,2148,0.9960728311317386,0.9950071326676176,0.9955396966993756,2804,0.46794937909255224,0.4202176872631612,0.5455138716877657,0.05649241146711636,0.0,0.13667360756259578,0.058757409337300615,0.017425489203210773,0.11253755326714457,0.035323520532923994,-0.053613645496556894,0.12407949715944167,254.0,12.0
RECORDED,Bus A to Bus B,Bus A,Bus B,A+M+G,RAW,INDUCTIVE_FIXED_TEST,1,False,0,137,7059,12,0,0.0,0.0,0.628417622892761,0.675820820611473,0.47071677257278893,0.010983981693363844,0.9914802981895634,0.29712893070053076,0.28682365622101885,0.15983321751216123,0.9504132231404959,0.27364663890541346,242,0.5088993824918271,0.7512064343163539,0.606756171502815,1865,0.32432432432432434,0.00558659217877095,0.010983981693363844,2148,0.9869257950530035,0.996077032810271,0.9914802981895634,2804,0.470716772572789,0.4242106381429343,0.5515884606818511,0.010983981693363844,0.0,0.025113024748697577,0.0,0.0,0.0,0.0,0.0,0.0,,
RECORDED,Bus A to Bus B,Bus A,Bus B,A+M+G,ZSCORE,INDUCTIVE_FIXED_TEST,1,True,1,137,7059,12,81,1.35,4.197950277777777,0.3972234027482646,0.25,0.14214741964919395,0.0,0.5685896785967758,0.0,0.08528845178951637,0.0,0.0,0.0,242,0.0,0.0,0.0,1865,0.0,0.0,0.0,2148,0.3972234027482646,1.0,0.5685896785967758,2804,0.14214741964919395,0.13297195920443425,0.15158041730058683,0.0,0.0,0.0,-0.328569352923595,-0.4037226879577902,-0.2842207420555171,-0.010983981693363844,-0.022952604836736026,0.0,,
RECORDED,Bus A to Bus B,Bus A,Bus B,A+M+G,QUANTILE,INDUCTIVE_FIXED_TEST,1,True,1,137,7059,12,81,1.35,4.197950277777777,0.4510553902819096,0.33959575033789025,0.26690581872576535,0.0,0.6448200528918018,0.14093440733708654,0.1601434912354592,0.17916666666666667,0.17768595041322313,0.17842323651452283,242,0.37737961926091823,0.1806970509383378,0.24437998549673676,1865,0.0,0.0,0.0,2148,0.47581876802986595,1.0,0.6448200528918018,2804,0.26690581872576535,0.22331362573393732,0.3290687343531282,0.0,0.0,0.0,-0.20381095384702363,-0.2698422917226568,-0.14021139298892143,-0.010983981693363844,-0.024098002749252043,0.0,,
RECORDED,Bus A to Bus B,Bus A,Bus B,A+M+G,CORAL,INDUCTIVE_FIXED_TEST,1,True,1,137,7059,12,81,1.35,4.197950277777777,0.49780422156112764,0.47579246501631556,0.37475991584388124,0.028220300409649523,0.83282919943537,0.22207015464671828,0.23614406967018853,0.06109865470852018,0.45041322314049587,0.10760118460019744,242,0.4262455226310648,0.7018766756032172,0.5303889789303079,1865,0.6326530612244898,0.014432029795158287,0.028220300409649523,2148,0.9582366589327146,0.7364479315263909,0.83282919943537,2804,0.37475991584388124,0.34138182428774266,0.41792384144928246,0.028220300409649523,0.0,0.0790848875398679,-0.09595685672890775,-0.158172601519288,-0.062366125184425504,0.017236318716285677,-0.006846093981255501,0.05488704628906258,,
RECORDED,Bus A to Bus B,Bus A,Bus B,A+M+G,CAUSAL,INDUCTIVE_FIXED_TEST,1,False,0,137,7059,12,0,0.0,0.0,0.7108655616942909,0.7014796613515224,0.5834562520840428,0.3659889094269871,0.9921708185053381,0.44721806327694447,0.4964693150212205,0.11994698475811796,0.7479338842975206,0.2067390062821245,242,0.7138263665594855,0.8332439678284183,0.7689262741217219,1865,0.8886894075403949,0.23044692737430167,0.3659889094269871,2148,0.9900568181818182,0.9942938659058488,0.9921708185053381,2804,0.5834562520840428,0.53037986914599,0.6724912515442316,0.36598890942698703,0.11491533644284849,0.5543592327146832,0.11273947951125385,0.038889422060361264,0.1710488804109773,0.3550049277336232,0.1145349588785326,0.5391342200294577,254.0,12.0
RECORDED,Bus A to Bus B,Bus A,Bus B,A+M+G,RAW,INDUCTIVE_FIXED_TEST,3,False,0,137,7059,12,0,0.0,0.0,0.628417622892761,0.675820820611473,0.47071677257278893,0.010983981693363844,0.9914802981895634,0.29712893070053076,0.28682365622101885,0.15983321751216123,0.9504132231404959,0.27364663890541346,242,0.5088993824918271,0.7512064343163539,0.606756171502815,1865,0.32432432432432434,0.00558659217877095,0.010983981693363844,2148,0.9869257950530035,0.996077032810271,0.9914802981895634,2804,0.470716772572789,0.4242106381429343,0.5515884606818511,0.010983981693363844,0.0,0.025113024748697577,0.0,0.0,0.0,0.0,0.0,0.0,,
RECORDED,Bus A to Bus B,Bus A,Bus B,A+M+G,ZSCORE,INDUCTIVE_FIXED_TEST,3,True,3,137,7059,12,210,3.5,24.16194833333333,0.3989233602493271,0.2516534690006234,0.14760985842320096,0.0,0.5775808778075417,0.004286185295087372,0.08856591505392057,0.0,0.0,0.0,242,0.08280254777070063,0.006970509383378016,0.012858555885262116,1865,0.0,0.0,0.0,2148,0.40611416980585335,0.9996433666191156,0.5775808778075417,2804,0.14760985842320096,0.1378535682175006,0.15739453538979148,0.0,0.0,0.0,-0.32310691414958803,-0.40369717205453853,-0.2817378485416615,-0.010983981693363844,-0.023608982595189815,0.0,,
RECORDED,Bus A to Bus B,Bus A,Bus B,A+M+G,QUANTILE,INDUCTIVE_FIXED_TEST,3,True,3,137,7059,12,210,3.5,24.16194833333333,0.5548944609718091,0.44239306087353236,0.36432376615427264,0.0,0.8863241106719367,0.19032365131505125,0.21859425969256358,0.1085972850678733,0.19834710743801653,0.14035087719298245,242,0.34543097861309136,0.5715817694369973,0.4306200767521713,1865,0.0,0.0,0.0,2148,0.7960806589037205,0.9996433666191156,0.8863241106719367,2804,0.36432376615427264,0.32508217706391374,0.4438627071493428,0.0,0.0,0.0,-0.10639300641851634,-0.1911177777077442,-0.02568756406602451,-0.010983981693363844,-0.023792998969506377,0.0,,
RECORDED,Bus A to Bus B,Bus A,Bus B,A+M+G,CORAL,INDUCTIVE_FIXED_TEST,3,True,3,137,7059,12,210,3.5,24.16194833333333,0.561977617226236,0.5902399799792865,0.42878606903267324,0.0,0.9115447154471544,0.2678665202278462,0.25727164141960396,0.07626488095238096,0.8471074380165289,0.13993174061433447,242,0.935609756097561,0.5142091152815014,0.6636678200692041,1865,0.0,0.0,0.0,2148,0.8377166766288106,0.9996433666191156,0.9115447154471544,2804,0.4287860690326733,0.3913576399290656,0.4715683838414499,0.0,0.0,0.0,-0.04193070354011569,-0.11080418610588666,-0.004756717424231991,-0.010983981693363844,-0.023765602168967365,0.0,,
RECORDED,Bus A to Bus B,Bus A,Bus B,A+M+G,CAUSAL,INDUCTIVE_FIXED_TEST,3,False,0,137,7059,12,0,0.0,0.0,0.7108655616942909,0.7014796613515224,0.5834562520840428,0.3659889094269871,0.9921708185053381,0.44721806327694447,0.4964693150212205,0.11994698475811796,0.7479338842975206,0.2067390062821245,242,0.7138263665594855,0.8332439678284183,0.7689262741217219,1865,0.8886894075403949,0.23044692737430167,0.3659889094269871,2148,0.9900568181818182,0.9942938659058488,0.9921708185053381,2804,0.5834562520840428,0.53037986914599,0.6724912515442316,0.36598890942698703,0.11491533644284849,0.5543592327146832,0.11273947951125385,0.038889422060361264,0.1710488804109773,0.3550049277336232,0.1145349588785326,0.5391342200294577,254.0,12.0
RECORDED,Bus A to Bus B,Bus A,Bus B,A+M+G,RAW,INDUCTIVE_FIXED_TEST,7,False,0,137,7059,12,0,0.0,0.0,0.628417622892761,0.675820820611473,0.47071677257278893,0.010983981693363844,0.9914802981895634,0.29712893070053076,0.28682365622101885,0.15983321751216123,0.9504132231404959,0.27364663890541346,242,0.5088993824918271,0.7512064343163539,0.606756171502815,1865,0.32432432432432434,0.00558659217877095,0.010983981693363844,2148,0.9869257950530035,0.996077032810271,0.9914802981895634,2804,0.470716772572789,0.4242106381429343,0.5515884606818511,0.010983981693363844,0.0,0.025113024748697577,0.0,0.0,0.0,0.0,0.0,0.0,,
RECORDED,Bus A to Bus B,Bus A,Bus B,A+M+G,ZSCORE,INDUCTIVE_FIXED_TEST,7,True,7,137,7059,12,1334,22.233333333333334,63.876666666666665,0.6513670491571044,0.49317839115730644,0.39973456894703285,0.0,0.9868840836582772,0.20401806404328474,0.2398407413682197,1.0,0.008264462809917356,0.01639344262295082,242,0.42948566010903055,0.9715817694369974,0.5956607495069034,1865,0.0,0.0,0.0,2148,0.9809725158562368,0.992867332382311,0.9868840836582772,2804,0.39973456894703285,0.3773491001903473,0.41628207422975905,0.0,0.0,0.0,-0.07098220362575614,-0.15626387512415435,-0.02344954024224022,-0.010983981693363844,-0.023722968637202215,0.0,,
RECORDED,Bus A to Bus B,Bus A,Bus B,A+M+G,QUANTILE,INDUCTIVE_FIXED_TEST,7,True,7,137,7059,12,1334,22.233333333333334,63.876666666666665,0.7914718798696699,0.6284289075227325,0.6265867033182813,0.7022982362373063,0.96996336996337,0.512127814436585,0.6568713164858913,0.1875,0.09917355371900827,0.12972972972972974,242,0.5971652368519209,0.8584450402144772,0.7043554773427189,1865,0.8243412797992472,0.611731843575419,0.7022982362373063,2148,0.9969879518072289,0.9443651925820257,0.96996336996337,2804,0.6265867033182813,0.5473374484484536,0.713365671556873,0.7022982362373063,0.4272281370221467,0.859399271959109,0.15586993074549227,0.047044969379754525,0.23655829834306408,0.6913142545439424,0.42603063215458586,0.8470921750264021,,
RECORDED,Bus A to Bus B,Bus A,Bus B,A+M+G,CORAL,INDUCTIVE_FIXED_TEST,7,True,7,137,7059,12,1334,22.233333333333334,63.876666666666665,0.8679699674174812,0.7125010813804156,0.7078825705298593,0.8627992633517495,0.9673059360730594,0.6214081153487925,0.7698492476586154,0.1293800539083558,0.19834710743801653,0.1566068515497553,242,0.8550247116968699,0.83485254691689,0.8448182311448725,1865,0.8533697632058288,0.87243947858473,0.8627992633517495,2148,0.9913889928865594,0.9443651925820257,0.9673059360730594,2804,0.7078825705298593,0.6504628478278831,0.7754329655179197,0.8627992633517495,0.6751790399304616,0.9527246413100201,0.23716579795707027,0.11239024155114116,0.3154050823276152,0.8518152816583856,0.6663325665418789,0.9461455397233011,,
RECORDED,Bus A to Bus B,Bus A,Bus B,A+M+G,CAUSAL,INDUCTIVE_FIXED_TEST,7,False,0,137,7059,12,0,0.0,0.0,0.7108655616942909,0.7014796613515224,0.5834562520840428,0.3659889094269871,0.9921708185053381,0.44721806327694447,0.4964693150212205,0.11994698475811796,0.7479338842975206,0.2067390062821245,242,0.7138263665594855,0.8332439678284183,0.7689262741217219,1865,0.8886894075403949,0.23044692737430167,0.3659889094269871,2148,0.9900568181818182,0.9942938659058488,0.9921708185053381,2804,0.5834562520840428,0.53037986914599,0.6724912515442316,0.36598890942698703,0.11491533644284849,0.5543592327146832,0.11273947951125385,0.038889422060361264,0.1710488804109773,0.3550049277336232,0.1145349588785326,0.5391342200294577,254.0,12.0
RECORDED,Bus A to Bus B,Bus A,Bus B,A+M+G,RAW,INDUCTIVE_FIXED_TEST,14,False,0,137,7059,12,0,0.0,0.0,0.628417622892761,0.675820820611473,0.47071677257278893,0.010983981693363844,0.9914802981895634,0.29712893070053076,0.28682365622101885,0.15983321751216123,0.9504132231404959,0.27364663890541346,242,0.5088993824918271,0.7512064343163539,0.606756171502815,1865,0.32432432432432434,0.00558659217877095,0.010983981693363844,2148,0.9869257950530035,0.996077032810271,0.9914802981895634,2804,0.470716772572789,0.4242106381429343,0.5515884606818511,0.010983981693363844,0.0,0.025113024748697577,0.0,0.0,0.0,0.0,0.0,0.0,,
RECORDED,Bus A to Bus B,Bus A,Bus B,A+M+G,ZSCORE,INDUCTIVE_FIXED_TEST,14,True,14,137,7059,12,4438,73.96666666666667,152.33323388888888,0.6421589460263494,0.4828480062397922,0.3906434956984533,0.0,0.9759498082955733,0.1955413914994133,0.23438609741907196,1.0,0.004132231404958678,0.00823045267489712,242,0.41998060135790494,0.928686327077748,0.5783937218233428,1865,0.0,0.0,0.0,2148,0.9543285616905249,0.9985734664764622,0.9759498082955733,2804,0.39064349569845325,0.369884151116517,0.4067434289367366,0.0,0.0,0.0,-0.08007327687433574,-0.17196348763540376,-0.032539122446581845,-0.010983981693363844,-0.023607216391422117,0.0,,
RECORDED,Bus A to Bus B,Bus A,Bus B,A+M+G,QUANTILE,INDUCTIVE_FIXED_TEST,14,True,14,137,7059,12,4438,73.96666666666667,152.33323388888888,0.661000141663125,0.5460585069903061,0.49433360252705183,0.21798780487804878,0.9873822640838813,0.3299840486747754,0.3837952834674506,0.15258855585831063,0.23140495867768596,0.1839080459770115,242,0.4556439728853522,0.8289544235924933,0.5880562951692658,1865,0.6008403361344538,0.13314711359404097,0.21798780487804878,2148,0.9840595111583422,0.9907275320970043,0.9873822640838813,2804,0.49433360252705183,0.43534100305641515,0.5871215894561933,0.21798780487804878,0.10864949155435219,0.34587813620071683,0.02361682995426284,-0.046965500345437936,0.10067145685006489,0.20700382318468494,0.10177775691735598,0.3337206027478125,,
RECORDED,Bus A to Bus B,Bus A,Bus B,A+M+G,CORAL,INDUCTIVE_FIXED_TEST,14,True,14,137,7059,12,4438,73.96666666666667,152.33323388888888,0.7893469329933418,0.6286073586811651,0.6353380451865955,0.8053599818305701,0.9729435264209189,0.5228028847751545,0.7033468198441853,0.043478260869565216,0.15289256198347106,0.0677035681610247,242,0.8664,0.5806970509383378,0.6953451043338684,1865,0.7862527716186253,0.8254189944134078,0.8053599818305701,2148,0.9911209766925638,0.9554208273894437,0.9729435264209189,2804,0.6353380451865954,0.5570154998856501,0.6948920222069577,0.80535998183057,0.5726754726465165,0.9188481938542007,0.16462127261380644,0.0465430987292664,0.22287989640199507,0.7943760001372061,0.5502735479429992,0.91259945676185,,
RECORDED,Bus A to Bus B,Bus A,Bus B,A+M+G,CAUSAL,INDUCTIVE_FIXED_TEST,14,False,0,137,7059,12,0,0.0,0.0,0.7108655616942909,0.7014796613515224,0.5834562520840428,0.3659889094269871,0.9921708185053381,0.44721806327694447,0.4964693150212205,0.11994698475811796,0.7479338842975206,0.2067390062821245,242,0.7138263665594855,0.8332439678284183,0.7689262741217219,1865,0.8886894075403949,0.23044692737430167,0.3659889094269871,2148,0.9900568181818182,0.9942938659058488,0.9921708185053381,2804,0.5834562520840428,0.53037986914599,0.6724912515442316,0.36598890942698703,0.11491533644284849,0.5543592327146832,0.11273947951125385,0.038889422060361264,0.1710488804109773,0.3550049277336232,0.1145349588785326,0.5391342200294577,254.0,12.0
RECORDED,Bus A to Bus B,Bus A,Bus B,A+M+G,RAW,INDUCTIVE_FIXED_TEST,18,False,0,137,7059,12,0,0.0,0.0,0.628417622892761,0.675820820611473,0.47071677257278893,0.010983981693363844,0.9914802981895634,0.29712893070053076,0.28682365622101885,0.15983321751216123,0.9504132231404959,0.27364663890541346,242,0.5088993824918271,0.7512064343163539,0.606756171502815,1865,0.32432432432432434,0.00558659217877095,0.010983981693363844,2148,0.9869257950530035,0.996077032810271,0.9914802981895634,2804,0.470716772572789,0.4242106381429343,0.5515884606818511,0.010983981693363844,0.0,0.025113024748697577,0.0,0.0,0.0,0.0,0.0,0.0,,
RECORDED,Bus A to Bus B,Bus A,Bus B,A+M+G,ZSCORE,INDUCTIVE_FIXED_TEST,18,True,18,137,7059,12,6262,104.36666666666666,197.27287666666666,0.7421731123388582,0.5629393784963008,0.5392915389730879,0.5085869237722206,0.9837914023960536,0.3911249178320994,0.527009692892741,1.0,0.004132231404958678,0.00823045267489712,242,0.5313432835820896,0.8589812332439678,0.6565573770491804,1865,0.7207514944491887,0.3929236499068901,0.5085869237722206,2148,0.9721448467966574,0.9957203994293866,0.9837914023960536,2804,0.5392915389730879,0.45147912889157266,0.6165093812725395,0.5085869237722205,0.22148015241731145,0.7256566292325534,0.06857476640029891,-0.04019229707864493,0.1351549199792022,0.49760294207885664,0.2024977646076257,0.7199201042753229,,
RECORDED,Bus A to Bus B,Bus A,Bus B,A+M+G,QUANTILE,INDUCTIVE_FIXED_TEST,18,True,18,137,7059,12,6262,104.36666666666666,197.27287666666666,0.8205128205128205,0.6813750184289924,0.675749691419931,0.786692759295499,0.9767272727272728,0.5754238309841505,0.7201269185701582,0.07509386733416772,0.24793388429752067,0.11527377521613832,242,0.8854679802955665,0.7710455764075067,0.824304958440814,1865,0.8288659793814434,0.7486033519553073,0.786692759295499,2148,0.9962908011869436,0.9579172610556348,0.9767272727272728,2804,0.675749691419931,0.5765548972966242,0.7929797140309354,0.786692759295499,0.47443434027964326,0.930300832390496,0.20503291884714203,0.06835996298355848,0.3197777887391807,0.7757087776021351,0.4511674797436573,0.9240769243273548,,
RECORDED,Bus A to Bus B,Bus A,Bus B,A+M+G,CORAL,INDUCTIVE_FIXED_TEST,18,True,18,137,7059,12,6262,104.36666666666666,197.27287666666666,0.8120130330075082,0.6540761365648925,0.6475081052779268,0.8555323590814197,0.959070796460177,0.5436538748838434,0.730717806799324,0.07992565055762081,0.17768595041322313,0.11025641025641025,242,0.8252581413820492,0.5571045576407506,0.6651728553137004,1865,0.77554882664648,0.9539106145251397,0.8555323590814197,2148,0.9927480916030534,0.9276034236804565,0.959070796460177,2804,0.6475081052779268,0.6006475900551393,0.6860672897995979,0.8555323590814198,0.7532265005949216,0.9083532182195391,0.1767913327051378,0.060834882554108946,0.23025620568556943,0.8445483773880559,0.7399035954864902,0.8992136875065395,,
RECORDED,Bus A to Bus B,Bus A,Bus B,A+M+G,CAUSAL,INDUCTIVE_FIXED_TEST,18,False,0,137,7059,12,0,0.0,0.0,0.7108655616942909,0.7014796613515224,0.5834562520840428,0.3659889094269871,0.9921708185053381,0.44721806327694447,0.4964693150212205,0.11994698475811796,0.7479338842975206,0.2067390062821245,242,0.7138263665594855,0.8332439678284183,0.7689262741217219,1865,0.8886894075403949,0.23044692737430167,0.3659889094269871,2148,0.9900568181818182,0.9942938659058488,0.9921708185053381,2804,0.5834562520840428,0.53037986914599,0.6724912515442316,0.36598890942698703,0.11491533644284849,0.5543592327146832,0.11273947951125385,0.038889422060361264,0.1710488804109773,0.3550049277336232,0.1145349588785326,0.5391342200294577,254.0,12.0
RECORDED,Bus B to Bus A,Bus B,Bus A,A,RAW,INDUCTIVE_FIXED_TEST,1,False,0,54,98280,236,0,0.0,0.0,0.7345848595848596,0.5761950258098136,0.5311949971246013,0.001501877346683354,0.9965557349835692,0.3760747511716119,0.3193177492134341,0.4938264644528387,0.44108167992748515,0.4659662189120894,19858,0.5332025854925142,0.8685264341957255,0.6607561572560631,22225,0.05625,0.0007610993657505285,0.001501877346683354,11825,0.9987098526515923,0.994410889750293,0.9965557349835692,44372,0.5311949971246013,0.5125036829771434,0.548535453965231,0.001501877346683354,0.0,0.0041633082456725805,0.0,0.0,0.0,0.0,0.0,0.0,,
RECORDED,Bus B to Bus A,Bus B,Bus A,A,ZSCORE,INDUCTIVE_FIXED_TEST,1,True,1,54,98280,236,15,0.25,1.8072222222222223,0.29896214896214895,0.30204365823976576,0.19091013451414965,0.0,0.3444045000089428,0.13974534601588526,0.11454608070848979,0.22357309345608303,0.9612246953368919,0.36276904071839217,19858,0.48826979472140764,0.029966254218222722,0.05646699732926364,22225,0.0,0.0,0.0,11825,0.8343877285726666,0.21698368340394844,0.3444045000089428,44372,0.19091013451414965,0.1774128759131576,0.20401213094564227,0.0,0.0,0.0,-0.34028486261045165,-0.3639269274555817,-0.3157232784529902,-0.001501877346683354,-0.0045474211619165525,0.0,,
RECORDED,Bus B to Bus A,Bus B,Bus A,A,QUANTILE,INDUCTIVE_FIXED_TEST,1,True,1,54,98280,236,15,0.25,1.8072222222222223,0.20282865282865284,0.2299969075515741,0.11416404276489861,0.0,0.09950635650527455,0.11904993818477329,0.06849842565893917,0.2025635714546806,0.8371940779534697,0.32620105757816564,19858,0.2564821303433777,0.016467941507311585,0.030948756976154235,22225,0.0,0.0,0.0,11825,0.19912043301759133,0.06632561074551518,0.09950635650527455,44372,0.11416404276489861,0.10307389036516774,0.1256980394178051,0.0,0.0,0.0,-0.41703095435970267,-0.43861667341852956,-0.3950864758048725,-0.001501877346683354,-0.00414189713224694,0.0,,
RECORDED,Bus B to Bus A,Bus B,Bus A,A,CORAL,INDUCTIVE_FIXED_TEST,1,True,1,54,98280,236,15,0.25,1.8072222222222223,0.23103378103378103,0.26004908378087194,0.13475624121148252,0.0003382091823793016,0.14780428159907155,0.1304068944156195,0.08098902839984123,0.201741096913011,0.9254204854466713,0.3312663361874718,19858,0.2302571860816944,0.03424071991001125,0.059616137877007445,22225,1.0,0.00016913319238900633,0.0003382091823793016,11825,0.9188353517134759,0.0803659965744163,0.14780428159907155,44372,0.13475624121148252,0.12077121804889379,0.14955430499090897,0.00033820918237930156,0.0,0.0008665236419362946,-0.3964387559131187,-0.421545192821581,-0.37097462235984147,-0.0011636681643040526,-0.003469560141860252,3.2590695458627456e-06,,
RECORDED,Bus B to Bus A,Bus B,Bus A,A,CAUSAL,INDUCTIVE_FIXED_TEST,1,False,0,54,98280,236,0,0.0,0.0,0.7374542124542125,0.5817627347459174,0.5420717034124423,0.037651721575427295,0.9967708427422997,0.39050532363582313,0.34030371067763626,0.49374657158529894,0.4532682042501763,0.4726423020373871,19858,0.5371963562753036,0.8597075365579303,0.6612219472946551,22225,0.7972027972027972,0.019281183932346724,0.037651721575427295,11825,0.9987555434880985,0.9947940142432165,0.9967708427422997,44372,0.5420717034124423,0.523600139388019,0.5590462457719625,0.0376517215754273,0.018218028386937306,0.06189058383782048,0.010876706287840987,0.004577696076147253,0.01808618575810832,0.03614984422874395,0.016580429688072613,0.0610755186103147,30.0,236.0
RECORDED,Bus B to Bus A,Bus B,Bus A,A,RAW,INDUCTIVE_FIXED_TEST,3,False,0,54,98280,236,0,0.0,0.0,0.7345848595848596,0.5761950258098136,0.5311949971246013,0.001501877346683354,0.9965557349835692,0.3760747511716119,0.3193177492134341,0.4938264644528387,0.44108167992748515,0.4659662189120894,19858,0.5332025854925142,0.8685264341957255,0.6607561572560631,22225,0.05625,0.0007610993657505285,0.001501877346683354,11825,0.9987098526515923,0.994410889750293,0.9965557349835692,44372,0.5311949971246013,0.5125036829771434,0.548535453965231,0.001501877346683354,0.0,0.0041633082456725805,0.0,0.0,0.0,0.0,0.0,0.0,,
RECORDED,Bus B to Bus A,Bus B,Bus A,A,ZSCORE,INDUCTIVE_FIXED_TEST,3,True,3,54,98280,236,244,4.066666666666666,8.927528333333333,0.7165242165242165,0.5789644602996334,0.5371390764565944,0.0030443839128344815,0.938825184506995,0.4032437071064609,0.32350119943909045,0.4492938303068918,0.8522509819720012,0.588394812780308,19858,0.7745191005147657,0.5145106861642295,0.6182919246262403,22225,0.0289193302891933,0.0016067653276955602,0.0030443839128344815,11825,0.9303179836693147,0.9474894077346074,0.938825184506995,44372,0.5371390764565944,0.5238872034964398,0.5497413782992105,0.0030443839128344815,0.0011757444327418882,0.005271201986511056,0.005944079331993146,-0.01315577357010731,0.026855468378816933,0.0015425065661511274,-0.0016917843839763839,0.004398586195116359,,
RECORDED,Bus B to Bus A,Bus B,Bus A,A,QUANTILE,INDUCTIVE_FIXED_TEST,3,True,3,54,98280,236,244,4.066666666666666,8.927528333333333,0.7037342287342288,0.6120987523933102,0.5959496533501536,0.4258203005213125,0.9790678078850503,0.46824360183852126,0.5278979122186171,0.48849670632189557,0.5004028603081881,0.4943781094527363,19858,0.7175390590519904,0.36575928008998876,0.48453239554151517,22225,0.33403897041135433,0.5871458773784355,0.4258203005213125,11825,0.9635562150837989,0.9950869917966285,0.9790678078850503,44372,0.5959496533501536,0.5735701127644582,0.6161754426413495,0.4258203005213124,0.3757806156932858,0.4737561934026864,0.06475465622555232,0.033416574245472785,0.09462528069423999,0.4243184231746291,0.37458708353921877,0.47222272531128806,,
RECORDED,Bus B to Bus A,Bus B,Bus A,A,CORAL,INDUCTIVE_FIXED_TEST,3,True,3,54,98280,236,244,4.066666666666666,8.927528333333333,0.36554741554741554,0.3383378448456215,0.27154413442789477,0.00016742005692281934,0.47824644978442427,0.20264336264238492,0.16299344867950596,0.34564286425654817,0.87385436599859,0.4953541812368868,19858,0.10426285010772546,0.1219347581552306,0.11240848663334509,22225,0.008264462809917356,8.456659619450317e-05,0.00016742005692281934,11825,0.7222475184409435,0.3574776886324709,0.47824644978442427,44372,0.27154413442789477,0.2578399373715321,0.2849220425550276,0.00016742005692281934,0.0,0.0005802318717359029,-0.2596508626967065,-0.28138544651158254,-0.23563501543962104,-0.0013344572897605348,-0.004080572410083843,0.00018802861399457084,,
RECORDED,Bus B to Bus A,Bus B,Bus A,A,CAUSAL,INDUCTIVE_FIXED_TEST,3,False,0,54,98280,236,0,0.0,0.0,0.7374542124542125,0.5817627347459174,0.5420717034124423,0.037651721575427295,0.9967708427422997,0.39050532363582313,0.34030371067763626,0.49374657158529894,0.4532682042501763,0.4726423020373871,19858,0.5371963562753036,0.8597075365579303,0.6612219472946551,22225,0.7972027972027972,0.019281183932346724,0.037651721575427295,11825,0.9987555434880985,0.9947940142432165,0.9967708427422997,44372,0.5420717034124423,0.523600139388019,0.5590462457719625,0.0376517215754273,0.018218028386937306,0.06189058383782048,0.010876706287840987,0.004577696076147253,0.01808618575810832,0.03614984422874395,0.016580429688072613,0.0610755186103147,30.0,236.0
RECORDED,Bus B to Bus A,Bus B,Bus A,A,RAW,INDUCTIVE_FIXED_TEST,7,False,0,54,98280,236,0,0.0,0.0,0.7345848595848596,0.5761950258098136,0.5311949971246013,0.001501877346683354,0.9965557349835692,0.3760747511716119,0.3193177492134341,0.4938264644528387,0.44108167992748515,0.4659662189120894,19858,0.5332025854925142,0.8685264341957255,0.6607561572560631,22225,0.05625,0.0007610993657505285,0.001501877346683354,11825,0.9987098526515923,0.994410889750293,0.9965557349835692,44372,0.5311949971246013,0.5125036829771434,0.548535453965231,0.001501877346683354,0.0,0.0041633082456725805,0.0,0.0,0.0,0.0,0.0,0.0,,
RECORDED,Bus B to Bus A,Bus B,Bus A,A,ZSCORE,INDUCTIVE_FIXED_TEST,7,True,7,54,98280,236,324,5.4,53.62360916666666,0.7373117623117623,0.59111403499552,0.5549806096565697,0.020053367833751112,0.9510813649999459,0.422947024542111,0.34100971292744225,0.4701236466899367,0.8003323597542552,0.5923151460942159,19858,0.7851193085739337,0.5640494938132733,0.6564725596983662,22225,0.22878228782287824,0.010486257928118393,0.020053367833751112,11825,0.9154591889919733,0.9895880284864329,0.9510813649999459,44372,0.5549806096565698,0.5416667111675779,0.568540463964944,0.020053367833751116,0.010143975341939114,0.03180223865656335,0.023785612531968536,0.0064775342372743626,0.041018526952197924,0.01855149048706776,0.008819682100995437,0.030206100982257643,,
RECORDED,Bus B to Bus A,Bus B,Bus A,A,QUANTILE,INDUCTIVE_FIXED_TEST,7,True,7,54,98280,236,324,5.4,53.62360916666666,0.7228327228327228,0.6389562916515759,0.6350448395322194,0.46399815078784146,0.9459199275157144,0.5314198102043877,0.5666261640344682,0.5166384658770445,0.5535300634504985,0.5344483881946808,19858,0.6473164810807959,0.5519010123734533,0.5958128916306407,22225,0.42612510614208887,0.5092600422832981,0.46399815078784146,11825,0.9507547298681784,0.9411340484990535,0.9459199275157144,44372,0.6350448395322194,0.6110503568673871,0.6568726525748911,0.46399815078784146,0.4054684597721854,0.5159832342089719,0.10384984240761808,0.07379698314707715,0.1344312741773197,0.4624962734411581,0.4032944120270493,0.5152703594320668,,
RECORDED,Bus B to Bus A,Bus B,Bus A,A,CORAL,INDUCTIVE_FIXED_TEST,7,True,7,54,98280,236,324,5.4,53.62360916666666,0.4583333333333333,0.4025253576107032,0.3477391405295614,0.0010081492060825003,0.6024668186083926,0.26282991450328436,0.20904674400016982,0.39165009940357853,0.823396112398026,0.5308163033421527,19858,0.23704974271012008,0.27982002249718785,0.25666529096161783,22225,0.07692307692307693,0.000507399577167019,0.0010081492060825003,11825,0.7435634390098617,0.5063778959704318,0.6024668186083926,44372,0.3477391405295614,0.3336358764682746,0.36168690049679497,0.0010081492060825003,0.00015868891515142432,0.0021896986300617306,-0.18345585659503988,-0.2060069060381592,-0.16102076892133993,-0.0004937281406008538,-0.0035241712495394113,0.0016805774636118292,,
RECORDED,Bus B to Bus A,Bus B,Bus A,A,CAUSAL,INDUCTIVE_FIXED_TEST,7,False,0,54,98280,236,0,0.0,0.0,0.7374542124542125,0.5817627347459174,0.5420717034124423,0.037651721575427295,0.9967708427422997,0.39050532363582313,0.34030371067763626,0.49374657158529894,0.4532682042501763,0.4726423020373871,19858,0.5371963562753036,0.8597075365579303,0.6612219472946551,22225,0.7972027972027972,0.019281183932346724,0.037651721575427295,11825,0.9987555434880985,0.9947940142432165,0.9967708427422997,44372,0.5420717034124423,0.523600139388019,0.5590462457719625,0.0376517215754273,0.018218028386937306,0.06189058383782048,0.010876706287840987,0.004577696076147253,0.01808618575810832,0.03614984422874395,0.016580429688072613,0.0610755186103147,30.0,236.0
RECORDED,Bus B to Bus A,Bus B,Bus A,A,RAW,INDUCTIVE_FIXED_TEST,14,False,0,54,98280,236,0,0.0,0.0,0.7345848595848596,0.5761950258098136,0.5311949971246013,0.001501877346683354,0.9965557349835692,0.3760747511716119,0.3193177492134341,0.4938264644528387,0.44108167992748515,0.4659662189120894,19858,0.5332025854925142,0.8685264341957255,0.6607561572560631,22225,0.05625,0.0007610993657505285,0.001501877346683354,11825,0.9987098526515923,0.994410889750293,0.9965557349835692,44372,0.5311949971246013,0.5125036829771434,0.548535453965231,0.001501877346683354,0.0,0.0041633082456725805,0.0,0.0,0.0,0.0,0.0,0.0,,
RECORDED,Bus B to Bus A,Bus B,Bus A,A,ZSCORE,INDUCTIVE_FIXED_TEST,14,True,14,54,98280,236,1288,21.466666666666665,166.9603975,0.7017501017501018,0.5362639347251379,0.49031928367785715,0.0013285726147969775,0.9831926212596054,0.3260281711506078,0.29472299925263307,0.5682038364658012,0.29534696344042705,0.38866799204771374,19858,0.44799641923249073,0.855658042744657,0.5880879487893126,22225,0.03669724770642202,0.0006765327695560253,0.0013285726147969775,11825,0.9732176370581351,0.9933741999459118,0.9831926212596054,44372,0.49031928367785715,0.4691977911394706,0.5109163730652941,0.0013285726147969773,0.0,0.0035688709735991558,-0.04087571344674412,-0.0633316022689217,-0.01668747987470152,-0.0001733047318863768,-0.0033653878857533136,0.0025082960871474786,,
RECORDED,Bus B to Bus A,Bus B,Bus A,A,QUANTILE,INDUCTIVE_FIXED_TEST,14,True,14,54,98280,236,1288,21.466666666666665,166.9603975,0.6448717948717949,0.48198192376104887,0.4396180991216807,0.002013760698103709,0.8553135275343033,0.30105295631747314,0.2645763637522499,0.42845715748384205,0.6743377983684158,0.5239865393645328,19858,0.7401947881021321,0.2530483689538808,0.37715856888978305,22225,0.12903225806451613,0.001014799154334038,0.002013760698103709,11825,0.7474677677593327,0.9995267285675651,0.8553135275343033,44372,0.4396180991216807,0.423963210572084,0.4540310793482985,0.002013760698103709,0.00030601405653751205,0.004375592364490521,-0.09157689800292057,-0.10586771287151772,-0.07619469075993045,0.0005118833514203547,-0.0025061599289724888,0.003585723641114495,,
RECORDED,Bus B to Bus A,Bus B,Bus A,A,CORAL,INDUCTIVE_FIXED_TEST,14,True,14,54,98280,236,1288,21.466666666666665,166.9603975,0.7497049247049247,0.6010555435128229,0.5630530457574652,0.016742406122937096,0.9910878230104349,0.42037478667314193,0.34452878990365393,0.4759514170040486,0.7400040286030819,0.5793073541876096,19858,0.6724463045577888,0.6578627671541057,0.6650745997088792,22225,0.14623955431754876,0.008879492600422832,0.016742406122937096,11825,0.9847810608757565,0.9974758856936807,0.9910878230104349,44372,0.5630530457574653,0.5459534377925939,0.5785526398878679,0.016742406122937092,0.008463548777271318,0.026620529921965324,0.03185804863286401,0.006053970688866386,0.056302387284408145,0.015240528776253738,0.0067336883749862745,0.025243322441435335,,
RECORDED,Bus B to Bus A,Bus B,Bus A,A,CAUSAL,INDUCTIVE_FIXED_TEST,14,False,0,54,98280,236,0,0.0,0.0,0.7374542124542125,0.5817627347459174,0.5420717034124423,0.037651721575427295,0.9967708427422997,0.39050532363582313,0.34030371067763626,0.49374657158529894,0.4532682042501763,0.4726423020373871,19858,0.5371963562753036,0.8597075365579303,0.6612219472946551,22225,0.7972027972027972,0.019281183932346724,0.037651721575427295,11825,0.9987555434880985,0.9947940142432165,0.9967708427422997,44372,0.5420717034124423,0.523600139388019,0.5590462457719625,0.0376517215754273,0.018218028386937306,0.06189058383782048,0.010876706287840987,0.004577696076147253,0.01808618575810832,0.03614984422874395,0.016580429688072613,0.0610755186103147,30.0,236.0
RECORDED,Bus B to Bus A,Bus B,Bus A,A,RAW,INDUCTIVE_FIXED_TEST,18,False,0,54,98280,236,0,0.0,0.0,0.7345848595848596,0.5761950258098136,0.5311949971246013,0.001501877346683354,0.9965557349835692,0.3760747511716119,0.3193177492134341,0.4938264644528387,0.44108167992748515,0.4659662189120894,19858,0.5332025854925142,0.8685264341957255,0.6607561572560631,22225,0.05625,0.0007610993657505285,0.001501877346683354,11825,0.9987098526515923,0.994410889750293,0.9965557349835692,44372,0.5311949971246013,0.5125036829771434,0.548535453965231,0.001501877346683354,0.0,0.0041633082456725805,0.0,0.0,0.0,0.0,0.0,0.0,,
RECORDED,Bus B to Bus A,Bus B,Bus A,A,ZSCORE,INDUCTIVE_FIXED_TEST,18,True,18,54,98280,236,1599,26.65,226.04062027777778,0.7067765567765568,0.5407375443292087,0.4933096485029832,0.000329733740004946,0.9935873679009019,0.326550408703677,0.29611768259779186,0.5660544150869267,0.2902104945110283,0.3837011884550085,19858,0.45130096006678727,0.8756355455568055,0.5956203039160176,22225,0.006535947712418301,0.00016913319238900633,0.000329733740004946,11825,0.9902621387477334,0.9969350040566123,0.9935873679009019,44372,0.4933096485029832,0.47175107946458866,0.5141075857271493,0.00032973374000494596,0.0,0.0010826856713464167,-0.037885348621618076,-0.05826216136688234,-0.01755218088846384,-0.001172143606678408,-0.0032236010362173633,0.0,,
RECORDED,Bus B to Bus A,Bus B,Bus A,A,QUANTILE,INDUCTIVE_FIXED_TEST,18,True,18,54,98280,236,1599,26.65,226.04062027777778,0.6500407000407,0.48751085963311247,0.4478631055403145,0.0025119316754584277,0.8651289803481738,0.3087744806043614,0.2697226359943721,0.42232359321168816,0.6666834525128412,0.5170878412686013,19858,0.7258120448503064,0.2825196850393701,0.4067236688690245,22225,0.1271186440677966,0.0012684989429175475,0.0025119316754584277,11825,0.7625638292385193,0.9995718020373209,0.8651289803481738,44372,0.4478631055403145,0.43243419025316443,0.46216089389675363,0.0025119316754584273,0.0003213419755118703,0.005608706411363158,-0.08333189158428678,-0.09849212024293494,-0.06769243095306285,0.0010100543287750732,-0.0024513838351614774,0.004657226360326275,,
RECORDED,Bus B to Bus A,Bus B,Bus A,A,CORAL,INDUCTIVE_FIXED_TEST,18,True,18,54,98280,236,1599,26.65,226.04062027777778,0.7504985754985755,0.6002273412550488,0.560061343464841,0.010532285505954793,0.9949408643252238,0.4151015031780468,0.3402497202812865,0.5178003332828359,0.688488266693524,0.5910682633695041,19858,0.5889403330595175,0.7096962879640045,0.6437039606586814,22225,0.12548262548262548,0.0054968287526427064,0.010532285505954793,11825,0.9926642139267767,0.9972279816100243,0.9949408643252238,44372,0.560061343464841,0.5430135371183041,0.5765751579516677,0.010532285505954793,0.004945831907642356,0.01754169851742583,0.028866346340239768,0.0030777804326168725,0.05561461091655823,0.009030408159271438,0.002530586857193241,0.01636375011308401,,
RECORDED,Bus B to Bus A,Bus B,Bus A,A,CAUSAL,INDUCTIVE_FIXED_TEST,18,False,0,54,98280,236,0,0.0,0.0,0.7374542124542125,0.5817627347459174,0.5420717034124423,0.037651721575427295,0.9967708427422997,0.39050532363582313,0.34030371067763626,0.49374657158529894,0.4532682042501763,0.4726423020373871,19858,0.5371963562753036,0.8597075365579303,0.6612219472946551,22225,0.7972027972027972,0.019281183932346724,0.037651721575427295,11825,0.9987555434880985,0.9947940142432165,0.9967708427422997,44372,0.5420717034124423,0.523600139388019,0.5590462457719625,0.0376517215754273,0.018218028386937306,0.06189058383782048,0.010876706287840987,0.004577696076147253,0.01808618575810832,0.03614984422874395,0.016580429688072613,0.0610755186103147,30.0,236.0
RECORDED,Bus B to Bus A,Bus B,Bus A,M,RAW,INDUCTIVE_FIXED_TEST,1,False,0,41,98280,236,0,0.0,0.0,0.5377085877085878,0.428231816313757,0.4066176734513023,0.022761400458389314,0.8347330923840973,0.2639125338070372,0.25307516425413706,0.290356458886761,0.47336086212105954,0.35993260836268953,19858,0.34424566580597565,0.5038920134983127,0.40904359260003287,22225,0.17391304347826086,0.012177589852008456,0.022761400458389314,11825,0.9863884962821852,0.7234967997836473,0.8347330923840973,44372,0.4066176734513023,0.3875764455549645,0.42611634609514254,0.022761400458389317,0.004611768082487156,0.04605534027020393,0.0,0.0,0.0,0.0,0.0,0.0,,
RECORDED,Bus B to Bus A,Bus B,Bus A,M,ZSCORE,INDUCTIVE_FIXED_TEST,1,True,1,41,98280,236,15,0.25,1.8072222222222223,0.20286935286935287,0.24921445801125644,0.09368150504193748,0.0,0.008368388078403293,0.12211921069644888,0.05620890302516249,0.2036412535325202,0.976130526739853,0.33698118127689164,19858,0.13292285403839188,0.016512935883014623,0.029376450812454973,22225,0.0,0.0,0.0,11825,0.584375,0.004214369422158117,0.008368388078403293,44372,0.09368150504193747,0.08053043950331833,0.10805241063962338,0.0,0.0,0.0,-0.31293616840936483,-0.3356192567731648,-0.28816839857961907,-0.022761400458389317,-0.04761939338616655,-0.004563920206826921,,
RECORDED,Bus B to Bus A,Bus B,Bus A,M,QUANTILE,INDUCTIVE_FIXED_TEST,1,True,1,41,98280,236,15,0.25,1.8072222222222223,0.2102971102971103,0.25425740912033823,0.10066790334628553,0.0003372396931118793,0.034978111181996174,0.12256450073438198,0.06053563788501607,0.20664581043375327,0.9845905932118038,0.3415972185823855,19858,0.12544239087691703,0.014353205849268842,0.02575904392764858,22225,0.05555555555555555,0.00016913319238900633,0.0003372396931118793,11825,0.7327188940092166,0.017916704227891465,0.034978111181996174,44372,0.10066790334628556,0.08707425139478794,0.11437357400771643,0.0003372396931118792,0.0,0.0008640133002350874,-0.3059497701050167,-0.328753282715743,-0.2827274189605356,-0.022424160765277437,-0.046361940123632456,-0.0037052502934764326,,
RECORDED,Bus B to Bus A,Bus B,Bus A,M,CORAL,INDUCTIVE_FIXED_TEST,1,True,1,41,98280,236,15,0.25,1.8072222222222223,0.20202482702482702,0.2428484342098672,0.13438114148008057,0.0005048380311316786,0.0013604546551686306,0.17872137042171787,0.080830620100501,0.2109831581977832,0.7380904421391883,0.32816138276912055,19858,0.1874478202475589,0.23235095613048368,0.20749789046490136,22225,0.05,0.0002536997885835095,0.0005048380311316786,11825,0.025811823480432972,0.0006986387812133779,0.0013604546551686306,44372,0.13438114148008057,0.12025413317775853,0.14953480048230566,0.0005048380311316786,0.0,0.0013786091596809725,-0.2722365319712217,-0.2930074193457967,-0.2507078559759714,-0.02225656242725764,-0.0457233435177924,-0.0038292685280578885,,
RECORDED,Bus B to Bus A,Bus B,Bus A,M,CAUSAL,INDUCTIVE_FIXED_TEST,1,False,0,41,98280,236,0,0.0,0.0,0.566971916971917,0.44490294522670654,0.41457368258342564,0.02355788624445341,0.8623367410278823,0.2653193297686068,0.25816736404783674,0.28375925835090987,0.2913183603585457,0.2874891290843583,19858,0.36848629432126484,0.7088863892013498,0.48491097397700866,22225,0.256140350877193,0.012346723044397464,0.02355788624445341,11825,0.9846385280759106,0.7670603083025331,0.8623367410278823,44372,0.41457368258342564,0.3975421396107279,0.43199449592183203,0.02355788624445341,0.004146169476540734,0.056069021910839116,0.007956009132123354,-0.01058784734121782,0.026794594438199565,0.0007964857860640918,-0.031737355883267704,0.03803846766680661,30.0,236.0
RECORDED,Bus B to Bus A,Bus B,Bus A,M,RAW,INDUCTIVE_FIXED_TEST,3,False,0,41,98280,236,0,0.0,0.0,0.5377085877085878,0.428231816313757,0.4066176734513023,0.022761400458389314,0.8347330923840973,0.2639125338070372,0.25307516425413706,0.290356458886761,0.47336086212105954,0.35993260836268953,19858,0.34424566580597565,0.5038920134983127,0.40904359260003287,22225,0.17391304347826086,0.012177589852008456,0.022761400458389314,11825,0.9863884962821852,0.7234967997836473,0.8347330923840973,44372,0.4066176734513023,0.3875764455549645,0.42611634609514254,0.022761400458389317,0.004611768082487156,0.04605534027020393,0.0,0.0,0.0,0.0,0.0,0.0,,
RECORDED,Bus B to Bus A,Bus B,Bus A,M,ZSCORE,INDUCTIVE_FIXED_TEST,3,True,3,41,98280,236,244,4.066666666666666,8.927528333333333,0.2646011396011396,0.27890037676157275,0.16431304813123232,0.0,0.23828465752468683,0.13965584500008082,0.09858782887873939,0.22302323612303895,0.9284922952966059,0.3596570793223513,19858,0.2773393461104848,0.033205849268841396,0.059310455677891186,22225,0.0,0.0,0.0,11825,0.5274988413409547,0.15390336248084377,0.23828465752468683,44372,0.16431304813123232,0.1432124245322788,0.18618331153050938,0.0,0.0,0.0,-0.24230462532006997,-0.26952250468095695,-0.21306620201555387,-0.022761400458389317,-0.047883116776629896,-0.0040829461547002835,,
RECORDED,Bus B to Bus A,Bus B,Bus A,M,QUANTILE,INDUCTIVE_FIXED_TEST,3,True,3,41,98280,236,244,4.066666666666666,8.927528333333333,0.3922059422059422,0.3378068278483276,0.24899253493919443,0.00016911889058007779,0.5637567762437579,0.14407112117100665,0.1494631685197487,0.25309729229483235,0.8538624232047538,0.3904573297103118,19858,0.6264744429882044,0.021507311586051743,0.04158691491212807,22225,1.0,8.456659619450317e-05,0.00016911889058007779,11825,0.6916650285040299,0.4757730100063103,0.5637567762437579,44372,0.24899253493919443,0.22946626239388773,0.268993112137424,0.00016911889058007776,0.0,0.0005707355480203737,-0.15762513851210785,-0.1802780731726186,-0.13376380209139993,-0.02259228156780924,-0.04513185375389702,-0.00433791039646777,,
RECORDED,Bus B to Bus A,Bus B,Bus A,M,CORAL,INDUCTIVE_FIXED_TEST,3,True,3,41,98280,236,244,4.066666666666666,8.927528333333333,0.268030118030118,0.2901017462442756,0.18193675243641827,0.015700874069278083,0.2189900684343964,0.1695856471037589,0.11544240108956219,0.21637690714971486,0.9419881156209085,0.35191752344580424,19858,0.5590158829025226,0.08076490438695164,0.14113854379619437,22225,0.18267419962335216,0.008202959830866807,0.015700874069278083,11825,0.7102757512056387,0.12945100513837554,0.2189900684343964,44372,0.18193675243641827,0.15116922915971132,0.21456279664753905,0.015700874069278083,0.0030816030658471615,0.03386426761403159,-0.22468092101488402,-0.2575110600552461,-0.18821372146522694,-0.007060526389111234,-0.026733560374658745,0.012954438736356738,,
RECORDED,Bus B to Bus A,Bus B,Bus A,M,CAUSAL,INDUCTIVE_FIXED_TEST,3,False,0,41,98280,236,0,0.0,0.0,0.566971916971917,0.44490294522670654,0.41457368258342564,0.02355788624445341,0.8623367410278823,0.2653193297686068,0.25816736404783674,0.28375925835090987,0.2913183603585457,0.2874891290843583,19858,0.36848629432126484,0.7088863892013498,0.48491097397700866,22225,0.256140350877193,0.012346723044397464,0.02355788624445341,11825,0.9846385280759106,0.7670603083025331,0.8623367410278823,44372,0.41457368258342564,0.3975421396107279,0.43199449592183203,0.02355788624445341,0.004146169476540734,0.056069021910839116,0.007956009132123354,-0.01058784734121782,0.026794594438199565,0.0007964857860640918,-0.031737355883267704,0.03803846766680661,30.0,236.0
RECORDED,Bus B to Bus A,Bus B,Bus A,M,RAW,INDUCTIVE_FIXED_TEST,7,False,0,41,98280,236,0,0.0,0.0,0.5377085877085878,0.428231816313757,0.4066176734513023,0.022761400458389314,0.8347330923840973,0.2639125338070372,0.25307516425413706,0.290356458886761,0.47336086212105954,0.35993260836268953,19858,0.34424566580597565,0.5038920134983127,0.40904359260003287,22225,0.17391304347826086,0.012177589852008456,0.022761400458389314,11825,0.9863884962821852,0.7234967997836473,0.8347330923840973,44372,0.4066176734513023,0.3875764455549645,0.42611634609514254,0.022761400458389317,0.004611768082487156,0.04605534027020393,0.0,0.0,0.0,0.0,0.0,0.0,,
RECORDED,Bus B to Bus A,Bus B,Bus A,M,ZSCORE,INDUCTIVE_FIXED_TEST,7,True,7,41,98280,236,324,5.4,53.62360916666666,0.39226699226699224,0.3272692854490006,0.25917201534158885,0.0,0.55950914137077,0.15905963999852843,0.1555032092049533,0.25424078725527305,0.7441837043005338,0.37900082068116536,19858,0.3103448275862069,0.05831271091113611,0.09817809931441991,22225,0.0,0.0,0.0,11825,0.6247880590377185,0.5065807265843325,0.55950914137077,44372,0.2591720153415888,0.23895710114649468,0.28064688109126945,0.0,0.0,0.0,-0.1474456581097135,-0.17109266534844575,-0.124382813018271,-0.022761400458389317,-0.04704116823270527,-0.004306817574345143,,
RECORDED,Bus B to Bus A,Bus B,Bus A,M,QUANTILE,INDUCTIVE_FIXED_TEST,7,True,7,41,98280,236,324,5.4,53.62360916666666,0.4443019943019943,0.3438721833560462,0.285046342079026,0.00016911889058007779,0.6471029853382795,0.16436079432594156,0.17109545280364763,0.26159142764015647,0.6466411521804815,0.3724944159197053,19858,0.5082022095748242,0.06830146231721035,0.12041884816753927,22225,1.0,8.456659619450317e-05,0.00016911889058007779,11825,0.6342740888234785,0.6604615523302984,0.6471029853382795,44372,0.285046342079026,0.26375846166518985,0.3056752210730719,0.00016911889058007776,0.0,0.0005659204067209653,-0.12157133137227627,-0.14128184266372662,-0.10169325261134952,-0.02259228156780924,-0.04721897702453787,-0.003980395929513794,,
RECORDED,Bus B to Bus A,Bus B,Bus A,M,CORAL,INDUCTIVE_FIXED_TEST,7,True,7,41,98280,236,324,5.4,53.62360916666666,0.3174806674806675,0.29475356347033704,0.25378724425254917,0.00016911889058007779,0.40807319351825005,0.20235859449731555,0.15233999410776153,0.20291391696981884,0.5589686776110384,0.2977427877844986,19858,0.2874043145441893,0.33448818897637794,0.309163876816868,22225,1.0,8.456659619450317e-05,0.00016911889058007779,11825,0.7152456239412761,0.28547282069773733,0.40807319351825005,44372,0.25378724425254917,0.2308291518638592,0.27759131729706704,0.00016911889058007776,0.0,0.0005735877073884946,-0.15283042919875311,-0.1789029401094875,-0.12576595836805807,-0.02259228156780924,-0.046145773842371576,-0.003833874277950925,,
RECORDED,Bus B to Bus A,Bus B,Bus A,M,CAUSAL,INDUCTIVE_FIXED_TEST,7,False,0,41,98280,236,0,0.0,0.0,0.566971916971917,0.44490294522670654,0.41457368258342564,0.02355788624445341,0.8623367410278823,0.2653193297686068,0.25816736404783674,0.28375925835090987,0.2913183603585457,0.2874891290843583,19858,0.36848629432126484,0.7088863892013498,0.48491097397700866,22225,0.256140350877193,0.012346723044397464,0.02355788624445341,11825,0.9846385280759106,0.7670603083025331,0.8623367410278823,44372,0.41457368258342564,0.3975421396107279,0.43199449592183203,0.02355788624445341,0.004146169476540734,0.056069021910839116,0.007956009132123354,-0.01058784734121782,0.026794594438199565,0.0007964857860640918,-0.031737355883267704,0.03803846766680661,30.0,236.0
RECORDED,Bus B to Bus A,Bus B,Bus A,M,RAW,INDUCTIVE_FIXED_TEST,14,False,0,41,98280,236,0,0.0,0.0,0.5377085877085878,0.428231816313757,0.4066176734513023,0.022761400458389314,0.8347330923840973,0.2639125338070372,0.25307516425413706,0.290356458886761,0.47336086212105954,0.35993260836268953,19858,0.34424566580597565,0.5038920134983127,0.40904359260003287,22225,0.17391304347826086,0.012177589852008456,0.022761400458389314,11825,0.9863884962821852,0.7234967997836473,0.8347330923840973,44372,0.4066176734513023,0.3875764455549645,0.42611634609514254,0.022761400458389317,0.004611768082487156,0.04605534027020393,0.0,0.0,0.0,0.0,0.0,0.0,,
RECORDED,Bus B to Bus A,Bus B,Bus A,M,ZSCORE,INDUCTIVE_FIXED_TEST,14,True,14,41,98280,236,1288,21.466666666666665,166.9603975,0.3813085063085063,0.3332585118148304,0.2806330430025995,0.013483876208269028,0.5642349528643945,0.18609907304866788,0.1737733762848673,0.2344820038150036,0.755212005237184,0.35785530209029304,19858,0.31788723266364227,0.13241844769403824,0.18695804084744147,22225,0.17078189300411523,0.007019027484143763,0.013483876208269028,11825,0.7914394987387094,0.43838456684395566,0.5642349528643945,44372,0.2806330430025995,0.2550460405294299,0.30860642016160644,0.013483876208269028,0.0006791581517631898,0.03059711571776215,-0.12598463044870278,-0.14948889636731272,-0.1019453897525081,-0.00927752425012029,-0.023268622825468654,-0.0011964623829828097,,
RECORDED,Bus B to Bus A,Bus B,Bus A,M,QUANTILE,INDUCTIVE_FIXED_TEST,14,True,14,41,98280,236,1288,21.466666666666665,166.9603975,0.4224765974765975,0.3649302895869043,0.3321770088400912,0.07101421559252885,0.6423397139400839,0.22878944047342697,0.22771189154106625,0.25378328217574414,0.7161345553429348,0.3747595330329143,19858,0.33437424933941867,0.18789651293588303,0.2405945727948378,22225,0.14422578974624548,0.04710359408033827,0.07101421559252885,11825,0.8715482949059591,0.5085864959884612,0.6423397139400839,44372,0.3321770088400912,0.3012356518086396,0.36270951592161277,0.07101421559252885,0.03648429459438642,0.10949340305173416,-0.07444066461121107,-0.1031248345905883,-0.04691831069242367,0.04825281513413954,0.024896319334455706,0.07426711556711356,,
RECORDED,Bus B to Bus A,Bus B,Bus A,M,CORAL,INDUCTIVE_FIXED_TEST,14,True,14,41,98280,236,1288,21.466666666666665,166.9603975,0.3792836792836793,0.3054431563598772,0.2873253209753289,0.007363770250368188,0.5730579932814249,0.19208109687329689,0.1753407006853446,0.25547364131441486,0.347265585658173,0.29438005592196537,19858,0.21656266250650025,0.3747581552305962,0.2744994644475571,22225,0.11335012594458438,0.0038054968287526427,0.007363770250368188,11825,0.6785692260252852,0.4959433877219868,0.5730579932814249,44372,0.2873253209753289,0.26406409461125435,0.3077405829534837,0.007363770250368189,0.0015030193496071308,0.015101773974083011,-0.11929235247597336,-0.1442893926883615,-0.09636636220974203,-0.015397630208021127,-0.039949236710759777,0.00570292436565074,,
RECORDED,Bus B to Bus A,Bus B,Bus A,M,CAUSAL,INDUCTIVE_FIXED_TEST,14,False,0,41,98280,236,0,0.0,0.0,0.566971916971917,0.44490294522670654,0.41457368258342564,0.02355788624445341,0.8623367410278823,0.2653193297686068,0.25816736404783674,0.28375925835090987,0.2913183603585457,0.2874891290843583,19858,0.36848629432126484,0.7088863892013498,0.48491097397700866,22225,0.256140350877193,0.012346723044397464,0.02355788624445341,11825,0.9846385280759106,0.7670603083025331,0.8623367410278823,44372,0.41457368258342564,0.3975421396107279,0.43199449592183203,0.02355788624445341,0.004146169476540734,0.056069021910839116,0.007956009132123354,-0.01058784734121782,0.026794594438199565,0.0007964857860640918,-0.031737355883267704,0.03803846766680661,30.0,236.0
RECORDED,Bus B to Bus A,Bus B,Bus A,M,RAW,INDUCTIVE_FIXED_TEST,18,False,0,41,98280,236,0,0.0,0.0,0.5377085877085878,0.428231816313757,0.4066176734513023,0.022761400458389314,0.8347330923840973,0.2639125338070372,0.25307516425413706,0.290356458886761,0.47336086212105954,0.35993260836268953,19858,0.34424566580597565,0.5038920134983127,0.40904359260003287,22225,0.17391304347826086,0.012177589852008456,0.022761400458389314,11825,0.9863884962821852,0.7234967997836473,0.8347330923840973,44372,0.4066176734513023,0.3875764455549645,0.42611634609514254,0.022761400458389317,0.004611768082487156,0.04605534027020393,0.0,0.0,0.0,0.0,0.0,0.0,,
RECORDED,Bus B to Bus A,Bus B,Bus A,M,ZSCORE,INDUCTIVE_FIXED_TEST,18,True,18,41,98280,236,1599,26.65,226.04062027777778,0.3997049247049247,0.35253364009745414,0.3079212468891268,0.006928778601353529,0.6030669646297295,0.20953934097559257,0.1875242595740175,0.2351472320376914,0.7540034243126196,0.3584930506506411,19858,0.3481673454276194,0.21156355455568054,0.2631961936747831,22225,0.07325383304940375,0.0036363636363636364,0.006928778601353529,11825,0.9537854043777116,0.4409312178851528,0.6030669646297295,44372,0.3079212468891268,0.2809723119831282,0.335055560807594,0.006928778601353529,0.0,0.01614898423302046,-0.09869642656217548,-0.1211410951146555,-0.07506984916041516,-0.015832621857035788,-0.036013417403368275,-0.0010620468139455488,,
RECORDED,Bus B to Bus A,Bus B,Bus A,M,QUANTILE,INDUCTIVE_FIXED_TEST,18,True,18,41,98280,236,1599,26.65,226.04062027777778,0.43948921448921446,0.3731382635296248,0.3434769782258068,0.07093008501459205,0.6744070189034347,0.23316696466659756,0.2344582209413209,0.259922237457503,0.6968476180884279,0.37862018961106475,19858,0.33517481459058573,0.1992800899887514,0.24995061937413585,22225,0.14198628397256793,0.04727272727272727,0.07093008501459205,11825,0.8736823234134098,0.5491526187685928,0.6744070189034347,44372,0.3434769782258068,0.3138194801845292,0.37482867225301963,0.07093008501459205,0.03864091319502691,0.10662524918519911,-0.06314069522549548,-0.08906975378923183,-0.03669753418291846,0.04816868455620274,0.025221749932987078,0.07404693407416307,,
RECORDED,Bus B to Bus A,Bus B,Bus A,M,CORAL,INDUCTIVE_FIXED_TEST,18,True,18,41,98280,236,1599,26.65,226.04062027777778,0.4256613756613757,0.35651758298706837,0.3256669807445354,0.021666158071406774,0.6406117942146733,0.22068537625448936,0.20406665167528393,0.27740244481099036,0.6182395004532178,0.3829681041877876,19858,0.24913698745474447,0.2662767154105737,0.2574218665042737,22225,0.11067809820732658,0.01200845665961945,0.021666158071406774,11825,0.8106327192437729,0.5295456594248625,0.6406117942146733,44372,0.3256669807445354,0.296428138984294,0.3555421375491,0.021666158071406778,0.002472250221614003,0.05410945870988618,-0.08095069270676691,-0.10852767868519429,-0.05110333579588291,-0.0010952423869825395,-0.0342638338786142,0.036168942735542685,,
RECORDED,Bus B to Bus A,Bus B,Bus A,M,CAUSAL,INDUCTIVE_FIXED_TEST,18,False,0,41,98280,236,0,0.0,0.0,0.566971916971917,0.44490294522670654,0.41457368258342564,0.02355788624445341,0.8623367410278823,0.2653193297686068,0.25816736404783674,0.28375925835090987,0.2913183603585457,0.2874891290843583,19858,0.36848629432126484,0.7088863892013498,0.48491097397700866,22225,0.256140350877193,0.012346723044397464,0.02355788624445341,11825,0.9846385280759106,0.7670603083025331,0.8623367410278823,44372,0.41457368258342564,0.3975421396107279,0.43199449592183203,0.02355788624445341,0.004146169476540734,0.056069021910839116,0.007956009132123354,-0.01058784734121782,0.026794594438199565,0.0007964857860640918,-0.031737355883267704,0.03803846766680661,30.0,236.0
RECORDED,Bus B to Bus A,Bus B,Bus A,G,RAW,INDUCTIVE_FIXED_TEST,1,False,0,42,98280,236,0,0.0,0.0,0.6698209198209198,0.5175769810768238,0.5061025911930972,0.14027588886730133,0.9967012305648439,0.342569711402515,0.3597719102627789,0.37004566818893964,0.5590190351495619,0.4453135968870971,19858,0.4640878512069648,0.4221372328458943,0.4421196484531467,22225,0.2995022123893805,0.09158562367864694,0.14027588886730133,11825,0.9958379266125222,0.9975660326331921,0.9967012305648439,44372,0.5061025911930972,0.48492322122829096,0.5280092023394829,0.14027588886730133,0.08312873667572174,0.20408057769358257,0.0,0.0,0.0,0.0,0.0,0.0,,
RECORDED,Bus B to Bus A,Bus B,Bus A,G,ZSCORE,INDUCTIVE_FIXED_TEST,1,True,1,42,98280,236,15,0.25,1.8072222222222223,0.6069190069190069,0.45862471753199124,0.41982291898033025,0.19756811117206072,0.869549026909433,0.269914216337296,0.33092099585702245,0.4092303302660675,0.5778023970188337,0.47912142976448974,19858,0.653953118792213,0.0740607424071991,0.1330531080753375,22225,0.21500348224057308,0.18274841437632136,0.19756811117206072,11825,0.7692721156847107,0.9998873163256108,0.869549026909433,44372,0.41982291898033025,0.4089237905240563,0.43111316700970514,0.1975681111720607,0.1721303680097759,0.22375574634690876,-0.08627967221276694,-0.10968466000356081,-0.062529025898976,0.05729222230475936,-0.008256529777498878,0.1175529715085421,,
RECORDED,Bus B to Bus A,Bus B,Bus A,G,QUANTILE,INDUCTIVE_FIXED_TEST,1,True,1,42,98280,236,15,0.25,1.8072222222222223,0.5415140415140415,0.4101021965764403,0.34267729752006243,0.28392232541309853,0.8583175327941802,0.1707972190953565,0.31917530867727684,0.22760996290408056,0.08651425118340215,0.12537400569218418,19858,0.5965746907706946,0.05642294713160855,0.10309532618078678,22225,0.1986162672966588,0.49767441860465117,0.28392232541309853,11825,0.7519152542372881,0.9997971693860993,0.8583175327941802,44372,0.34267729752006243,0.3291045262727514,0.3561067473257153,0.2839223254130986,0.2429443925952804,0.32107796070561223,-0.16342529367303477,-0.1905013141133281,-0.1354729747641711,0.14364643654579726,0.06415465602394108,0.21723960156814662,,
RECORDED,Bus B to Bus A,Bus B,Bus A,G,CORAL,INDUCTIVE_FIXED_TEST,1,True,1,42,98280,236,15,0.25,1.8072222222222223,0.5444139194139194,0.3903803777859224,0.3661366617533741,0.20607249543002362,0.8012788700133613,0.22108925900004503,0.3021109952240339,0.15895086111550008,0.05065968375465807,0.07683201588574484,19858,0.3920435550885907,0.3693588301462317,0.3803632656843666,22225,0.21793662768766503,0.19543340380549684,0.20607249543002362,11825,0.6949245133094955,0.9460695934373028,0.8012788700133613,44372,0.3661366617533741,0.35042164681184473,0.38177961583080233,0.20607249543002365,0.17378314091420258,0.2393181168927028,-0.13996592943972308,-0.16854209004281723,-0.1103398816264781,0.06579660656272232,-0.007869080541812257,0.13697434172405792,,
RECORDED,Bus B to Bus A,Bus B,Bus A,G,CAUSAL,INDUCTIVE_FIXED_TEST,1,False,0,42,98280,236,0,0.0,0.0,0.6774420024420025,0.5188545436629228,0.4987272123700318,0.053327987169206094,0.9964207730229836,0.33282935881904785,0.3205675222897015,0.408188679245283,0.544717494208883,0.4666724189999569,19858,0.459262630860264,0.499392575928009,0.47848767028798067,22225,0.12711054475947753,0.033742071881606765,0.053327987169206094,11825,0.9952781400368754,0.9975660326331921,0.9964207730229836,44372,0.4987272123700318,0.486518236317827,0.5104744485383216,0.053327987169206094,0.03726570496456823,0.07024464325949968,-0.007375378823065382,-0.02527148812869042,0.011263886303955768,-0.08694790169809524,-0.14729774515447466,-0.030133829444625358,30.0,236.0
RECORDED,Bus B to Bus A,Bus B,Bus A,G,RAW,INDUCTIVE_FIXED_TEST,3,False,0,42,98280,236,0,0.0,0.0,0.6698209198209198,0.5175769810768238,0.5061025911930972,0.14027588886730133,0.9967012305648439,0.342569711402515,0.3597719102627789,0.37004566818893964,0.5590190351495619,0.4453135968870971,19858,0.4640878512069648,0.4221372328458943,0.4421196484531467,22225,0.2995022123893805,0.09158562367864694,0.14027588886730133,11825,0.9958379266125222,0.9975660326331921,0.9967012305648439,44372,0.5061025911930972,0.48492322122829096,0.5280092023394829,0.14027588886730133,0.08312873667572174,0.20408057769358257,0.0,0.0,0.0,0.0,0.0,0.0,,
RECORDED,Bus B to Bus A,Bus B,Bus A,G,ZSCORE,INDUCTIVE_FIXED_TEST,3,True,3,42,98280,236,244,4.066666666666666,8.927528333333333,0.6214896214896215,0.4409731222611114,0.38782895956582253,0.00016911889058007779,0.8794243292265911,0.22396383634556635,0.23276502329572554,0.36351706036745407,0.11159230536811361,0.1707636587809201,19858,0.4065724540152535,0.6524184476940382,0.5009587313651989,22225,1.0,8.456659619450317e-05,0.00016911889058007779,11825,0.7849218846759497,0.9997971693860993,0.8794243292265911,44372,0.38782895956582253,0.372046415813692,0.40361045702905524,0.00016911889058007776,0.0,0.0005492488072454225,-0.11827363162727467,-0.14620466213703617,-0.09117194371314609,-0.14010676997672125,-0.20219918285673277,-0.08210332788205005,,
RECORDED,Bus B to Bus A,Bus B,Bus A,G,QUANTILE,INDUCTIVE_FIXED_TEST,3,True,3,42,98280,236,244,4.066666666666666,8.927528333333333,0.5567460317460318,0.4263466269874576,0.3670807978548798,0.2810443642538739,0.8683924639099584,0.19997690916985364,0.33266622441447746,0.20969113063190706,0.03726457850740256,0.06328302048146406,19858,0.573423282083464,0.16445444319460067,0.25560334277422286,22225,0.19487145940995618,0.5038477801268499,0.2810443642538739,11825,0.7675034167776759,0.9998197061209771,0.8683924639099584,44372,0.3670807978548798,0.3499945678463723,0.38181298675174674,0.2810443642538739,0.24273187593615758,0.3192402317960649,-0.1390217933382174,-0.17125513096920558,-0.11008372465276119,0.14076847538657258,0.06415399975327778,0.2140728374681848,,
RECORDED,Bus B to Bus A,Bus B,Bus A,G,CORAL,INDUCTIVE_FIXED_TEST,3,True,3,42,98280,236,244,4.066666666666666,8.927528333333333,0.5455433455433455,0.38682730700041545,0.3468828717098884,0.056102285935683845,0.8229139473931522,0.1882058464821338,0.23057063740020659,0.10655140089574003,0.05151576190955786,0.06945245935028345,19858,0.35429786763893495,0.5771428571428572,0.43906279416043403,22225,0.3351851851851852,0.030613107822410147,0.056102285935683845,11825,0.7666893666699095,0.8880375011268368,0.8229139473931522,44372,0.34688287170988835,0.3301287974185006,0.36364956768333684,0.05610228593568384,0.02514949457675719,0.09192343047063957,-0.15921971948320884,-0.18884050988882278,-0.13043816299623603,-0.08417360293161749,-0.15922577719696546,-0.011368056444769709,,
RECORDED,Bus B to Bus A,Bus B,Bus A,G,CAUSAL,INDUCTIVE_FIXED_TEST,3,False,0,42,98280,236,0,0.0,0.0,0.6774420024420025,0.5188545436629228,0.4987272123700318,0.053327987169206094,0.9964207730229836,0.33282935881904785,0.3205675222897015,0.408188679245283,0.544717494208883,0.4666724189999569,19858,0.459262630860264,0.499392575928009,0.47848767028798067,22225,0.12711054475947753,0.033742071881606765,0.053327987169206094,11825,0.9952781400368754,0.9975660326331921,0.9964207730229836,44372,0.4987272123700318,0.486518236317827,0.5104744485383216,0.053327987169206094,0.03726570496456823,0.07024464325949968,-0.007375378823065382,-0.02527148812869042,0.011263886303955768,-0.08694790169809524,-0.14729774515447466,-0.030133829444625358,30.0,236.0
RECORDED,Bus B to Bus A,Bus B,Bus A,G,RAW,INDUCTIVE_FIXED_TEST,7,False,0,42,98280,236,0,0.0,0.0,0.6698209198209198,0.5175769810768238,0.5061025911930972,0.14027588886730133,0.9967012305648439,0.342569711402515,0.3597719102627789,0.37004566818893964,0.5590190351495619,0.4453135968870971,19858,0.4640878512069648,0.4221372328458943,0.4421196484531467,22225,0.2995022123893805,0.09158562367864694,0.14027588886730133,11825,0.9958379266125222,0.9975660326331921,0.9967012305648439,44372,0.5061025911930972,0.48492322122829096,0.5280092023394829,0.14027588886730133,0.08312873667572174,0.20408057769358257,0.0,0.0,0.0,0.0,0.0,0.0,,
RECORDED,Bus B to Bus A,Bus B,Bus A,G,ZSCORE,INDUCTIVE_FIXED_TEST,7,True,7,42,98280,236,324,5.4,53.62360916666666,0.6081807081807081,0.4239331820126481,0.35364943798207615,0.0,0.8785883331517919,0.17866980625883763,0.2121896627892457,0.13899174024494446,0.02457447879947628,0.04176473105396038,19858,0.3910730198668554,0.6713610798650169,0.49424468772255253,22225,0.0,0.0,0.0,11825,0.7835909211339751,0.9997971693860993,0.8785883331517919,44372,0.3536494379820762,0.340043035267915,0.3671976672473563,0.0,0.0,0.0,-0.152453153211021,-0.18089852380717672,-0.1243889145461586,-0.14027588886730133,-0.20411003441573244,-0.07969517198165375,,
RECORDED,Bus B to Bus A,Bus B,Bus A,G,QUANTILE,INDUCTIVE_FIXED_TEST,7,True,7,42,98280,236,324,5.4,53.62360916666666,0.5952584452584453,0.4396026265785553,0.4185684255787494,0.20447899579202625,0.8680304853590052,0.26874773898533083,0.3329326536640601,0.29554297842235583,0.08414744687279686,0.13099717779868297,19858,0.5171262386902198,0.43203599550056243,0.47076704336528324,22225,0.17678978849355614,0.24245243128964059,0.20447899579202625,11825,0.7669646098788057,0.9997746326512215,0.8680304853590052,44372,0.4185684255787494,0.4014802483290512,0.4349306486841826,0.20447899579202625,0.17028103937189162,0.237511437445099,-0.08753416561434779,-0.11509231886915115,-0.05906217841725584,0.06420310692472492,-0.004345013982018662,0.12725461737296956,,
RECORDED,Bus B to Bus A,Bus B,Bus A,G,CORAL,INDUCTIVE_FIXED_TEST,7,True,7,42,98280,236,324,5.4,53.62360916666666,0.6632783882783883,0.5006119032917619,0.4690132346652604,0.0,0.8831345417462333,0.33097279897160276,0.2814079407991562,0.511508149740283,0.5752341625541344,0.5415027257643992,19858,0.4728311739494556,0.4318560179977503,0.4514156711504092,22225,0.0,0.0,0.0,11825,0.7936530755269636,0.9953574326151627,0.8831345417462333,44372,0.4690132346652604,0.4487038548051694,0.48741357968070964,0.0,0.0,0.0,-0.03708935652783679,-0.06945315832571415,-0.004516629496786456,-0.14027588886730133,-0.2057549908896693,-0.08173562267675988,,
RECORDED,Bus B to Bus A,Bus B,Bus A,G,CAUSAL,INDUCTIVE_FIXED_TEST,7,False,0,42,98280,236,0,0.0,0.0,0.6774420024420025,0.5188545436629228,0.4987272123700318,0.053327987169206094,0.9964207730229836,0.33282935881904785,0.3205675222897015,0.408188679245283,0.544717494208883,0.4666724189999569,19858,0.459262630860264,0.499392575928009,0.47848767028798067,22225,0.12711054475947753,0.033742071881606765,0.053327987169206094,11825,0.9952781400368754,0.9975660326331921,0.9964207730229836,44372,0.4987272123700318,0.486518236317827,0.5104744485383216,0.053327987169206094,0.03726570496456823,0.07024464325949968,-0.007375378823065382,-0.02527148812869042,0.011263886303955768,-0.08694790169809524,-0.14729774515447466,-0.030133829444625358,30.0,236.0
RECORDED,Bus B to Bus A,Bus B,Bus A,G,RAW,INDUCTIVE_FIXED_TEST,14,False,0,42,98280,236,0,0.0,0.0,0.6698209198209198,0.5175769810768238,0.5061025911930972,0.14027588886730133,0.9967012305648439,0.342569711402515,0.3597719102627789,0.37004566818893964,0.5590190351495619,0.4453135968870971,19858,0.4640878512069648,0.4221372328458943,0.4421196484531467,22225,0.2995022123893805,0.09158562367864694,0.14027588886730133,11825,0.9958379266125222,0.9975660326331921,0.9967012305648439,44372,0.5061025911930972,0.48492322122829096,0.5280092023394829,0.14027588886730133,0.08312873667572174,0.20408057769358257,0.0,0.0,0.0,0.0,0.0,0.0,,
RECORDED,Bus B to Bus A,Bus B,Bus A,G,ZSCORE,INDUCTIVE_FIXED_TEST,14,True,14,42,98280,236,1288,21.466666666666665,166.9603975,0.6451465201465202,0.4871477705999425,0.41177283919593055,0.0,0.8853591160220995,0.2539107469205409,0.24706370351755833,0.41759983894914315,0.8356833517977641,0.556907226873836,19858,0.8669801813906617,0.11613048368953881,0.20482501388778668,22225,0.0,0.0,0.0,11825,0.7963449765934462,0.9967772469124673,0.8853591160220995,44372,0.4117728391959305,0.39941671228372966,0.42407168534174244,0.0,0.0,0.0,-0.0943297519971667,-0.11839403822033323,-0.07003261958688982,-0.14027588886730133,-0.2013552862023547,-0.08051925541223719,,
RECORDED,Bus B to Bus A,Bus B,Bus A,G,QUANTILE,INDUCTIVE_FIXED_TEST,14,True,14,42,98280,236,1288,21.466666666666665,166.9603975,0.6077330077330078,0.44417182363570795,0.4285990030109258,0.17845186162118293,0.867947789671435,0.28214940745742273,0.3285401464550286,0.35135459122512586,0.14759794541242824,0.2078723404255319,19858,0.441182542631818,0.48076490438695163,0.46012402032555333,22225,0.22296869058182278,0.1487526427061311,0.17845186162118293,11825,0.7669548677157185,0.9995718020373209,0.867947789671435,44372,0.4285990030109258,0.41126315478202546,0.44561581111235504,0.17845186162118293,0.14228574015855036,0.21562940086968205,-0.0775035881821714,-0.1043901950045675,-0.0510065668827836,0.0381759727538816,-0.02296353341043517,0.09954882671071721,,
RECORDED,Bus B to Bus A,Bus B,Bus A,G,CORAL,INDUCTIVE_FIXED_TEST,14,True,14,42,98280,236,1288,21.466666666666665,166.9603975,0.6167175417175417,0.4792144171547666,0.44977253158005714,0.008543564117030708,0.8392597531781861,0.31994345771401417,0.2732809445948466,0.38600507846646964,0.46696545472857287,0.42264305735967733,19858,0.48546905586508055,0.5802474690663667,0.5286437516653344,22225,0.09106529209621993,0.0044820295983086685,0.008543564117030708,11825,0.8148627709027616,0.8651627152258181,0.8392597531781861,44372,0.44977253158005714,0.42367028046331207,0.4742005169340912,0.00854356411703071,0.004863989745404511,0.012773667065272666,-0.05633005961304005,-0.09048166978399477,-0.022036815328558623,-0.1317323247502706,-0.1937483717755844,-0.07455877805057064,,
RECORDED,Bus B to Bus A,Bus B,Bus A,G,CAUSAL,INDUCTIVE_FIXED_TEST,14,False,0,42,98280,236,0,0.0,0.0,0.6774420024420025,0.5188545436629228,0.4987272123700318,0.053327987169206094,0.9964207730229836,0.33282935881904785,0.3205675222897015,0.408188679245283,0.544717494208883,0.4666724189999569,19858,0.459262630860264,0.499392575928009,0.47848767028798067,22225,0.12711054475947753,0.033742071881606765,0.053327987169206094,11825,0.9952781400368754,0.9975660326331921,0.9964207730229836,44372,0.4987272123700318,0.486518236317827,0.5104744485383216,0.053327987169206094,0.03726570496456823,0.07024464325949968,-0.007375378823065382,-0.02527148812869042,0.011263886303955768,-0.08694790169809524,-0.14729774515447466,-0.030133829444625358,30.0,236.0
RECORDED,Bus B to Bus A,Bus B,Bus A,G,RAW,INDUCTIVE_FIXED_TEST,18,False,0,42,98280,236,0,0.0,0.0,0.6698209198209198,0.5175769810768238,0.5061025911930972,0.14027588886730133,0.9967012305648439,0.342569711402515,0.3597719102627789,0.37004566818893964,0.5590190351495619,0.4453135968870971,19858,0.4640878512069648,0.4221372328458943,0.4421196484531467,22225,0.2995022123893805,0.09158562367864694,0.14027588886730133,11825,0.9958379266125222,0.9975660326331921,0.9967012305648439,44372,0.5061025911930972,0.48492322122829096,0.5280092023394829,0.14027588886730133,0.08312873667572174,0.20408057769358257,0.0,0.0,0.0,0.0,0.0,0.0,,
RECORDED,Bus B to Bus A,Bus B,Bus A,G,ZSCORE,INDUCTIVE_FIXED_TEST,18,True,18,42,98280,236,1599,26.65,226.04062027777778,0.6714590964590964,0.5247449385142047,0.4930450103820512,0.11625024463435318,0.9903511636023824,0.32727629264194075,0.34232710408297196,0.3965436953484762,0.7718803504884681,0.5239267158873393,19858,0.496017130620985,0.26056242969628796,0.3416519174041298,22225,0.2542808219178082,0.07534883720930233,0.11625024463435318,11825,0.9895156028528359,0.9911881366627603,0.9903511636023824,44372,0.4930450103820512,0.47282987406580895,0.5132674745274235,0.11625024463435321,0.07103082954254403,0.16376032864326198,-0.013057580811046021,-0.03246069642086577,0.0059954981904444425,-0.024025644232948118,-0.07738564700279515,0.03233142608751648,,
RECORDED,Bus B to Bus A,Bus B,Bus A,G,QUANTILE,INDUCTIVE_FIXED_TEST,18,True,18,42,98280,236,1599,26.65,226.04062027777778,0.6077838827838827,0.45026912065225444,0.4392078549895525,0.2032812774170907,0.8762422206855676,0.2935297330908808,0.34483722396056776,0.34955658783783783,0.1667338100513647,0.22577565632458235,19858,0.46494113160779826,0.43887514060742405,0.45153226553096937,22225,0.211193145565582,0.19594080338266384,0.2032812774170907,11825,0.7800309543072215,0.9995267285675651,0.8762422206855676,44372,0.4392078549895525,0.421512178953723,0.455735671172989,0.2032812774170907,0.1672974832375614,0.23868324919664777,-0.06689473620354469,-0.09449336262011333,-0.04085873524828816,0.06300538854978938,-0.0025004120457315622,0.12474816210864194,,
RECORDED,Bus B to Bus A,Bus B,Bus A,G,CORAL,INDUCTIVE_FIXED_TEST,18,True,18,42,98280,236,1599,26.65,226.04062027777778,0.628093203093203,0.48714741337812584,0.4526473401220894,0.0,0.914045923900231,0.29884781219604223,0.27158840407325363,0.3819427452899437,0.39304058817605,0.3874122055940238,19858,0.4062634062634063,0.6817547806524185,0.509131230994103,22225,0.0,0.0,0.0,11825,0.958185053380783,0.873794284684035,0.914045923900231,44372,0.45264734012208946,0.43045148151258544,0.47440635817637533,0.0,0.0,0.0,-0.05345525107100774,-0.0878040754735748,-0.019278617321023834,-0.14027588886730133,-0.2012168374891551,-0.0812433106182352,,
RECORDED,Bus B to Bus A,Bus B,Bus A,G,CAUSAL,INDUCTIVE_FIXED_TEST,18,False,0,42,98280,236,0,0.0,0.0,0.6774420024420025,0.5188545436629228,0.4987272123700318,0.053327987169206094,0.9964207730229836,0.33282935881904785,0.3205675222897015,0.408188679245283,0.544717494208883,0.4666724189999569,19858,0.459262630860264,0.499392575928009,0.47848767028798067,22225,0.12711054475947753,0.033742071881606765,0.053327987169206094,11825,0.9952781400368754,0.9975660326331921,0.9964207730229836,44372,0.4987272123700318,0.486518236317827,0.5104744485383216,0.053327987169206094,0.03726570496456823,0.07024464325949968,-0.007375378823065382,-0.02527148812869042,0.011263886303955768,-0.08694790169809524,-0.14729774515447466,-0.030133829444625358,30.0,236.0
RECORDED,Bus B to Bus A,Bus B,Bus A,A+M,RAW,INDUCTIVE_FIXED_TEST,1,False,0,95,98280,236,0,0.0,0.0,0.7335673585673586,0.5792824076894947,0.5355185205302985,0.0003380662609871535,0.9914939526432344,0.3835267098259865,0.3214463388225739,0.45742047850398754,0.5025682344646993,0.4789327190709281,19858,0.5632857317222019,0.8305961754780652,0.6713093441460444,22225,0.2857142857142857,0.00016913319238900633,0.0003380662609871535,11825,0.9993132339811827,0.9837960876228252,0.9914939526432344,44372,0.5355185205302985,0.5172584316752811,0.5525487517464902,0.0003380662609871535,0.0,0.001065560885942481,0.0,0.0,0.0,0.0,0.0,0.0,,
RECORDED,Bus B to Bus A,Bus B,Bus A,A+M,ZSCORE,INDUCTIVE_FIXED_TEST,1,True,1,95,98280,236,15,0.25,1.8072222222222223,0.2964997964997965,0.3000797798862747,0.19175722703612774,0.00016278691193228064,0.34915541786530946,0.1392911634264005,0.11511945098644956,0.223755439974525,0.955383220868164,0.3625904230412721,19858,0.2205419029615627,0.031496062992125984,0.055120280325997084,22225,0.0021691973969631237,8.456659619450317e-05,0.00016278691193228064,11825,0.9605316558441559,0.21335526908861444,0.34915541786530946,44372,0.1917572270361277,0.17780345543352388,0.2061901666103033,0.00016278691193228064,0.0,0.0005183116504230578,-0.3437612934941708,-0.36704546197794097,-0.31759669669399526,-0.00017527934905487284,-0.0005608916881349511,0.0,,
RECORDED,Bus B to Bus A,Bus B,Bus A,A+M,QUANTILE,INDUCTIVE_FIXED_TEST,1,True,1,95,98280,236,15,0.25,1.8072222222222223,0.28834961334961334,0.29252540281713213,0.2116246081287036,0.0005424096548918571,0.324439144369084,0.17401976271524347,0.1271917287391789,0.22668747561451424,0.8484741665827374,0.357785209959123,19858,0.23693854939060768,0.12508436445444318,0.16373166853171564,22225,0.0013679890560875513,0.00033826638477801266,0.0005424096548918571,11825,0.9365318416523236,0.1962048138465699,0.324439144369084,44372,0.21162460812870365,0.19623797827322817,0.2271415412640334,0.0005424096548918571,0.0,0.001300842839759403,-0.3238939124015948,-0.34831387298620137,-0.2987487828026479,0.00020434339390470362,-0.000138368989040349,0.0006460474365662853,,
RECORDED,Bus B to Bus A,Bus B,Bus A,A+M,CORAL,INDUCTIVE_FIXED_TEST,1,True,1,95,98280,236,15,0.25,1.8072222222222223,0.1963980463980464,0.24179125438614396,0.09348363635805237,0.0,0.0029979719601446082,0.12364552449068829,0.05609018181483142,0.19820727697040416,0.9409306073119146,0.3274393663255292,19858,0.18190854870775347,0.02470191226096738,0.043497207146535675,22225,0.0,0.0,0.0,11825,0.06854838709677419,0.001532497971693861,0.0029979719601446082,44372,0.09348363635805237,0.08219150433085863,0.10629285660584381,0.0,0.0,0.0,-0.4420348841722461,-0.46398047901819683,-0.4172465784588531,-0.0003380662609871535,-0.00108257632429659,0.0,,
RECORDED,Bus B to Bus A,Bus B,Bus A,A+M,CAUSAL,INDUCTIVE_FIXED_TEST,1,False,0,95,98280,236,0,0.0,0.0,0.7389702889702889,0.5856682350535978,0.5422668480511558,0.0008449514152936206,0.9925465415726004,0.3921736168773409,0.3256980893968109,0.46086279260957985,0.5363581428139792,0.49575275198398844,19858,0.5807099158807035,0.8200224971878515,0.6799231472327407,22225,0.5,0.00042283298097251583,0.0008449514152936206,11825,0.9993146773272416,0.9858694672315875,0.9925465415726004,44372,0.5422668480511558,0.5259519804908215,0.5578420946889967,0.0008449514152936205,0.0,0.002096114936909009,0.0067483275208573,0.0003781511227604756,0.013146948384955073,0.000506885154306467,-0.0007018549708534781,0.0018847474083913622,30.0,236.0
RECORDED,Bus B to Bus A,Bus B,Bus A,A+M,RAW,INDUCTIVE_FIXED_TEST,3,False,0,95,98280,236,0,0.0,0.0,0.7335673585673586,0.5792824076894947,0.5355185205302985,0.0003380662609871535,0.9914939526432344,0.3835267098259865,0.3214463388225739,0.45742047850398754,0.5025682344646993,0.4789327190709281,19858,0.5632857317222019,0.8305961754780652,0.6713093441460444,22225,0.2857142857142857,0.00016913319238900633,0.0003380662609871535,11825,0.9993132339811827,0.9837960876228252,0.9914939526432344,44372,0.5355185205302985,0.5172584316752811,0.5525487517464902,0.0003380662609871535,0.0,0.001065560885942481,0.0,0.0,0.0,0.0,0.0,0.0,,
RECORDED,Bus B to Bus A,Bus B,Bus A,A+M,ZSCORE,INDUCTIVE_FIXED_TEST,3,True,3,95,98280,236,244,4.066666666666666,8.927528333333333,0.6397537647537648,0.5112405041201705,0.47468332059564644,0.0016853459172495155,0.9035190545680726,0.331738075938171,0.28548413072428763,0.3821807655194596,0.5983482727364287,0.4664363664913245,19858,0.4733505265420159,0.5946006749156355,0.527092515405939,22225,0.23809523809523808,0.0008456659619450317,0.0016853459172495155,11825,0.962732602600051,0.8511674028666727,0.9035190545680726,44372,0.47468332059564644,0.4583221782121771,0.4900035289355068,0.0016853459172495155,0.0,0.004256482565849855,-0.06083519993465203,-0.08331723769669361,-0.03894303504153418,0.001347279656262362,-0.0005714197159131189,0.004002717264667057,,
RECORDED,Bus B to Bus A,Bus B,Bus A,A+M,QUANTILE,INDUCTIVE_FIXED_TEST,3,True,3,95,98280,236,244,4.066666666666666,8.927528333333333,0.7142043142043142,0.5691670154935615,0.5239114123506778,0.003951918327021241,0.9700818799914872,0.3751879231370748,0.31592761474121517,0.4404211742464027,0.8446469936549501,0.578958268613441,19858,0.6741482965931864,0.4540832395950506,0.5426535824707622,22225,0.07476635514018691,0.002029598308668076,0.003951918327021241,11825,0.9643246854470549,0.9759082304155774,0.9700818799914872,44372,0.523911412350678,0.5095659684134399,0.5379519107925602,0.003951918327021242,0.0,0.012995812774706522,-0.011607108179620518,-0.03116140537733104,0.007790949464736756,0.0036138520660340887,-0.0007758830430162301,0.012828543898240901,,
RECORDED,Bus B to Bus A,Bus B,Bus A,A+M,CORAL,INDUCTIVE_FIXED_TEST,3,True,3,95,98280,236,244,4.066666666666666,8.927528333333333,0.3866809116809117,0.3533836212050796,0.2911933456687518,0.0,0.5505399636838584,0.20474447299704965,0.1747160074012511,0.2363925362819627,0.8612649813677108,0.3709656428943259,19858,0.4811170212765957,0.1627896512935883,0.24326777609682299,22225,0.0,0.0,0.0,11825,0.9387289516567083,0.3894798521590192,0.5505399636838584,44372,0.29119334566875177,0.27572376117097047,0.30669022433532306,0.0,0.0,0.0,-0.2443251748615467,-0.2676969414563231,-0.21886726593371267,-0.0003380662609871535,-0.001073663405749973,0.0,,
RECORDED,Bus B to Bus A,Bus B,Bus A,A+M,CAUSAL,INDUCTIVE_FIXED_TEST,3,False,0,95,98280,236,0,0.0,0.0,0.7389702889702889,0.5856682350535978,0.5422668480511558,0.0008449514152936206,0.9925465415726004,0.3921736168773409,0.3256980893968109,0.46086279260957985,0.5363581428139792,0.49575275198398844,19858,0.5807099158807035,0.8200224971878515,0.6799231472327407,22225,0.5,0.00042283298097251583,0.0008449514152936206,11825,0.9993146773272416,0.9858694672315875,0.9925465415726004,44372,0.5422668480511558,0.5259519804908215,0.5578420946889967,0.0008449514152936205,0.0,0.002096114936909009,0.0067483275208573,0.0003781511227604756,0.013146948384955073,0.000506885154306467,-0.0007018549708534781,0.0018847474083913622,30.0,236.0
RECORDED,Bus B to Bus A,Bus B,Bus A,A+M,RAW,INDUCTIVE_FIXED_TEST,7,False,0,95,98280,236,0,0.0,0.0,0.7335673585673586,0.5792824076894947,0.5355185205302985,0.0003380662609871535,0.9914939526432344,0.3835267098259865,0.3214463388225739,0.45742047850398754,0.5025682344646993,0.4789327190709281,19858,0.5632857317222019,0.8305961754780652,0.6713093441460444,22225,0.2857142857142857,0.00016913319238900633,0.0003380662609871535,11825,0.9993132339811827,0.9837960876228252,0.9914939526432344,44372,0.5355185205302985,0.5172584316752811,0.5525487517464902,0.0003380662609871535,0.0,0.001065560885942481,0.0,0.0,0.0,0.0,0.0,0.0,,
RECORDED,Bus B to Bus A,Bus B,Bus A,A+M,ZSCORE,INDUCTIVE_FIXED_TEST,7,True,7,95,98280,236,324,5.4,53.62360916666666,0.6943019943019944,0.5600093769320782,0.51641899080376,0.0,0.9315622820955407,0.3780378937064997,0.30985139448225596,0.4311359302642332,0.7970087622117031,0.5595743176354122,19858,0.6348048554787437,0.5247244094488189,0.5745393634840871,22225,0.0,0.0,0.0,11825,0.9452086571249623,0.9183043360677905,0.9315622820955407,44372,0.51641899080376,0.4992925452842239,0.5331845115877537,0.0,0.0,0.0,-0.0190995297265385,-0.036731049814575936,-0.0006978809288311733,-0.0003380662609871535,-0.0011408699410231672,0.0,,
RECORDED,Bus B to Bus A,Bus B,Bus A,A+M,QUANTILE,INDUCTIVE_FIXED_TEST,7,True,7,95,98280,236,324,5.4,53.62360916666666,0.6972120472120472,0.5522218275996839,0.5192685313889255,0.01720986902223576,0.9494575463710361,0.3758721930615552,0.3184450664422496,0.461086637298091,0.6166784167589888,0.5276515069909732,19858,0.5384820849391384,0.6349606299212598,0.5827552031714569,22225,0.0864575363427697,0.009556025369978858,0.01720986902223576,11825,0.9512294433008347,0.947692238348508,0.9494575463710361,44372,0.5192685313889254,0.5032046059346988,0.5334552424949254,0.017209869022235758,0.005917078820746148,0.03179194262356439,-0.0162499891413731,-0.036842413319792294,0.002789232584145698,0.016871802761248604,0.005696970421257831,0.03135918338333659,,
RECORDED,Bus B to Bus A,Bus B,Bus A,A+M,CORAL,INDUCTIVE_FIXED_TEST,7,True,7,95,98280,236,324,5.4,53.62360916666666,0.6317460317460317,0.511266519385513,0.4708485928614984,0.0,0.8533712713109592,0.3433410333783448,0.282509155716899,0.4225112246477783,0.687128613153389,0.5232680766207122,19858,0.4827122785583384,0.533318335208099,0.5067550235143223,22225,0.0,0.0,0.0,11825,0.8842008602774153,0.8246191291805643,0.8533712713109592,44372,0.47084859286149844,0.4530119173784421,0.4876002082254901,0.0,0.0,0.0,-0.06466992766880003,-0.08328798499103957,-0.04640577661309911,-0.0003380662609871535,-0.0010822883378052831,0.0,,
RECORDED,Bus B to Bus A,Bus B,Bus A,A+M,CAUSAL,INDUCTIVE_FIXED_TEST,7,False,0,95,98280,236,0,0.0,0.0,0.7389702889702889,0.5856682350535978,0.5422668480511558,0.0008449514152936206,0.9925465415726004,0.3921736168773409,0.3256980893968109,0.46086279260957985,0.5363581428139792,0.49575275198398844,19858,0.5807099158807035,0.8200224971878515,0.6799231472327407,22225,0.5,0.00042283298097251583,0.0008449514152936206,11825,0.9993146773272416,0.9858694672315875,0.9925465415726004,44372,0.5422668480511558,0.5259519804908215,0.5578420946889967,0.0008449514152936205,0.0,0.002096114936909009,0.0067483275208573,0.0003781511227604756,0.013146948384955073,0.000506885154306467,-0.0007018549708534781,0.0018847474083913622,30.0,236.0
RECORDED,Bus B to Bus A,Bus B,Bus A,A+M,RAW,INDUCTIVE_FIXED_TEST,14,False,0,95,98280,236,0,0.0,0.0,0.7335673585673586,0.5792824076894947,0.5355185205302985,0.0003380662609871535,0.9914939526432344,0.3835267098259865,0.3214463388225739,0.45742047850398754,0.5025682344646993,0.4789327190709281,19858,0.5632857317222019,0.8305961754780652,0.6713093441460444,22225,0.2857142857142857,0.00016913319238900633,0.0003380662609871535,11825,0.9993132339811827,0.9837960876228252,0.9914939526432344,44372,0.5355185205302985,0.5172584316752811,0.5525487517464902,0.0003380662609871535,0.0,0.001065560885942481,0.0,0.0,0.0,0.0,0.0,0.0,,
RECORDED,Bus B to Bus A,Bus B,Bus A,A+M,ZSCORE,INDUCTIVE_FIXED_TEST,14,True,14,95,98280,236,1288,21.466666666666665,166.9603975,0.6657203907203907,0.4929723548125172,0.44000466097531654,0.018790849673202614,0.978253411392335,0.2605884108363104,0.27151913645447096,0.4192463930522482,0.1507201128008863,0.2217283401859466,19858,0.4050604617894902,0.8153880764904387,0.5412460426497819,22225,0.27710843373493976,0.009725158562367865,0.018790849673202614,11825,0.9610759562485051,0.9960560713963761,0.978253411392335,44372,0.44000466097531654,0.42413613328460453,0.45681887017324163,0.018790849673202614,0.007587200407752068,0.03340496721567272,-0.09551385955498193,-0.11260227180866053,-0.07770607920990519,0.01845278341221546,0.007315640134590035,0.03305536188446258,,
RECORDED,Bus B to Bus A,Bus B,Bus A,A+M,QUANTILE,INDUCTIVE_FIXED_TEST,14,True,14,95,98280,236,1288,21.466666666666665,166.9603975,0.6473137973137973,0.48604136656164315,0.4349913671656371,0.0008428860418071476,0.8730880529144275,0.28895913858270694,0.26133197471610514,0.4195607392578408,0.7282203645885789,0.5323884031293143,19858,0.7330482590103848,0.21597300337457817,0.33364612657699927,22225,0.1282051282051282,0.00042283298097251583,0.0008428860418071476,11825,0.7750323279628141,0.999549265302443,0.8730880529144275,44372,0.4349913671656371,0.42032639424299256,0.4502306712003049,0.0008428860418071476,0.0,0.002680690256951261,-0.10052715336466139,-0.11629091153985141,-0.08389735510371897,0.0005048197808199942,-0.0008896687509936985,0.0024079433488698133,,
RECORDED,Bus B to Bus A,Bus B,Bus A,A+M,CORAL,INDUCTIVE_FIXED_TEST,14,True,14,95,98280,236,1288,21.466666666666665,166.9603975,0.5075905575905576,0.45794551237063996,0.4389661707229623,0.18257127487896718,0.6943443167521874,0.3538401220465539,0.3364082123853642,0.378744893327281,0.6722731392889516,0.4845207418429935,19858,0.3438252609044688,0.46249718785151855,0.3944283494177011,22225,0.250849963045085,0.14350951374207188,0.18257127487896718,11825,0.9313260778885898,0.553502208600018,0.6943443167521874,44372,0.43896617072296235,0.40584445606420916,0.4716640057629045,0.18257127487896718,0.14325826899208235,0.22307617713880507,-0.09655234980733612,-0.13496247487863752,-0.05584859595770915,0.18223320861798004,0.14291846882214848,0.22265266665329067,,
RECORDED,Bus B to Bus A,Bus B,Bus A,A+M,CAUSAL,INDUCTIVE_FIXED_TEST,14,False,0,95,98280,236,0,0.0,0.0,0.7389702889702889,0.5856682350535978,0.5422668480511558,0.0008449514152936206,0.9925465415726004,0.3921736168773409,0.3256980893968109,0.46086279260957985,0.5363581428139792,0.49575275198398844,19858,0.5807099158807035,0.8200224971878515,0.6799231472327407,22225,0.5,0.00042283298097251583,0.0008449514152936206,11825,0.9993146773272416,0.9858694672315875,0.9925465415726004,44372,0.5422668480511558,0.5259519804908215,0.5578420946889967,0.0008449514152936205,0.0,0.002096114936909009,0.0067483275208573,0.0003781511227604756,0.013146948384955073,0.000506885154306467,-0.0007018549708534781,0.0018847474083913622,30.0,236.0
RECORDED,Bus B to Bus A,Bus B,Bus A,A+M,RAW,INDUCTIVE_FIXED_TEST,18,False,0,95,98280,236,0,0.0,0.0,0.7335673585673586,0.5792824076894947,0.5355185205302985,0.0003380662609871535,0.9914939526432344,0.3835267098259865,0.3214463388225739,0.45742047850398754,0.5025682344646993,0.4789327190709281,19858,0.5632857317222019,0.8305961754780652,0.6713093441460444,22225,0.2857142857142857,0.00016913319238900633,0.0003380662609871535,11825,0.9993132339811827,0.9837960876228252,0.9914939526432344,44372,0.5355185205302985,0.5172584316752811,0.5525487517464902,0.0003380662609871535,0.0,0.001065560885942481,0.0,0.0,0.0,0.0,0.0,0.0,,
RECORDED,Bus B to Bus A,Bus B,Bus A,A+M,ZSCORE,INDUCTIVE_FIXED_TEST,18,True,18,95,98280,236,1599,26.65,226.04062027777778,0.6826414326414326,0.5130782361101691,0.4647609950454168,0.01940151266030911,0.9913263705231072,0.28923920321952,0.2866172020913737,0.44872625215889467,0.20933628764226003,0.28548863402238855,19858,0.4241663433227581,0.8361754780652418,0.5628274629758624,22225,0.3480825958702065,0.009978858350951374,0.01940151266030911,11825,0.9858906918687589,0.9968223203822231,0.9913263705231072,44372,0.4647609950454168,0.4453949359312099,0.48297625222809787,0.01940151266030911,0.0064998757227258,0.036272815213074475,-0.07075752548488168,-0.08921449330244115,-0.05280402936197186,0.019063446399321955,0.006180427445406541,0.035900816430293254,,
RECORDED,Bus B to Bus A,Bus B,Bus A,A+M,QUANTILE,INDUCTIVE_FIXED_TEST,18,True,18,95,98280,236,1599,26.65,226.04062027777778,0.6588522588522588,0.49884528426603725,0.4525511967173205,0.0006748776784207862,0.8885928092724121,0.30720399253228997,0.2718006691017606,0.4160808057620018,0.730184308590996,0.5300966969492021,19858,0.7416677147528613,0.2653318335208099,0.3908404029692471,22225,0.13793103448275862,0.00033826638477801266,0.0006748776784207862,11825,0.7998232673892265,0.9995267285675651,0.8885928092724121,44372,0.4525511967173205,0.4379372775047542,0.4665401060950863,0.0006748776784207861,0.0,0.0018865304230602595,-0.08296732381297794,-0.09767789429890293,-0.06692749736338793,0.0003368114174336326,-0.0007408920215012139,0.0016207052462054743,,
RECORDED,Bus B to Bus A,Bus B,Bus A,A+M,CORAL,INDUCTIVE_FIXED_TEST,18,True,18,95,98280,236,1599,26.65,226.04062027777778,0.5234839234839235,0.4499830847883671,0.42807998404935077,0.11464414358464788,0.7684782009590476,0.3146139117461185,0.3027056478634696,0.32846405767735554,0.7020344445563501,0.4475369576732316,19858,0.37238869863013696,0.39140607424071994,0.38166063398047606,22225,0.21580547112462006,0.07805496828752642,0.11464414358464788,11825,0.9888297872340426,0.6284368520688722,0.7684782009590476,44372,0.4280799840493507,0.39807466705353645,0.4583907316134359,0.11464414358464788,0.0855129919428755,0.14608144440702422,-0.10743853648094775,-0.14178513717201632,-0.07075197015299949,0.11430607732366072,0.08519311734855964,0.14571532206904864,,
RECORDED,Bus B to Bus A,Bus B,Bus A,A+M,CAUSAL,INDUCTIVE_FIXED_TEST,18,False,0,95,98280,236,0,0.0,0.0,0.7389702889702889,0.5856682350535978,0.5422668480511558,0.0008449514152936206,0.9925465415726004,0.3921736168773409,0.3256980893968109,0.46086279260957985,0.5363581428139792,0.49575275198398844,19858,0.5807099158807035,0.8200224971878515,0.6799231472327407,22225,0.5,0.00042283298097251583,0.0008449514152936206,11825,0.9993146773272416,0.9858694672315875,0.9925465415726004,44372,0.5422668480511558,0.5259519804908215,0.5578420946889967,0.0008449514152936205,0.0,0.002096114936909009,0.0067483275208573,0.0003781511227604756,0.013146948384955073,0.000506885154306467,-0.0007018549708534781,0.0018847474083913622,30.0,236.0
RECORDED,Bus B to Bus A,Bus B,Bus A,A+G,RAW,INDUCTIVE_FIXED_TEST,1,False,0,96,98280,236,0,0.0,0.0,0.7378205128205129,0.5791305822390636,0.5344429526358007,0.0,0.9977154304106598,0.38001879337751426,0.3206657715814804,0.4864078696847895,0.4631382818007856,0.4744879533611928,19858,0.5450970260649902,0.8543982002249719,0.66556842677135,22225,0.0,0.0,0.0,11825,0.9964482409801056,0.9989858469304967,0.9977154304106598,44372,0.5344429526358007,0.5170260868726693,0.5508510721173895,0.0,0.0,0.0,0.0,0.0,0.0,0.0,0.0,0.0,,
RECORDED,Bus B to Bus A,Bus B,Bus A,A+G,ZSCORE,INDUCTIVE_FIXED_TEST,1,True,1,96,98280,236,15,0.25,1.8072222222222223,0.2863247863247863,0.2810456975413403,0.24367890028908362,0.0021409749670619235,0.29073929961089495,0.2279921005151465,0.14706373016027494,0.14694669480563688,0.43478698761204554,0.21965553209352023,19858,0.4305296675986331,0.49885264341957253,0.46217979448485735,22225,0.04075235109717868,0.0010993657505285412,0.0021409749670619235,11825,0.6248420426670631,0.18944379338321465,0.29073929961089495,44372,0.24367890028908362,0.22979705767969794,0.2570385256457968,0.0021409749670619235,0.0,0.006087890280631425,-0.29076405234671704,-0.3099993607059704,-0.2719006442319333,0.0021409749670619235,0.0,0.006087890280631425,,
RECORDED,Bus B to Bus A,Bus B,Bus A,A+G,QUANTILE,INDUCTIVE_FIXED_TEST,1,True,1,96,98280,236,15,0.25,1.8072222222222223,0.3249084249084249,0.3002344585454366,0.26879337105492557,0.0010057832537088258,0.37332548211394084,0.23394933403525384,0.16167833593443887,0.17746726597615792,0.45729680733205763,0.2557019766852509,19858,0.43354943273906,0.45736782902137235,0.4451402421668017,22225,0.05660377358490566,0.000507399577167019,0.0010057832537088258,11825,0.5382460310722472,0.2857657982511494,0.37332548211394084,44372,0.2687933710549255,0.25468615723543603,0.2830106649601274,0.0010057832537088255,0.0,0.0032251154773548156,-0.26564958158087515,-0.29223453586686393,-0.2392409696659213,0.0010057832537088255,0.0,0.0032251154773548156,,
RECORDED,Bus B to Bus A,Bus B,Bus A,A+G,CORAL,INDUCTIVE_FIXED_TEST,1,True,1,96,98280,236,15,0.25,1.8072222222222223,0.22244607244607245,0.25652435081973385,0.11726385614712598,0.001012060386269714,0.11166912850812408,0.1191287653601266,0.07076313784278347,0.20278051286442056,0.9541242824050761,0.33447490599678714,19858,0.14659977703455965,0.011833520809898763,0.02189932969732295,22225,0.1875,0.000507399577167019,0.001012060386269714,11825,0.8767395626242545,0.05963220048679347,0.11166912850812408,44372,0.11726385614712595,0.10444829446992987,0.13019859021528057,0.001012060386269714,0.00015894899113710407,0.002143709019611904,-0.4171790964886747,-0.4399067398214564,-0.3923544373602074,0.001012060386269714,0.00015894899113710407,0.002143709019611904,,
RECORDED,Bus B to Bus A,Bus B,Bus A,A+G,CAUSAL,INDUCTIVE_FIXED_TEST,1,False,0,96,98280,236,0,0.0,0.0,0.7431115181115181,0.5858691887478478,0.5424810983461164,0.007942417473318442,0.9979510042330901,0.39065779638379183,0.3286656259969972,0.5129301017095866,0.4774398227414644,0.49454905847373637,19858,0.5468046291545522,0.863127109111361,0.6694819132043206,22225,0.183206106870229,0.004059196617336152,0.007942417473318442,11825,0.9970530009898317,0.9988506265212296,0.9979510042330901,44372,0.5424810983461164,0.5268224788069541,0.558001688401585,0.007942417473318442,0.0009294052201054844,0.01880229643325243,0.008038145710315692,0.001865608342949593,0.014356466945922358,0.007942417473318442,0.0009294052201054844,0.01880229643325243,30.0,236.0
RECORDED,Bus B to Bus A,Bus B,Bus A,A+G,RAW,INDUCTIVE_FIXED_TEST,3,False,0,96,98280,236,0,0.0,0.0,0.7378205128205129,0.5791305822390636,0.5344429526358007,0.0,0.9977154304106598,0.38001879337751426,0.3206657715814804,0.4864078696847895,0.4631382818007856,0.4744879533611928,19858,0.5450970260649902,0.8543982002249719,0.66556842677135,22225,0.0,0.0,0.0,11825,0.9964482409801056,0.9989858469304967,0.9977154304106598,44372,0.5344429526358007,0.5170260868726693,0.5508510721173895,0.0,0.0,0.0,0.0,0.0,0.0,0.0,0.0,0.0,,
RECORDED,Bus B to Bus A,Bus B,Bus A,A+G,ZSCORE,INDUCTIVE_FIXED_TEST,3,True,3,96,98280,236,244,4.066666666666666,8.927528333333333,0.6901709401709402,0.5531256252744021,0.5544964484601229,0.19948554195494056,0.9628602014287899,0.41837519747056723,0.41249208585805,0.4186165732908565,0.575687380400846,0.48474569084317426,19858,0.7706899189230534,0.45336332958380204,0.5708943596135868,22225,0.20973608132052599,0.19019027484143763,0.19948554195494056,11825,0.9342646373002077,0.9932615162715226,0.9628602014287899,44372,0.5544964484601229,0.5380336844500163,0.5712514283265803,0.1994855419549406,0.15898771387458926,0.23971750698365576,0.020053495824322254,-0.0008634894009801719,0.04242906821546795,0.1994855419549406,0.15898771387458926,0.23971750698365576,,
RECORDED,Bus B to Bus A,Bus B,Bus A,A+G,QUANTILE,INDUCTIVE_FIXED_TEST,3,True,3,96,98280,236,244,4.066666666666666,8.927528333333333,0.6345034595034595,0.5379057637546913,0.4966308360857584,0.37174049092552675,0.9557083432118456,0.3436050003770627,0.44667469802166576,0.4481360624938198,0.22822036458857892,0.3024256781555504,19858,0.648629405482378,0.2459392575928009,0.35664883205011094,22225,0.2560508333865509,0.6781395348837209,0.37174049092552675,11825,0.915740778984759,0.9993238979536645,0.9557083432118456,44372,0.4966308360857584,0.4760689172256144,0.516898627055261,0.37174049092552675,0.32495518173798293,0.41728221861780423,-0.03781211655004224,-0.060370393821038114,-0.01499502744642636,0.37174049092552675,0.32495518173798293,0.41728221861780423,,
RECORDED,Bus B to Bus A,Bus B,Bus A,A+G,CORAL,INDUCTIVE_FIXED_TEST,3,True,3,96,98280,236,244,4.066666666666666,8.927528333333333,0.5012311762311762,0.4182693072495558,0.3362757706249063,0.00016616816218012627,0.7654350607805502,0.1932226739063583,0.20183192963981583,0.2999095797839433,0.9520596233256119,0.45613230876871297,19858,0.37482868889904064,0.07383577052868391,0.12336954478818178,22225,0.004739336492890996,8.456659619450317e-05,0.00016616816218012627,11825,0.9367414850580712,0.6470972685477328,0.7654350607805502,44372,0.3362757706249062,0.3143658838475028,0.3590480722352551,0.00016616816218012627,0.0,0.0005490738441813738,-0.19816718201089445,-0.2258296672461442,-0.1686924897553983,0.00016616816218012627,0.0,0.0005490738441813738,,
RECORDED,Bus B to Bus A,Bus B,Bus A,A+G,CAUSAL,INDUCTIVE_FIXED_TEST,3,False,0,96,98280,236,0,0.0,0.0,0.7431115181115181,0.5858691887478478,0.5424810983461164,0.007942417473318442,0.9979510042330901,0.39065779638379183,0.3286656259969972,0.5129301017095866,0.4774398227414644,0.49454905847373637,19858,0.5468046291545522,0.863127109111361,0.6694819132043206,22225,0.183206106870229,0.004059196617336152,0.007942417473318442,11825,0.9970530009898317,0.9988506265212296,0.9979510042330901,44372,0.5424810983461164,0.5268224788069541,0.558001688401585,0.007942417473318442,0.0009294052201054844,0.01880229643325243,0.008038145710315692,0.001865608342949593,0.014356466945922358,0.007942417473318442,0.0009294052201054844,0.01880229643325243,30.0,236.0
RECORDED,Bus B to Bus A,Bus B,Bus A,A+G,RAW,INDUCTIVE_FIXED_TEST,7,False,0,96,98280,236,0,0.0,0.0,0.7378205128205129,0.5791305822390636,0.5344429526358007,0.0,0.9977154304106598,0.38001879337751426,0.3206657715814804,0.4864078696847895,0.4631382818007856,0.4744879533611928,19858,0.5450970260649902,0.8543982002249719,0.66556842677135,22225,0.0,0.0,0.0,11825,0.9964482409801056,0.9989858469304967,0.9977154304106598,44372,0.5344429526358007,0.5170260868726693,0.5508510721173895,0.0,0.0,0.0,0.0,0.0,0.0,0.0,0.0,0.0,,
RECORDED,Bus B to Bus A,Bus B,Bus A,A+G,ZSCORE,INDUCTIVE_FIXED_TEST,7,True,7,96,98280,236,324,5.4,53.62360916666666,0.7180301180301181,0.5754349027474759,0.5638776781082909,0.1324448146605581,0.9584540433796643,0.4323522230178331,0.3913045327291978,0.45362712086044005,0.6987612045523215,0.550121910123496,19858,0.7649819010591232,0.5134758155230597,0.6144899442694451,22225,0.22340425531914893,0.09412262156448203,0.1324448146605581,11825,0.9241698227699776,0.9953799693500406,0.9584540433796643,44372,0.5638776781082908,0.5470909134472564,0.5806493676186342,0.1324448146605581,0.09732190699648136,0.17282994683497624,0.029434725472490153,0.011279135752324984,0.04865864940945406,0.1324448146605581,0.09732190699648136,0.17282994683497624,,
RECORDED,Bus B to Bus A,Bus B,Bus A,A+G,QUANTILE,INDUCTIVE_FIXED_TEST,7,True,7,96,98280,236,324,5.4,53.62360916666666,0.6961334961334962,0.5939512316775131,0.5776733235393088,0.4149431712316005,0.9543996382974143,0.4520978852866069,0.5125812626162255,0.47283523885491446,0.26865746802296303,0.34263511126810314,19858,0.6669797767709139,0.5431271091113611,0.598715373360117,22225,0.32786965696618736,0.5649894291754757,0.4149431712316005,11825,0.9135855900416306,0.9990309204002524,0.9543996382974143,44372,0.5776733235393088,0.5496316277917682,0.605895931434227,0.41494317123160057,0.3513076928148446,0.4816229341548484,0.04323037090350812,0.015504525192366428,0.07020789669243377,0.41494317123160057,0.3513076928148446,0.4816229341548484,,
RECORDED,Bus B to Bus A,Bus B,Bus A,A+G,CORAL,INDUCTIVE_FIXED_TEST,7,True,7,96,98280,236,324,5.4,53.62360916666666,0.6207264957264957,0.505785985845759,0.45342443417235256,0.0011827321111768185,0.869915492284338,0.3145940814683574,0.27252775334788226,0.3608897202342225,0.8938463087924262,0.5141797746299354,19858,0.7002552322613579,0.3086164229471316,0.42841973766396,22225,0.5833333333333334,0.0005919661733615222,0.0011827321111768185,11825,0.9261879915497977,0.8200892454701163,0.869915492284338,44372,0.45342443417235256,0.4294448645514413,0.47483592869865826,0.0011827321111768183,0.0,0.0037462152574084203,-0.0810185184634481,-0.10980705003471883,-0.05413634424934878,0.0011827321111768183,0.0,0.0037462152574084203,,
RECORDED,Bus B to Bus A,Bus B,Bus A,A+G,CAUSAL,INDUCTIVE_FIXED_TEST,7,False,0,96,98280,236,0,0.0,0.0,0.7431115181115181,0.5858691887478478,0.5424810983461164,0.007942417473318442,0.9979510042330901,0.39065779638379183,0.3286656259969972,0.5129301017095866,0.4774398227414644,0.49454905847373637,19858,0.5468046291545522,0.863127109111361,0.6694819132043206,22225,0.183206106870229,0.004059196617336152,0.007942417473318442,11825,0.9970530009898317,0.9988506265212296,0.9979510042330901,44372,0.5424810983461164,0.5268224788069541,0.558001688401585,0.007942417473318442,0.0009294052201054844,0.01880229643325243,0.008038145710315692,0.001865608342949593,0.014356466945922358,0.007942417473318442,0.0009294052201054844,0.01880229643325243,30.0,236.0
RECORDED,Bus B to Bus A,Bus B,Bus A,A+G,RAW,INDUCTIVE_FIXED_TEST,14,False,0,96,98280,236,0,0.0,0.0,0.7378205128205129,0.5791305822390636,0.5344429526358007,0.0,0.9977154304106598,0.38001879337751426,0.3206657715814804,0.4864078696847895,0.4631382818007856,0.4744879533611928,19858,0.5450970260649902,0.8543982002249719,0.66556842677135,22225,0.0,0.0,0.0,11825,0.9964482409801056,0.9989858469304967,0.9977154304106598,44372,0.5344429526358007,0.5170260868726693,0.5508510721173895,0.0,0.0,0.0,0.0,0.0,0.0,0.0,0.0,0.0,,
RECORDED,Bus B to Bus A,Bus B,Bus A,A+G,ZSCORE,INDUCTIVE_FIXED_TEST,14,True,14,96,98280,236,1288,21.466666666666665,166.9603975,0.7123829873829873,0.5515799929097581,0.5118445530486957,0.0031658751978672,0.9656886903001829,0.3605631739648667,0.30837308190836427,0.5033513257014057,0.427334071910565,0.4622382002886946,19858,0.5077833488805971,0.7837570303712036,0.6162854464080384,22225,0.10674157303370786,0.0016067653276955602,0.0031658751978672,11825,0.939282899081787,0.9936221040295682,0.9656886903001829,44372,0.5118445530486957,0.4947031450327802,0.5272442783822082,0.0031658751978671995,0.0004749844238752063,0.006761267318091753,-0.022598399587104967,-0.04493503823371079,-0.0009672655960065299,0.0031658751978671995,0.0004749844238752063,0.006761267318091753,,
RECORDED,Bus B to Bus A,Bus B,Bus A,A+G,QUANTILE,INDUCTIVE_FIXED_TEST,14,True,14,96,98280,236,1288,21.466666666666665,166.9603975,0.7015466015466015,0.5456952100503399,0.510854479753062,0.009935662513233978,0.9388342629735079,0.36819455201291335,0.31048695285713074,0.4425620496397118,0.695890824856481,0.5410410508388309,19858,0.6498302207130731,0.48220472440944884,0.5536069426866751,22225,0.1343612334801762,0.005158562367864694,0.009935662513233978,11825,0.885090502704105,0.9995267285675651,0.9388342629735079,44372,0.510854479753062,0.49625578933046444,0.5264667852871056,0.009935662513233978,0.003345807568230045,0.0185826119909051,-0.023588472882738687,-0.03822307976888932,-0.00873838750240837,0.009935662513233978,0.003345807568230045,0.0185826119909051,,
RECORDED,Bus B to Bus A,Bus B,Bus A,A+G,CORAL,INDUCTIVE_FIXED_TEST,14,True,14,96,98280,236,1288,21.466666666666665,166.9603975,0.7402930402930403,0.5945620080902283,0.5646099672047216,0.06833956219967965,0.9855932298254845,0.42428221299780056,0.3661018052027048,0.48246695431819736,0.7094873602578305,0.5743579290664492,19858,0.6217861679295694,0.638740157480315,0.6301491477272727,22225,0.3483670295489891,0.03788583509513742,0.06833956219967965,11825,0.9791374747002958,0.99213467952763,0.9855932298254845,44372,0.5646099672047216,0.5453930770870133,0.5827343759031902,0.06833956219967965,0.03344728020472038,0.1098800225607322,0.030167014568920902,0.0019117654329626173,0.05782237400440265,0.06833956219967965,0.03344728020472038,0.1098800225607322,,
RECORDED,Bus B to Bus A,Bus B,Bus A,A+G,CAUSAL,INDUCTIVE_FIXED_TEST,14,False,0,96,98280,236,0,0.0,0.0,0.7431115181115181,0.5858691887478478,0.5424810983461164,0.007942417473318442,0.9979510042330901,0.39065779638379183,0.3286656259969972,0.5129301017095866,0.4774398227414644,0.49454905847373637,19858,0.5468046291545522,0.863127109111361,0.6694819132043206,22225,0.183206106870229,0.004059196617336152,0.007942417473318442,11825,0.9970530009898317,0.9988506265212296,0.9979510042330901,44372,0.5424810983461164,0.5268224788069541,0.558001688401585,0.007942417473318442,0.0009294052201054844,0.01880229643325243,0.008038145710315692,0.001865608342949593,0.014356466945922358,0.007942417473318442,0.0009294052201054844,0.01880229643325243,30.0,236.0
RECORDED,Bus B to Bus A,Bus B,Bus A,A+G,RAW,INDUCTIVE_FIXED_TEST,18,False,0,96,98280,236,0,0.0,0.0,0.7378205128205129,0.5791305822390636,0.5344429526358007,0.0,0.9977154304106598,0.38001879337751426,0.3206657715814804,0.4864078696847895,0.4631382818007856,0.4744879533611928,19858,0.5450970260649902,0.8543982002249719,0.66556842677135,22225,0.0,0.0,0.0,11825,0.9964482409801056,0.9989858469304967,0.9977154304106598,44372,0.5344429526358007,0.5170260868726693,0.5508510721173895,0.0,0.0,0.0,0.0,0.0,0.0,0.0,0.0,0.0,,
RECORDED,Bus B to Bus A,Bus B,Bus A,A+G,ZSCORE,INDUCTIVE_FIXED_TEST,18,True,18,96,98280,236,1599,26.65,226.04062027777778,0.7223239723239723,0.5677050082612727,0.5405011594498284,0.11708212696843444,0.9939565500662757,0.38934936257767916,0.37113354645727076,0.5404149891607308,0.35149561889414843,0.4259473973271496,19858,0.49348585126895617,0.85214848143982,0.6250185634374535,22225,0.3548801369863014,0.07010570824524313,0.11708212696843444,11825,0.9908622620380739,0.9970702244658793,0.9939565500662757,44372,0.5405011594498284,0.5215053529347743,0.5571102321028129,0.11708212696843444,0.08613574759401288,0.14719285378601232,0.006058206814027689,-0.01984397518811414,0.031280122540387555,0.11708212696843444,0.08613574759401288,0.14719285378601232,,
RECORDED,Bus B to Bus A,Bus B,Bus A,A+G,QUANTILE,INDUCTIVE_FIXED_TEST,18,True,18,96,98280,236,1599,26.65,226.04062027777778,0.6975274725274725,0.5404686462902256,0.5078459365785206,0.012131854098491499,0.9473628004826945,0.36134031527712934,0.30956030358650893,0.42523938923395443,0.6619498438916306,0.5178254874926137,19858,0.6309859154929578,0.49385826771653546,0.5540636042402827,22225,0.10795454545454546,0.006427061310782241,0.012131854098491499,11825,0.9002821246625667,0.9996394122419544,0.9473628004826945,44372,0.5078459365785206,0.4923594658794816,0.5231895084434447,0.012131854098491499,0.004385304179454015,0.022451655687221045,-0.026597016057280043,-0.039830667421152904,-0.01334579409503815,0.012131854098491499,0.004385304179454015,0.022451655687221045,,
RECORDED,Bus B to Bus A,Bus B,Bus A,A+G,CORAL,INDUCTIVE_FIXED_TEST,18,True,18,96,98280,236,1599,26.65,226.04062027777778,0.7514245014245015,0.6087388107557296,0.5842090076055858,0.12017425266636624,0.9944473169525436,0.4474629044899332,0.39859510562989797,0.5102577395941342,0.6938765233155403,0.5880670906064616,19858,0.5967927598936212,0.6764904386951631,0.6341473701969716,22225,0.5372733378106112,0.06765327695560254,0.12017425266636624,11825,0.9919720141723102,0.9969350040566123,0.9944473169525436,44372,0.5842090076055858,0.5616090893602292,0.6067710370323608,0.12017425266636625,0.06677142287126421,0.18101989580043107,0.049766054969785145,0.02053985377079011,0.07779206573776982,0.12017425266636625,0.06677142287126421,0.18101989580043107,,
RECORDED,Bus B to Bus A,Bus B,Bus A,A+G,CAUSAL,INDUCTIVE_FIXED_TEST,18,False,0,96,98280,236,0,0.0,0.0,0.7431115181115181,0.5858691887478478,0.5424810983461164,0.007942417473318442,0.9979510042330901,0.39065779638379183,0.3286656259969972,0.5129301017095866,0.4774398227414644,0.49454905847373637,19858,0.5468046291545522,0.863127109111361,0.6694819132043206,22225,0.183206106870229,0.004059196617336152,0.007942417473318442,11825,0.9970530009898317,0.9988506265212296,0.9979510042330901,44372,0.5424810983461164,0.5268224788069541,0.558001688401585,0.007942417473318442,0.0009294052201054844,0.01880229643325243,0.008038145710315692,0.001865608342949593,0.014356466945922358,0.007942417473318442,0.0009294052201054844,0.01880229643325243,30.0,236.0
RECORDED,Bus B to Bus A,Bus B,Bus A,M+G,RAW,INDUCTIVE_FIXED_TEST,1,False,0,83,98280,236,0,0.0,0.0,0.6645604395604395,0.4942861585543763,0.45989775678659994,0.005014964005500283,0.9963786859803414,0.28107078038868616,0.27794463967416005,0.336545505776275,0.30073522006244335,0.31763423131133156,19858,0.42345773038842344,0.6754555680539932,0.5205631458492267,22225,0.05762081784386617,0.0026215644820295984,0.005014964005500283,11825,0.9944327212319849,0.9983322816190391,0.9963786859803414,44372,0.45989775678659994,0.44393834365901136,0.47651877108888535,0.005014964005500283,0.0007703480321935401,0.011047677565251362,0.0,0.0,0.0,0.0,0.0,0.0,,
RECORDED,Bus B to Bus A,Bus B,Bus A,M+G,ZSCORE,INDUCTIVE_FIXED_TEST,1,True,1,83,98280,236,15,0.25,1.8072222222222223,0.39934879934879935,0.36023591474634165,0.2631286263929482,0.009727626459143969,0.5989721227223174,0.15118079428315848,0.1617682264194265,0.25369480578668435,0.9811159230536811,0.40314520718017693,19858,0.41887125220458554,0.021372328458942633,0.040669549210154546,22225,0.11741682974559686,0.00507399577167019,0.009727626459143969,11825,0.9693517491682629,0.43338141170107275,0.5989721227223174,44372,0.2631286263929482,0.2448868301083609,0.281608094300765,0.009727626459143969,0.004373009168486437,0.016233481000982306,-0.19676913039365174,-0.2239396321765678,-0.1679752477546003,0.004712662453643686,-0.0032408192104360677,0.01273304313316655,,
RECORDED,Bus B to Bus A,Bus B,Bus A,M+G,QUANTILE,INDUCTIVE_FIXED_TEST,1,True,1,83,98280,236,15,0.25,1.8072222222222223,0.5717134717134718,0.4345649600275241,0.3409623516979607,0.018848167539267015,0.8180655093146382,0.18192796582573487,0.21211667803448322,0.3648448713702109,0.8320072514855474,0.5072532735673825,19858,0.35266457680250785,0.010123734533183352,0.019682456370555046,22225,0.19830508474576272,0.009894291754756871,0.018848167539267015,11825,0.7596345161975776,0.8862345623366087,0.8180655093146382,44372,0.3409623516979607,0.3247318825033797,0.35668863080100416,0.01884816753926702,0.007946285362463711,0.03144409278190365,-0.11893540508863926,-0.14331786755336584,-0.09412929899986301,0.013833203533766736,0.0014434414991061997,0.02708104472529205,,
RECORDED,Bus B to Bus A,Bus B,Bus A,M+G,CORAL,INDUCTIVE_FIXED_TEST,1,True,1,83,98280,236,15,0.25,1.8072222222222223,0.19384411884411884,0.2039979312483723,0.16729509175462387,0.004240397945037919,0.1272917837558671,0.18062952775420946,0.1020732142307895,0.14796004222184828,0.48705811259945614,0.22697032630504418,19858,0.4688521612786052,0.23230596175478066,0.31067785901254624,22225,0.0593607305936073,0.0021987315010570823,0.004240397945037919,11825,0.19523787335166115,0.09442891913819526,0.1272917837558671,44372,0.16729509175462387,0.15327037396086657,0.18225943463802746,0.004240397945037919,0.0008694102362073331,0.008561262831546351,-0.2926026650319761,-0.31619888835342136,-0.2687246670264722,-0.0007745660604623634,-0.00759726769480215,0.004805633625308182,,
RECORDED,Bus B to Bus A,Bus B,Bus A,M+G,CAUSAL,INDUCTIVE_FIXED_TEST,1,False,0,83,98280,236,0,0.0,0.0,0.6898453398453398,0.5213645624749017,0.4757038646520374,0.005586133245707714,0.996477961943985,0.3021124988880549,0.2876567720895055,0.4120436225699384,0.2625642058616175,0.3207431102362205,19858,0.4480517888232265,0.8221372328458942,0.5800082531822366,22225,0.09770114942528736,0.0028752642706131076,0.005586133245707714,11825,0.9950783198867339,0.997881546921482,0.996477961943985,44372,0.4757038646520374,0.46010870936625925,0.4899253493345979,0.005586133245707714,0.0005177139988773378,0.013175699357372813,0.015806107865437458,-0.0017260375473818952,0.03288059269413192,0.000571169240207431,-0.007516229801232173,0.009143908223822434,30.0,236.0
RECORDED,Bus B to Bus A,Bus B,Bus A,M+G,RAW,INDUCTIVE_FIXED_TEST,3,False,0,83,98280,236,0,0.0,0.0,0.6645604395604395,0.4942861585543763,0.45989775678659994,0.005014964005500283,0.9963786859803414,0.28107078038868616,0.27794463967416005,0.336545505776275,0.30073522006244335,0.31763423131133156,19858,0.42345773038842344,0.6754555680539932,0.5205631458492267,22225,0.05762081784386617,0.0026215644820295984,0.005014964005500283,11825,0.9944327212319849,0.9983322816190391,0.9963786859803414,44372,0.45989775678659994,0.44393834365901136,0.47651877108888535,0.005014964005500283,0.0007703480321935401,0.011047677565251362,0.0,0.0,0.0,0.0,0.0,0.0,,
RECORDED,Bus B to Bus A,Bus B,Bus A,M+G,ZSCORE,INDUCTIVE_FIXED_TEST,3,True,3,83,98280,236,244,4.066666666666666,8.927528333333333,0.6355921855921856,0.47593069199656735,0.40280528676546434,0.0,0.8857987869066118,0.2418074533850819,0.24168317205927858,0.41141895390989125,0.8001309296001612,0.5434180375525839,19858,0.5785920925747348,0.10798650168728909,0.1820043226026618,22225,0.0,0.0,0.0,11825,0.7978075957596663,0.9956053366988191,0.8857987869066118,44372,0.40280528676546434,0.38901432843197803,0.415947417173891,0.0,0.0,0.0,-0.0570924700211356,-0.07988839526825453,-0.03487149703948998,-0.005014964005500283,-0.011679258974687325,-0.0008985329112153823,,
RECORDED,Bus B to Bus A,Bus B,Bus A,M+G,QUANTILE,INDUCTIVE_FIXED_TEST,3,True,3,83,98280,236,244,4.066666666666666,8.927528333333333,0.6236161986161987,0.46274448689974734,0.3875468077586375,0.02771362586605081,0.8719793940108929,0.22606927900788568,0.24361353500160282,0.41423293692527574,0.7735421492597442,0.5395409283293233,19858,0.45078550817569735,0.0632620922384702,0.11095328282828283,22225,0.23770491803278687,0.014714587737843551,0.02771362586605081,11825,0.7733407735500296,0.9994591183629316,0.8719793940108929,44372,0.3875468077586375,0.3720119159257398,0.40198090754730736,0.027713625866050806,0.009144449998539004,0.04868156825921191,-0.07235094902796246,-0.09592257215674027,-0.04892215314964846,0.02269866186055052,0.0030457061606485258,0.04418234080446981,,
RECORDED,Bus B to Bus A,Bus B,Bus A,M+G,CORAL,INDUCTIVE_FIXED_TEST,3,True,3,83,98280,236,244,4.066666666666666,8.927528333333333,0.2305148555148555,0.243714671773208,0.19875575608464888,0.04000275881095248,0.2016039337352924,0.19780636353443437,0.13525455717517032,0.15492002877857103,0.5638533588478195,0.24305902272776608,19858,0.3647966936121072,0.2700562429696288,0.31035730906458453,22225,0.10845175766641735,0.02452431289640592,0.04000275881095248,11825,0.7511996510106151,0.11642477237897773,0.2016039337352924,44372,0.19875575608464888,0.17230391688680957,0.2257138229242154,0.040002758810952485,0.020684377038706757,0.062466740939875594,-0.26114200070195104,-0.29183179145594357,-0.2300009340501585,0.0349877948054522,0.014881234462149798,0.057908091163345166,,
RECORDED,Bus B to Bus A,Bus B,Bus A,M+G,CAUSAL,INDUCTIVE_FIXED_TEST,3,False,0,83,98280,236,0,0.0,0.0,0.6898453398453398,0.5213645624749017,0.4757038646520374,0.005586133245707714,0.996477961943985,0.3021124988880549,0.2876567720895055,0.4120436225699384,0.2625642058616175,0.3207431102362205,19858,0.4480517888232265,0.8221372328458942,0.5800082531822366,22225,0.09770114942528736,0.0028752642706131076,0.005586133245707714,11825,0.9950783198867339,0.997881546921482,0.996477961943985,44372,0.4757038646520374,0.46010870936625925,0.4899253493345979,0.005586133245707714,0.0005177139988773378,0.013175699357372813,0.015806107865437458,-0.0017260375473818952,0.03288059269413192,0.000571169240207431,-0.007516229801232173,0.009143908223822434,30.0,236.0
RECORDED,Bus B to Bus A,Bus B,Bus A,M+G,RAW,INDUCTIVE_FIXED_TEST,7,False,0,83,98280,236,0,0.0,0.0,0.6645604395604395,0.4942861585543763,0.45989775678659994,0.005014964005500283,0.9963786859803414,0.28107078038868616,0.27794463967416005,0.336545505776275,0.30073522006244335,0.31763423131133156,19858,0.42345773038842344,0.6754555680539932,0.5205631458492267,22225,0.05762081784386617,0.0026215644820295984,0.005014964005500283,11825,0.9944327212319849,0.9983322816190391,0.9963786859803414,44372,0.45989775678659994,0.44393834365901136,0.47651877108888535,0.005014964005500283,0.0007703480321935401,0.011047677565251362,0.0,0.0,0.0,0.0,0.0,0.0,,
RECORDED,Bus B to Bus A,Bus B,Bus A,M+G,ZSCORE,INDUCTIVE_FIXED_TEST,7,True,7,83,98280,236,324,5.4,53.62360916666666,0.618060643060643,0.4401016720198342,0.39799425870487415,0.0016686133822793258,0.8788096091789172,0.2377224752135265,0.23946400057583622,0.32796820665673126,0.16623023466612952,0.2206329579253417,19858,0.4157766535506839,0.5990551181102363,0.4908658543329585,22225,0.062111801242236024,0.0008456659619450317,0.0016686133822793258,11825,0.7873715019988577,0.9942756693410258,0.8788096091789172,44372,0.39799425870487415,0.3793960051443105,0.4174643217168656,0.001668613382279326,0.0,0.005230220012351492,-0.061903498081725794,-0.07717524732845371,-0.04662571611627376,-0.0033463506232209567,-0.006740280800084549,-0.000607637235053547,,
RECORDED,Bus B to Bus A,Bus B,Bus A,M+G,QUANTILE,INDUCTIVE_FIXED_TEST,7,True,7,83,98280,236,324,5.4,53.62360916666666,0.6043956043956044,0.4322502212275793,0.41521524599216664,0.06448990651673216,0.8699268326173523,0.2636447171171048,0.27492511020199284,0.36267953712856893,0.31407996777117536,0.33663473215490486,19858,0.4055933852140078,0.3752080989876265,0.38980951267967745,22225,0.1620701395982295,0.04025369978858351,0.06448990651673216,11825,0.7701177369499531,0.9994591183629316,0.8699268326173523,44372,0.41521524599216664,0.39464026495827825,0.43728359480513174,0.06448990651673214,0.036722308812716854,0.09605729516105287,-0.044682510794433306,-0.06524914563705293,-0.023807730473484827,0.05947494251123186,0.03266569481380468,0.0916461032071452,,
RECORDED,Bus B to Bus A,Bus B,Bus A,M+G,CORAL,INDUCTIVE_FIXED_TEST,7,True,7,83,98280,236,324,5.4,53.62360916666666,0.4192409442409442,0.35832345176209957,0.3301959810755134,0.002187447417129396,0.5790982684956151,0.24722855193547952,0.1989925676121598,0.19155354449472098,0.390119850941686,0.2569443292814381,19858,0.41427926184023744,0.5777727784026997,0.48255387910787095,22225,0.21311475409836064,0.0010993657505285412,0.002187447417129396,11825,0.7693054518297237,0.4643018119534842,0.5790982684956151,44372,0.3301959810755134,0.3112368961571672,0.34874778372597304,0.0021874474171293956,0.0,0.006351544829741972,-0.12970177571108654,-0.15255960742057323,-0.10697735516038927,-0.002827516588370887,-0.00928440688737713,0.0029618923256894067,,
RECORDED,Bus B to Bus A,Bus B,Bus A,M+G,CAUSAL,INDUCTIVE_FIXED_TEST,7,False,0,83,98280,236,0,0.0,0.0,0.6898453398453398,0.5213645624749017,0.4757038646520374,0.005586133245707714,0.996477961943985,0.3021124988880549,0.2876567720895055,0.4120436225699384,0.2625642058616175,0.3207431102362205,19858,0.4480517888232265,0.8221372328458942,0.5800082531822366,22225,0.09770114942528736,0.0028752642706131076,0.005586133245707714,11825,0.9950783198867339,0.997881546921482,0.996477961943985,44372,0.4757038646520374,0.46010870936625925,0.4899253493345979,0.005586133245707714,0.0005177139988773378,0.013175699357372813,0.015806107865437458,-0.0017260375473818952,0.03288059269413192,0.000571169240207431,-0.007516229801232173,0.009143908223822434,30.0,236.0
RECORDED,Bus B to Bus A,Bus B,Bus A,M+G,RAW,INDUCTIVE_FIXED_TEST,14,False,0,83,98280,236,0,0.0,0.0,0.6645604395604395,0.4942861585543763,0.45989775678659994,0.005014964005500283,0.9963786859803414,0.28107078038868616,0.27794463967416005,0.336545505776275,0.30073522006244335,0.31763423131133156,19858,0.42345773038842344,0.6754555680539932,0.5205631458492267,22225,0.05762081784386617,0.0026215644820295984,0.005014964005500283,11825,0.9944327212319849,0.9983322816190391,0.9963786859803414,44372,0.45989775678659994,0.44393834365901136,0.47651877108888535,0.005014964005500283,0.0007703480321935401,0.011047677565251362,0.0,0.0,0.0,0.0,0.0,0.0,,
RECORDED,Bus B to Bus A,Bus B,Bus A,M+G,ZSCORE,INDUCTIVE_FIXED_TEST,14,True,14,83,98280,236,1288,21.466666666666665,166.9603975,0.4460622710622711,0.3657486046651093,0.3243919627927139,0.00016864828400371025,0.641150343663929,0.21880583583564214,0.19470263698922982,0.3229345217689407,0.6641152180481418,0.4345591142744168,19858,0.22716970441023704,0.21646794150731158,0.22168974494850585,22225,0.029411764705882353,8.456659619450317e-05,0.00016864828400371025,11825,0.7131934860612752,0.5823266925087893,0.641150343663929,44372,0.32439196279271376,0.30367110223872784,0.34469105060783684,0.00016864828400371023,0.0,0.000574167424405607,-0.13550579399388618,-0.16068424339763965,-0.11032345837662157,-0.004846315721496573,-0.011020377814620357,-0.0006612682534917619,,
RECORDED,Bus B to Bus A,Bus B,Bus A,M+G,QUANTILE,INDUCTIVE_FIXED_TEST,14,True,14,83,98280,236,1288,21.466666666666665,166.9603975,0.5890313390313391,0.41815742479151596,0.40528556447252445,0.07309644670050762,0.8695540240811154,0.25052941126966083,0.27240991736371767,0.32489399619000797,0.2662403061738342,0.29265727491627685,19858,0.4129966122574684,0.36202474690663666,0.38583451219219794,22225,0.10973751058425063,0.05479915433403806,0.07309644670050762,11825,0.775503355704698,0.9895654917515551,0.8695540240811154,44372,0.4052855644725244,0.3870866439062928,0.4243784186537681,0.0730964467005076,0.04665214236146631,0.10262194323861996,-0.05461219231407555,-0.07092517798143128,-0.03820751440860177,0.06808148269500733,0.0413551476392681,0.09751806266307103,,
RECORDED,Bus B to Bus A,Bus B,Bus A,M+G,CORAL,INDUCTIVE_FIXED_TEST,14,True,14,83,98280,236,1288,21.466666666666665,166.9603975,0.6354802604802605,0.46106295407656506,0.42336045010568235,0.0003372396931118793,0.8741605087465578,0.27309376389205725,0.2541511659406541,0.4124988935115517,0.2346661295195891,0.2991494142192265,19858,0.4501234974477194,0.6149831271091114,0.5197946377638334,22225,0.05555555555555555,0.00016913319238900633,0.0003372396931118793,11825,0.7798416457530664,0.9944334264851709,0.8741605087465578,44372,0.42336045010568235,0.40721056609301415,0.43892948905627927,0.0003372396931118792,0.0,0.0008919314048463172,-0.03653730668091759,-0.05820074704338574,-0.016036656707999097,-0.004677724312388404,-0.011144788776482187,-0.0004829199771939193,,
RECORDED,Bus B to Bus A,Bus B,Bus A,M+G,CAUSAL,INDUCTIVE_FIXED_TEST,14,False,0,83,98280,236,0,0.0,0.0,0.6898453398453398,0.5213645624749017,0.4757038646520374,0.005586133245707714,0.996477961943985,0.3021124988880549,0.2876567720895055,0.4120436225699384,0.2625642058616175,0.3207431102362205,19858,0.4480517888232265,0.8221372328458942,0.5800082531822366,22225,0.09770114942528736,0.0028752642706131076,0.005586133245707714,11825,0.9950783198867339,0.997881546921482,0.996477961943985,44372,0.4757038646520374,0.46010870936625925,0.4899253493345979,0.005586133245707714,0.0005177139988773378,0.013175699357372813,0.015806107865437458,-0.0017260375473818952,0.03288059269413192,0.000571169240207431,-0.007516229801232173,0.009143908223822434,30.0,236.0
RECORDED,Bus B to Bus A,Bus B,Bus A,M+G,RAW,INDUCTIVE_FIXED_TEST,18,False,0,83,98280,236,0,0.0,0.0,0.6645604395604395,0.4942861585543763,0.45989775678659994,0.005014964005500283,0.9963786859803414,0.28107078038868616,0.27794463967416005,0.336545505776275,0.30073522006244335,0.31763423131133156,19858,0.42345773038842344,0.6754555680539932,0.5205631458492267,22225,0.05762081784386617,0.0026215644820295984,0.005014964005500283,11825,0.9944327212319849,0.9983322816190391,0.9963786859803414,44372,0.45989775678659994,0.44393834365901136,0.47651877108888535,0.005014964005500283,0.0007703480321935401,0.011047677565251362,0.0,0.0,0.0,0.0,0.0,0.0,,
RECORDED,Bus B to Bus A,Bus B,Bus A,M+G,ZSCORE,INDUCTIVE_FIXED_TEST,18,True,18,83,98280,236,1599,26.65,226.04062027777778,0.5066035816035817,0.41555067580205524,0.3823837445919481,0.00016854879487611664,0.7825862607444021,0.24898290587446348,0.22949766627311932,0.3241882708280896,0.6486050961828986,0.4323018057326979,19858,0.2767631164922361,0.3640944881889764,0.3144783630958164,22225,0.024390243902439025,8.456659619450317e-05,0.00016854879487611664,11825,0.9844556045232483,0.6494185522401514,0.7825862607444021,44372,0.3823837445919481,0.3610621658417953,0.4022074868152966,0.00016854879487611661,0.0,0.0005490121856936319,-0.07751401219465182,-0.10219463427689593,-0.05214739705572554,-0.004846415210624166,-0.01115375985769399,-0.000740202901044803,,
RECORDED,Bus B to Bus A,Bus B,Bus A,M+G,QUANTILE,INDUCTIVE_FIXED_TEST,18,True,18,83,98280,236,1599,26.65,226.04062027777778,0.598972323972324,0.4284530058236983,0.4170171810993055,0.07959048877146631,0.8818983997208236,0.26205677489213286,0.28204650416816984,0.3306076160916796,0.2789304058817605,0.30257838959903854,19858,0.43509865005192105,0.3770528683914511,0.4040014463058937,22225,0.11398391928109727,0.06114164904862579,0.07959048877146631,11825,0.7908195196967258,0.9966870999729559,0.8818983997208236,44372,0.4170171810993055,0.39666208752795845,0.4353697064928792,0.07959048877146631,0.05074302600376911,0.1095668612938243,-0.04288057568729442,-0.059432772278387655,-0.026741792522265714,0.07457552476596603,0.04593991827749546,0.10479666846974106,,
RECORDED,Bus B to Bus A,Bus B,Bus A,M+G,CORAL,INDUCTIVE_FIXED_TEST,18,True,18,83,98280,236,1599,26.65,226.04062027777778,0.703042328042328,0.5451523051038196,0.5090476089299574,0.0008430281571404484,0.9697210101811451,0.35548980851289486,0.3057657766208306,0.4806920654096734,0.5610333366905026,0.5177646102009992,19858,0.48619343142040305,0.6274465691788527,0.5478617871805449,22225,0.13513513513513514,0.00042283298097251583,0.0008430281571404484,11825,0.9486892031735081,0.9917064815649509,0.9697210101811451,44372,0.5090476089299574,0.49227153239135524,0.5253571489059401,0.0008430281571404484,0.00015816976520527425,0.0018294405501064741,0.04914985214335743,0.02810449730524321,0.07090590867926973,-0.0041719358483598345,-0.011028498325042707,8.586171886316306e-05,,
RECORDED,Bus B to Bus A,Bus B,Bus A,M+G,CAUSAL,INDUCTIVE_FIXED_TEST,18,False,0,83,98280,236,0,0.0,0.0,0.6898453398453398,0.5213645624749017,0.4757038646520374,0.005586133245707714,0.996477961943985,0.3021124988880549,0.2876567720895055,0.4120436225699384,0.2625642058616175,0.3207431102362205,19858,0.4480517888232265,0.8221372328458942,0.5800082531822366,22225,0.09770114942528736,0.0028752642706131076,0.005586133245707714,11825,0.9950783198867339,0.997881546921482,0.996477961943985,44372,0.4757038646520374,0.46010870936625925,0.4899253493345979,0.005586133245707714,0.0005177139988773378,0.013175699357372813,0.015806107865437458,-0.0017260375473818952,0.03288059269413192,0.000571169240207431,-0.007516229801232173,0.009143908223822434,30.0,236.0
RECORDED,Bus B to Bus A,Bus B,Bus A,A+M+G,RAW,INDUCTIVE_FIXED_TEST,1,False,0,137,98280,236,0,0.0,0.0,0.7415445665445666,0.5839827465001812,0.5393423494519612,0.00033798056611744826,0.9978717414559991,0.3864992187839486,0.3237406018976237,0.47900536033353186,0.48600060429046227,0.48247762835574665,19858,0.5615482798539583,0.8512035995500562,0.6766820474299817,22225,0.2,0.00016913319238900633,0.00033798056611744826,11825,0.9971867755947157,0.9985576489678175,0.9978717414559991,44372,0.5393423494519611,0.5213470379105882,0.5561546476979772,0.0003379805661174482,0.0,0.001117290958242193,0.0,0.0,0.0,0.0,0.0,0.0,,
RECORDED,Bus B to Bus A,Bus B,Bus A,A+M+G,ZSCORE,INDUCTIVE_FIXED_TEST,1,True,1,137,98280,236,15,0.25,1.8072222222222223,0.2841880341880342,0.28664857139295014,0.2288134797638005,0.0012002100367564325,0.30539759485410645,0.2032854414003652,0.13776817187298288,0.19560191791768936,0.6902507805418471,0.3048235372606578,19858,0.34556925724118154,0.27109111361079863,0.3038325769036813,22225,0.005312084993359893,0.0006765327695560253,0.0012002100367564325,11825,0.8841627982295153,0.18457585864959886,0.30539759485410645,44372,0.22881347976380045,0.2052345337385401,0.2514867088636581,0.0012002100367564323,0.0,0.0031311594297230897,-0.3105288696881607,-0.34056110280299406,-0.28061346082233485,0.0008622294706389841,-0.0005777725100960356,0.0028624927714545312,,
RECORDED,Bus B to Bus A,Bus B,Bus A,A+M+G,QUANTILE,INDUCTIVE_FIXED_TEST,1,True,1,137,98280,236,15,0.25,1.8072222222222223,0.2909035409035409,0.26136941439965145,0.23745623922002945,0.004379271448477208,0.3750681281414643,0.19158560957955117,0.14422545211140855,0.1593176850707973,0.33769765333870483,0.21649717514124295,19858,0.30273175100761307,0.4258267716535433,0.35388038214893336,22225,0.010166358595194085,0.0027906976744186047,0.004379271448477208,11825,0.5713560885608856,0.27916253493193904,0.3750681281414643,44372,0.23745623922002945,0.21885063304096422,0.2563186341593365,0.004379271448477208,0.0017009357326187061,0.007656018852102265,-0.3018861102319317,-0.3287117795661585,-0.2740896135967592,0.00404129088235976,0.0013884123446557472,0.0073332824754386875,,
RECORDED,Bus B to Bus A,Bus B,Bus A,A+M+G,CORAL,INDUCTIVE_FIXED_TEST,1,True,1,137,98280,236,15,0.25,1.8072222222222223,0.25587098087098087,0.261287970329449,0.15156736805248588,0.0,0.26644063244821914,0.11327627992057482,0.09094042083149152,0.20673766991930717,0.8631282102930808,0.3335766068213886,19858,0.41916167664670656,0.0031496062992125984,0.006252232940335834,22225,0.0,0.0,0.0,11825,0.521965013810338,0.17887406472550257,0.26644063244821914,44372,0.15156736805248588,0.1375953229318684,0.16487597490253758,0.0,0.0,0.0,-0.38777498139947525,-0.40990431365696167,-0.3648159085701095,-0.0003379805661174482,-0.0011051251088130736,0.0,,
RECORDED,Bus B to Bus A,Bus B,Bus A,A+M+G,CAUSAL,INDUCTIVE_FIXED_TEST,1,False,0,137,98280,236,0,0.0,0.0,0.74002849002849,0.5817214572923757,0.5361561071973636,0.0006756756756756757,0.9980169460969893,0.38220249423082175,0.32196393458868844,0.48553928095872173,0.45905932118038073,0.4719281443325654,19858,0.5503275420108231,0.8693813273340832,0.6740036626842243,22225,0.26666666666666666,0.00033826638477801266,0.0006756756756756757,11825,0.9979269941415052,0.9981069142702605,0.9980169460969893,44372,0.5361561071973637,0.5181505152151595,0.553676678046374,0.0006756756756756756,0.0,0.0018660840390641639,-0.0031862422545974045,-0.008162072603305422,0.0010795310066160132,0.0003376951095582274,-0.0008165064350678793,0.00172056217138909,30.0,236.0
RECORDED,Bus B to Bus A,Bus B,Bus A,A+M+G,RAW,INDUCTIVE_FIXED_TEST,3,False,0,137,98280,236,0,0.0,0.0,0.7415445665445666,0.5839827465001812,0.5393423494519612,0.00033798056611744826,0.9978717414559991,0.3864992187839486,0.3237406018976237,0.47900536033353186,0.48600060429046227,0.48247762835574665,19858,0.5615482798539583,0.8512035995500562,0.6766820474299817,22225,0.2,0.00016913319238900633,0.00033798056611744826,11825,0.9971867755947157,0.9985576489678175,0.9978717414559991,44372,0.5393423494519611,0.5213470379105882,0.5561546476979772,0.0003379805661174482,0.0,0.001117290958242193,0.0,0.0,0.0,0.0,0.0,0.0,,
RECORDED,Bus B to Bus A,Bus B,Bus A,A+M+G,ZSCORE,INDUCTIVE_FIXED_TEST,3,True,3,137,98280,236,244,4.066666666666666,8.927528333333333,0.6985551485551486,0.5417622360219343,0.5049975930984154,0.0005055185778077344,0.9596670015788719,0.35344112360492996,0.3032007632901723,0.4339842737406031,0.505841474468728,0.4671658450376709,19858,0.5242809179329203,0.6815298087739032,0.5926520071993113,22225,0.06818181818181818,0.0002536997885835095,0.0005055185778077344,11825,0.9406913569557782,0.9794239610565222,0.9596670015788719,44372,0.5049975930984154,0.4915240730136267,0.5179587690006537,0.0005055185778077343,0.0,0.0011406118401863096,-0.034344756353545725,-0.05335580970757944,-0.016837985877728133,0.00016753801169028612,-0.0007431327434987707,0.00098245915784272,,
RECORDED,Bus B to Bus A,Bus B,Bus A,A+M+G,QUANTILE,INDUCTIVE_FIXED_TEST,3,True,3,137,98280,236,244,4.066666666666666,8.927528333333333,0.6976190476190476,0.5343172885430814,0.5004697689776016,0.004236942882750754,0.9554614879202077,0.3488058626633996,0.3019766385396613,0.5242925787506674,0.445059925470843,0.48143810431703665,19858,0.47206669537931456,0.6904386951631046,0.5607425407904113,22225,0.05803571428571429,0.0021987315010570823,0.004236942882750754,11825,0.915079741690565,0.9995718020373209,0.9554614879202077,44372,0.5004697689776015,0.4842221297485432,0.516564652595593,0.004236942882750753,0.0,0.013401253660080709,-0.0388725804743596,-0.05316784094718439,-0.025728328426687718,0.003898962316633305,-0.0006565440864451,0.013013068341389981,,
RECORDED,Bus B to Bus A,Bus B,Bus A,A+M+G,CORAL,INDUCTIVE_FIXED_TEST,3,True,3,137,98280,236,244,4.066666666666666,8.927528333333333,0.3945054945054945,0.3643072177823121,0.3035966581042203,0.0,0.540115046927036,0.22475719516328171,0.18215799486253217,0.2407005215177966,0.8762211703091953,0.3776574386577968,19858,0.5817225509533201,0.1990551181102362,0.2966141468320483,22225,0.0,0.0,0.0,11825,0.9218384552624422,0.381952582709817,0.540115046927036,44372,0.30359665810422026,0.28092342321225616,0.3259418052923448,0.0,0.0,0.0,-0.23574569134774087,-0.26451150715226096,-0.20671298443151448,-0.0003379805661174482,-0.0010906961640766851,0.0,,
RECORDED,Bus B to Bus A,Bus B,Bus A,A+M+G,CAUSAL,INDUCTIVE_FIXED_TEST,3,False,0,137,98280,236,0,0.0,0.0,0.74002849002849,0.5817214572923757,0.5361561071973636,0.0006756756756756757,0.9980169460969893,0.38220249423082175,0.32196393458868844,0.48553928095872173,0.45905932118038073,0.4719281443325654,19858,0.5503275420108231,0.8693813273340832,0.6740036626842243,22225,0.26666666666666666,0.00033826638477801266,0.0006756756756756757,11825,0.9979269941415052,0.9981069142702605,0.9980169460969893,44372,0.5361561071973637,0.5181505152151595,0.553676678046374,0.0006756756756756756,0.0,0.0018660840390641639,-0.0031862422545974045,-0.008162072603305422,0.0010795310066160132,0.0003376951095582274,-0.0008165064350678793,0.00172056217138909,30.0,236.0
RECORDED,Bus B to Bus A,Bus B,Bus A,A+M+G,RAW,INDUCTIVE_FIXED_TEST,7,False,0,137,98280,236,0,0.0,0.0,0.7415445665445666,0.5839827465001812,0.5393423494519612,0.00033798056611744826,0.9978717414559991,0.3864992187839486,0.3237406018976237,0.47900536033353186,0.48600060429046227,0.48247762835574665,19858,0.5615482798539583,0.8512035995500562,0.6766820474299817,22225,0.2,0.00016913319238900633,0.00033798056611744826,11825,0.9971867755947157,0.9985576489678175,0.9978717414559991,44372,0.5393423494519611,0.5213470379105882,0.5561546476979772,0.0003379805661174482,0.0,0.001117290958242193,0.0,0.0,0.0,0.0,0.0,0.0,,
RECORDED,Bus B to Bus A,Bus B,Bus A,A+M+G,ZSCORE,INDUCTIVE_FIXED_TEST,7,True,7,137,98280,236,324,5.4,53.62360916666666,0.7103479853479854,0.5625434275617652,0.5243011567753904,0.0003356831151393085,0.9429155044037866,0.3847630408992582,0.31471496731128995,0.44875556288116036,0.6855171719206365,0.542426234733927,19858,0.6267951625094482,0.5969853768278965,0.6115272048487084,22225,0.02197802197802198,0.00016913319238900633,0.0003356831151393085,11825,0.9195476159876622,0.967502028306139,0.9429155044037866,44372,0.5243011567753904,0.5079342235426954,0.5397216515003459,0.00033568311513930844,0.0,0.0010825513047160557,-0.01504119267657078,-0.028522335603754428,-0.0016307652454573224,-2.297450978139769e-06,-0.0009631145335871258,0.0009839322949651587,,
RECORDED,Bus B to Bus A,Bus B,Bus A,A+M+G,QUANTILE,INDUCTIVE_FIXED_TEST,7,True,7,137,98280,236,324,5.4,53.62360916666666,0.6783577533577534,0.5113649963609446,0.47851161026101785,0.01342925659472422,0.953074798792216,0.3203238807506185,0.29247866879450035,0.47204804963368757,0.36015711552019336,0.40858065068982263,19858,0.44692323645305604,0.6787401574803149,0.5389617349673086,22225,0.12262773722627737,0.007103594080338266,0.01342925659472422,11825,0.9108048715368343,0.9994591183629316,0.953074798792216,44372,0.47851161026101785,0.46276052718232813,0.4947035463194623,0.013429256594724222,0.006650675340026949,0.021795913559399832,-0.060830739190943284,-0.076389660452146,-0.04694057080762907,0.013091276028606774,0.006218793290039053,0.021624340842794392,,
RECORDED,Bus B to Bus A,Bus B,Bus A,A+M+G,CORAL,INDUCTIVE_FIXED_TEST,7,True,7,137,98280,236,324,5.4,53.62360916666666,0.6738909238909239,0.5293452876354339,0.4942826436648848,0.0,0.9113054271813457,0.35527504915939784,0.29656958619893087,0.4054499230135711,0.5701984087017826,0.4739144082871194,19858,0.5657506152584085,0.620607424071991,0.591910739191074,22225,0.0,0.0,0.0,11825,0.8965306700974727,0.9265753177679618,0.9113054271813457,44372,0.4942826436648847,0.47767484579069164,0.5097594964446652,0.0,0.0,0.0,-0.04505970578707641,-0.05713637962357088,-0.03261908673287139,-0.0003379805661174482,-0.0011463357628181876,0.0,,
RECORDED,Bus B to Bus A,Bus B,Bus A,A+M+G,CAUSAL,INDUCTIVE_FIXED_TEST,7,False,0,137,98280,236,0,0.0,0.0,0.74002849002849,0.5817214572923757,0.5361561071973636,0.0006756756756756757,0.9980169460969893,0.38220249423082175,0.32196393458868844,0.48553928095872173,0.45905932118038073,0.4719281443325654,19858,0.5503275420108231,0.8693813273340832,0.6740036626842243,22225,0.26666666666666666,0.00033826638477801266,0.0006756756756756757,11825,0.9979269941415052,0.9981069142702605,0.9980169460969893,44372,0.5361561071973637,0.5181505152151595,0.553676678046374,0.0006756756756756756,0.0,0.0018660840390641639,-0.0031862422545974045,-0.008162072603305422,0.0010795310066160132,0.0003376951095582274,-0.0008165064350678793,0.00172056217138909,30.0,236.0
RECORDED,Bus B to Bus A,Bus B,Bus A,A+M+G,RAW,INDUCTIVE_FIXED_TEST,14,False,0,137,98280,236,0,0.0,0.0,0.7415445665445666,0.5839827465001812,0.5393423494519612,0.00033798056611744826,0.9978717414559991,0.3864992187839486,0.3237406018976237,0.47900536033353186,0.48600060429046227,0.48247762835574665,19858,0.5615482798539583,0.8512035995500562,0.6766820474299817,22225,0.2,0.00016913319238900633,0.00033798056611744826,11825,0.9971867755947157,0.9985576489678175,0.9978717414559991,44372,0.5393423494519611,0.5213470379105882,0.5561546476979772,0.0003379805661174482,0.0,0.001117290958242193,0.0,0.0,0.0,0.0,0.0,0.0,,
RECORDED,Bus B to Bus A,Bus B,Bus A,A+M+G,ZSCORE,INDUCTIVE_FIXED_TEST,14,True,14,137,98280,236,1288,21.466666666666665,166.9603975,0.663980463980464,0.5112462362152502,0.4836341892984861,0.10833508293092589,0.948360600552077,0.3287253855472892,0.33351454675146197,0.40635759468332133,0.2555645080068486,0.3137848950443627,19858,0.44449340348876387,0.7716085489313835,0.564056178666579,22225,0.31412337662337664,0.06545454545454546,0.10833508293092589,11825,0.9443972645599606,0.9523573424682232,0.948360600552077,44372,0.4836341892984861,0.4657978616813033,0.5021139756891585,0.1083350829309259,0.06581526793806271,0.15407593848551898,-0.05570816015347502,-0.0760370031157751,-0.03492103078646982,0.10799710236480846,0.06544848875830026,0.15371775241954005,,
RECORDED,Bus B to Bus A,Bus B,Bus A,A+M+G,QUANTILE,INDUCTIVE_FIXED_TEST,14,True,14,137,98280,236,1288,21.466666666666665,166.9603975,0.6932132682132682,0.5368202425092299,0.5022783051331917,0.0038948393378773127,0.9421610484504769,0.35565072402743,0.30292491881506595,0.43228099771056755,0.7226306778124685,0.5409582689335394,19858,0.682326459483009,0.42281214848143983,0.5220990638108731,22225,0.01703800786369594,0.0021987315010570823,0.0038948393378773127,11825,0.8909331940706222,0.9996394122419544,0.9421610484504769,44372,0.5022783051331916,0.4858109525963106,0.5179592068586685,0.0038948393378773123,0.00040496724667449084,0.009413757927711156,-0.03706404431876953,-0.051597652697659493,-0.022641711140994322,0.003556858771759864,-8.333115566859677e-06,0.0091828194257502,,
RECORDED,Bus B to Bus A,Bus B,Bus A,A+M+G,CORAL,INDUCTIVE_FIXED_TEST,14,True,14,137,98280,236,1288,21.466666666666665,166.9603975,0.6532967032967033,0.5199497301257296,0.5012759305644353,0.11209986404647139,0.9117696262672451,0.36444469866349877,0.34560550395724976,0.40941778245825183,0.6852150266894954,0.5125722788314844,19858,0.5725790738455543,0.3966704161979753,0.46866195311254055,22225,0.20817075969703924,0.07670190274841437,0.11209986404647139,11825,0.9025192643129981,0.9212115748670333,0.9117696262672451,44372,0.5012759305644353,0.47999486729645074,0.5205641632505092,0.11209986404647138,0.07701599121529826,0.14947128393497416,-0.03806641888752582,-0.0668869833663693,-0.008878759966804728,0.11176188348035393,0.07679100895468403,0.14945585257057628,,
RECORDED,Bus B to Bus A,Bus B,Bus A,A+M+G,CAUSAL,INDUCTIVE_FIXED_TEST,14,False,0,137,98280,236,0,0.0,0.0,0.74002849002849,0.5817214572923757,0.5361561071973636,0.0006756756756756757,0.9980169460969893,0.38220249423082175,0.32196393458868844,0.48553928095872173,0.45905932118038073,0.4719281443325654,19858,0.5503275420108231,0.8693813273340832,0.6740036626842243,22225,0.26666666666666666,0.00033826638477801266,0.0006756756756756757,11825,0.9979269941415052,0.9981069142702605,0.9980169460969893,44372,0.5361561071973637,0.5181505152151595,0.553676678046374,0.0006756756756756756,0.0,0.0018660840390641639,-0.0031862422545974045,-0.008162072603305422,0.0010795310066160132,0.0003376951095582274,-0.0008165064350678793,0.00172056217138909,30.0,236.0
RECORDED,Bus B to Bus A,Bus B,Bus A,A+M+G,RAW,INDUCTIVE_FIXED_TEST,18,False,0,137,98280,236,0,0.0,0.0,0.7415445665445666,0.5839827465001812,0.5393423494519612,0.00033798056611744826,0.9978717414559991,0.3864992187839486,0.3237406018976237,0.47900536033353186,0.48600060429046227,0.48247762835574665,19858,0.5615482798539583,0.8512035995500562,0.6766820474299817,22225,0.2,0.00016913319238900633,0.00033798056611744826,11825,0.9971867755947157,0.9985576489678175,0.9978717414559991,44372,0.5393423494519611,0.5213470379105882,0.5561546476979772,0.0003379805661174482,0.0,0.001117290958242193,0.0,0.0,0.0,0.0,0.0,0.0,,
RECORDED,Bus B to Bus A,Bus B,Bus A,A+M+G,ZSCORE,INDUCTIVE_FIXED_TEST,18,True,18,137,98280,236,1599,26.65,226.04062027777778,0.6787749287749287,0.5233292286946988,0.49362917009928553,0.1153091907438881,0.9813847047170133,0.3310439918933763,0.3423011783571266,0.40454665145264634,0.23209789505488973,0.29496656107004576,19858,0.45353522713052186,0.8153430821147356,0.582856223866195,22225,0.25395911315865244,0.0745877378435518,0.1153091907438881,11825,0.9916933201408223,0.971288199765618,0.9813847047170133,44372,0.4936291700992856,0.47476078882359124,0.5127572495334802,0.11530919074388808,0.06650519689230644,0.1667777841771328,-0.04571317935267555,-0.07080711347759715,-0.021100650844173747,0.11497121017777064,0.06614076429005462,0.16639313667062966,,
RECORDED,Bus B to Bus A,Bus B,Bus A,A+M+G,QUANTILE,INDUCTIVE_FIXED_TEST,18,True,18,137,98280,236,1599,26.65,226.04062027777778,0.6936100936100936,0.536266589806535,0.5026707791446432,0.0013669501822600244,0.9509876424123554,0.3532318247220725,0.3021492475596899,0.4205624599224404,0.6935743780843993,0.5236185298534416,19858,0.6568132660418169,0.450888638920135,0.534709994130516,22225,0.006701414743112435,0.0007610993657505285,0.0013669501822600244,11825,0.9066849236680223,0.999842242855855,0.9509876424123554,44372,0.5026707791446432,0.48640326781195903,0.5181082408038468,0.0013669501822600242,0.00014650331801939766,0.003308194332582478,-0.036671570307317936,-0.051231152408636384,-0.023137194944030683,0.001028969616142576,-0.0004707616314615928,0.0029914865770785874,,
RECORDED,Bus B to Bus A,Bus B,Bus A,A+M+G,CORAL,INDUCTIVE_FIXED_TEST,18,True,18,137,98280,236,1599,26.65,226.04062027777778,0.6929487179487179,0.5474787094868736,0.5241769212493022,0.08472349927755156,0.9786932138111218,0.3726714903953623,0.3483955524606019,0.4226020042949177,0.7135159633397119,0.5308133218446783,19858,0.581152141802068,0.4425646794150731,0.5024776500638569,22225,0.18965010291090856,0.05454545454545454,0.08472349927755156,11825,0.9780984108404988,0.979288740647255,0.9786932138111218,44372,0.5241769212493023,0.5063699405332204,0.542714261248531,0.08472349927755156,0.05897484144256102,0.11561933338165553,-0.01516542820265887,-0.04030745562011576,0.01023144346735553,0.08438551871143411,0.05835602828489069,0.11524252131623415,,
RECORDED,Bus B to Bus A,Bus B,Bus A,A+M+G,CAUSAL,INDUCTIVE_FIXED_TEST,18,False,0,137,98280,236,0,0.0,0.0,0.74002849002849,0.5817214572923757,0.5361561071973636,0.0006756756756756757,0.9980169460969893,0.38220249423082175,0.32196393458868844,0.48553928095872173,0.45905932118038073,0.4719281443325654,19858,0.5503275420108231,0.8693813273340832,0.6740036626842243,22225,0.26666666666666666,0.00033826638477801266,0.0006756756756756757,11825,0.9979269941415052,0.9981069142702605,0.9980169460969893,44372,0.5361561071973637,0.5181505152151595,0.553676678046374,0.0006756756756756756,0.0,0.0018660840390641639,-0.0031862422545974045,-0.008162072603305422,0.0010795310066160132,0.0003376951095582274,-0.0008165064350678793,0.00172056217138909,30.0,236.0
YAW90_LEFT,Bus A to Bus B,Bus A,Bus B,A,RAW,INDUCTIVE_FIXED_TEST,1,False,0,54,7059,12,0,0.0,0.0,0.8268876611418048,0.7190897258697118,0.6792347654882647,0.8888888888888888,0.9655411255411256,0.5837993121373111,0.7630964148485144,0.17080745341614906,0.45454545454545453,0.24830699774266365,242,0.9677047289504037,0.44986595174262733,0.6142020497803806,1865,0.8149010477299186,0.9776536312849162,0.8888888888888888,2148,0.9384045775833053,0.9942938659058488,0.9655411255411256,2804,0.6792347654882647,0.6273531073699544,0.7285840718099597,0.888888888888889,0.816326092668827,0.9429909031435637,0.0,0.0,0.0,0.0,0.0,0.0,,
YAW90_LEFT,Bus A to Bus B,Bus A,Bus B,A,ZSCORE,INDUCTIVE_FIXED_TEST,1,True,1,54,7059,12,81,1.35,4.197950277777777,0.3972234027482646,0.25,0.14219066937119676,0.0,0.568762677484787,0.0,0.08531440162271806,0.0,0.0,0.0,242,0.0,0.0,0.0,1865,0.0,0.0,0.0,2148,0.3973922902494331,1.0,0.568762677484787,2804,0.14219066937119676,0.13248786801449838,0.15184676393406496,0.0,0.0,0.0,-0.5370440961170679,-0.583441895688996,-0.4903050360934329,-0.888888888888889,-0.9439678832091057,-0.8209698841608549,,
YAW90_LEFT,Bus A to Bus B,Bus A,Bus B,A,QUANTILE,INDUCTIVE_FIXED_TEST,1,True,1,54,7059,12,81,1.35,4.197950277777777,0.4013316333758323,0.26377650499634414,0.17123611518271817,0.0,0.5804782113652831,0.03482208312186319,0.1027416691096309,1.0,0.045454545454545456,0.08695652173913043,242,0.09424083769633508,0.0096514745308311,0.017509727626459144,1865,0.0,0.0,0.0,2148,0.4089251859413738,1.0,0.5804782113652831,2804,0.17123611518271817,0.1444760772296879,0.19245691679766463,0.0,0.0,0.0,-0.5079986503055465,-0.5537979115617095,-0.46487953349710665,-0.888888888888889,-0.9435049211111081,-0.8250478699295646,,
YAW90_LEFT,Bus A to Bus B,Bus A,Bus B,A,CORAL,INDUCTIVE_FIXED_TEST,1,True,1,54,7059,12,81,1.35,4.197950277777777,0.5670774897294234,0.41094831015057004,0.33350255364584885,0.0,0.8928229665071771,0.14706241602540612,0.2001015321875093,0.0,0.0,0.0,242,0.33509602003896466,0.6455764075067024,0.4411872480762184,1865,0.0,0.0,0.0,2148,0.8075591459896134,0.9982168330955777,0.8928229665071771,2804,0.33350255364584885,0.3091580030114891,0.35162980952254425,0.0,0.0,0.0,-0.3457322118424158,-0.4067323746218923,-0.2877679618042835,-0.888888888888889,-0.940933908045977,-0.8259273275719956,,
YAW90_LEFT,Bus A to Bus B,Bus A,Bus B,A,CAUSAL,INDUCTIVE_FIXED_TEST,1,False,0,54,7059,12,0,0.0,0.0,0.6632667516645417,0.6558111306101229,0.5585657609752696,0.5272784610532955,0.9677195418257549,0.4221811673584411,0.5460508410064799,0.10269082921471719,0.7727272727272727,0.18128938439166262,242,0.6929196499602227,0.4670241286863271,0.5579756566303652,1865,0.8172043010752689,0.3891992551210428,0.5272784610532955,2148,0.9425287356321839,0.9942938659058488,0.9677195418257549,2804,0.5585657609752696,0.47502000996851307,0.6416296742519385,0.5272784610532955,0.25220096823410243,0.7369339509623826,-0.12066900451299511,-0.2146558952081358,-0.031970226758286834,-0.3616104278355935,-0.6237307020360772,-0.16707391087428014,254.0,12.0
YAW90_LEFT,Bus A to Bus B,Bus A,Bus B,A,RAW,INDUCTIVE_FIXED_TEST,3,False,0,54,7059,12,0,0.0,0.0,0.8268876611418048,0.7190897258697118,0.6792347654882647,0.8888888888888888,0.9655411255411256,0.5837993121373111,0.7630964148485144,0.17080745341614906,0.45454545454545453,0.24830699774266365,242,0.9677047289504037,0.44986595174262733,0.6142020497803806,1865,0.8149010477299186,0.9776536312849162,0.8888888888888888,2148,0.9384045775833053,0.9942938659058488,0.9655411255411256,2804,0.6792347654882647,0.6273531073699544,0.7285840718099597,0.888888888888889,0.816326092668827,0.9429909031435637,0.0,0.0,0.0,0.0,0.0,0.0,,
YAW90_LEFT,Bus A to Bus B,Bus A,Bus B,A,ZSCORE,INDUCTIVE_FIXED_TEST,3,True,3,54,7059,12,210,3.5,24.16194833333333,0.3970817396231761,0.2499108416547789,0.14244333773757495,0.0,0.5697733509502998,0.0,0.08546600264254496,0.0,0.0,0.0,242,0.0,0.0,0.0,1865,0.0,0.0,0.0,2148,0.3984363894811656,0.9996433666191156,0.5697733509502998,2804,0.14244333773757498,0.13294803907078584,0.15236166414451116,0.0,0.0,0.0,-0.5367914277506897,-0.5809550136734172,-0.4917176377153074,-0.888888888888889,-0.9416686072618558,-0.8197814771532937,,
YAW90_LEFT,Bus A to Bus B,Bus A,Bus B,A,QUANTILE,INDUCTIVE_FIXED_TEST,3,True,3,54,7059,12,210,3.5,24.16194833333333,0.572744014732965,0.473667294804359,0.4334768136257019,0.0,0.8891356066613798,0.28159054928047594,0.2600860881754211,0.8648648648648649,0.2644628099173554,0.4050632911392405,242,0.3375430539609644,0.6305630026809651,0.43970835670218733,1865,0.0,0.0,0.0,2148,0.800628391888032,0.9996433666191156,0.8891356066613798,2804,0.4334768136257019,0.34032928970871046,0.4953428034146076,0.0,0.0,0.0,-0.24575795186256277,-0.3562146514853297,-0.14830887730951733,-0.888888888888889,-0.9433524878176472,-0.822324146930721,,
YAW90_LEFT,Bus A to Bus B,Bus A,Bus B,A,CORAL,INDUCTIVE_FIXED_TEST,3,True,3,54,7059,12,210,3.5,24.16194833333333,0.5067289984417056,0.4922463400531881,0.37076344012157536,0.0,0.9193892628468232,0.18788816587982604,0.22245806407294522,0.05178211163416274,0.6363636363636364,0.09577114427860696,242,0.7807017543859649,0.33404825737265414,0.4678933533608712,1865,0.0,0.0,0.0,2148,0.8518405841192577,0.9985734664764622,0.9193892628468232,2804,0.37076344012157536,0.3370050340884262,0.4085758600847957,0.0,0.0,0.0,-0.3084713253666893,-0.3662292567444972,-0.23580767517906864,-0.888888888888889,-0.9408703217795602,-0.820051666654028,,
YAW90_LEFT,Bus A to Bus B,Bus A,Bus B,A,CAUSAL,INDUCTIVE_FIXED_TEST,3,False,0,54,7059,12,0,0.0,0.0,0.6632667516645417,0.6558111306101229,0.5585657609752696,0.5272784610532955,0.9677195418257549,0.4221811673584411,0.5460508410064799,0.10269082921471719,0.7727272727272727,0.18128938439166262,242,0.6929196499602227,0.4670241286863271,0.5579756566303652,1865,0.8172043010752689,0.3891992551210428,0.5272784610532955,2148,0.9425287356321839,0.9942938659058488,0.9677195418257549,2804,0.5585657609752696,0.47502000996851307,0.6416296742519385,0.5272784610532955,0.25220096823410243,0.7369339509623826,-0.12066900451299511,-0.2146558952081358,-0.031970226758286834,-0.3616104278355935,-0.6237307020360772,-0.16707391087428014,254.0,12.0
YAW90_LEFT,Bus A to Bus B,Bus A,Bus B,A,RAW,INDUCTIVE_FIXED_TEST,7,False,0,54,7059,12,0,0.0,0.0,0.8268876611418048,0.7190897258697118,0.6792347654882647,0.8888888888888888,0.9655411255411256,0.5837993121373111,0.7630964148485144,0.17080745341614906,0.45454545454545453,0.24830699774266365,242,0.9677047289504037,0.44986595174262733,0.6142020497803806,1865,0.8149010477299186,0.9776536312849162,0.8888888888888888,2148,0.9384045775833053,0.9942938659058488,0.9655411255411256,2804,0.6792347654882647,0.6273531073699544,0.7285840718099597,0.888888888888889,0.816326092668827,0.9429909031435637,0.0,0.0,0.0,0.0,0.0,0.0,,
YAW90_LEFT,Bus A to Bus B,Bus A,Bus B,A,ZSCORE,INDUCTIVE_FIXED_TEST,7,True,7,54,7059,12,1334,22.233333333333334,63.876666666666665,0.6430089247768805,0.5038794059706179,0.43109907887824306,0.0,0.9731426578304848,0.2504178858941624,0.25865944732694585,0.9583333333333334,0.09504132231404959,0.17293233082706766,242,0.42056530214424953,0.9254691689008043,0.5783213268554197,1865,0.0,0.0,0.0,2148,0.9522184300341296,0.9950071326676176,0.9731426578304848,2804,0.43109907887824306,0.3750099537480374,0.517187485022861,0.0,0.0,0.0,-0.2481356866100216,-0.32022082312763417,-0.16126673375211462,-0.888888888888889,-0.9422945232912893,-0.8213246045872097,,
YAW90_LEFT,Bus A to Bus B,Bus A,Bus B,A,QUANTILE,INDUCTIVE_FIXED_TEST,7,True,7,54,7059,12,1334,22.233333333333334,63.876666666666665,0.7672474854795297,0.7292879522551686,0.6629735594015773,0.8364811133200796,0.9237497623122266,0.5760481584313609,0.7323765809689782,0.15295256534365925,0.6528925619834711,0.24784313725490195,242,0.6761061946902654,0.6144772117962467,0.6438202247191012,1865,0.8971215351812367,0.7835195530726257,0.8364811133200796,2148,0.9894093686354379,0.8662624821683309,0.9237497623122266,2804,0.6629735594015773,0.6020090896555476,0.7372291120692409,0.8364811133200796,0.6895345673718316,0.9295648452929558,-0.016261206086687352,-0.09193561557977895,0.07230634539978308,-0.05240777556880938,-0.184781942314973,0.04518329162294853,,
YAW90_LEFT,Bus A to Bus B,Bus A,Bus B,A,CORAL,INDUCTIVE_FIXED_TEST,7,True,7,54,7059,12,1334,22.233333333333334,63.876666666666665,0.7362232610851396,0.6713210679134738,0.5959494568508914,0.7825503355704698,0.9478021978021978,0.4786652098671225,0.6705898083387227,0.12822796081923418,0.5950413223140496,0.210989010989011,242,0.9158249158249159,0.29168900804289544,0.44245628304188694,1865,0.7532299741602068,0.8142458100558659,0.7825503355704698,2148,0.9139072847682119,0.9843081312410842,0.9478021978021978,2804,0.5959494568508914,0.5569186633018905,0.6489883991374221,0.7825503355704698,0.6907206591600067,0.8631856367188709,-0.08328530863737327,-0.13447618941647785,-0.018105319275328848,-0.10633855331841913,-0.22223621565215687,-0.009507269882515166,,
YAW90_LEFT,Bus A to Bus B,Bus A,Bus B,A,CAUSAL,INDUCTIVE_FIXED_TEST,7,False,0,54,7059,12,0,0.0,0.0,0.6632667516645417,0.6558111306101229,0.5585657609752696,0.5272784610532955,0.9677195418257549,0.4221811673584411,0.5460508410064799,0.10269082921471719,0.7727272727272727,0.18128938439166262,242,0.6929196499602227,0.4670241286863271,0.5579756566303652,1865,0.8172043010752689,0.3891992551210428,0.5272784610532955,2148,0.9425287356321839,0.9942938659058488,0.9677195418257549,2804,0.5585657609752696,0.47502000996851307,0.6416296742519385,0.5272784610532955,0.25220096823410243,0.7369339509623826,-0.12066900451299511,-0.2146558952081358,-0.031970226758286834,-0.3616104278355935,-0.6237307020360772,-0.16707391087428014,254.0,12.0
YAW90_LEFT,Bus A to Bus B,Bus A,Bus B,A,RAW,INDUCTIVE_FIXED_TEST,14,False,0,54,7059,12,0,0.0,0.0,0.8268876611418048,0.7190897258697118,0.6792347654882647,0.8888888888888888,0.9655411255411256,0.5837993121373111,0.7630964148485144,0.17080745341614906,0.45454545454545453,0.24830699774266365,242,0.9677047289504037,0.44986595174262733,0.6142020497803806,1865,0.8149010477299186,0.9776536312849162,0.8888888888888888,2148,0.9384045775833053,0.9942938659058488,0.9655411255411256,2804,0.6792347654882647,0.6273531073699544,0.7285840718099597,0.888888888888889,0.816326092668827,0.9429909031435637,0.0,0.0,0.0,0.0,0.0,0.0,,
YAW90_LEFT,Bus A to Bus B,Bus A,Bus B,A,ZSCORE,INDUCTIVE_FIXED_TEST,14,True,14,54,7059,12,4438,73.96666666666667,152.33323388888888,0.6860745148037966,0.5373397833024481,0.5091947286536388,0.3017570664629488,0.9596843369360096,0.35903152589284854,0.42621966377736276,0.9583333333333334,0.09504132231404959,0.17293233082706766,242,0.4598870056497175,0.8729222520107238,0.6024051803885292,1865,0.8404255319148937,0.18389199255121041,0.3017570664629488,2148,0.9246280991735537,0.9975035663338089,0.9596843369360096,2804,0.5091947286536388,0.4166421527966727,0.6042368645309719,0.3017570664629488,0.009887581631295515,0.5489932117612684,-0.17004003683462587,-0.2605496675777318,-0.07602317919378589,-0.5871318224259401,-0.8713262621031437,-0.32666604747520867,,
YAW90_LEFT,Bus A to Bus B,Bus A,Bus B,A,QUANTILE,INDUCTIVE_FIXED_TEST,14,True,14,54,7059,12,4438,73.96666666666667,152.33323388888888,0.8307125655191954,0.7888592382987425,0.7179460304150223,0.9016584910067741,0.966957153231663,0.6349423228094753,0.7914310146517229,0.22137404580152673,0.71900826446281,0.33852140077821014,242,0.7639275766016713,0.5882037533512064,0.6646470766434414,1865,0.9048288795124239,0.8985102420856611,0.9016584910067741,2148,0.9848372781065089,0.9497146932952925,0.966957153231663,2804,0.7179460304150221,0.6608196042258467,0.784037385781717,0.9016584910067741,0.8037855456394369,0.9582887323531141,0.03871126492675747,-0.0360748475815409,0.12185998860843976,0.012769602117885137,-0.08781484072821803,0.08521078786016174,,
YAW90_LEFT,Bus A to Bus B,Bus A,Bus B,A,CORAL,INDUCTIVE_FIXED_TEST,14,True,14,54,7059,12,4438,73.96666666666667,152.33323388888888,0.7995466779997167,0.6959544717520547,0.642109634839021,0.8781788351107465,0.9591554170993424,0.5364277074189139,0.7365373149477112,0.16258992805755396,0.4669421487603306,0.24119530416221985,242,0.9350453172205438,0.3319034852546917,0.4899089829837752,1865,0.7848240469208211,0.9967411545623837,0.8781788351107465,2148,0.9317417619367855,0.9882310984308131,0.9591554170993424,2804,0.642109634839021,0.6010580900587033,0.683052683956156,0.8781788351107466,0.8090038293078926,0.9203543678017354,-0.03712513064924372,-0.07646022473277356,0.007103595015879255,-0.010710053778142381,-0.05122989079924223,0.018432084902240912,,
YAW90_LEFT,Bus A to Bus B,Bus A,Bus B,A,CAUSAL,INDUCTIVE_FIXED_TEST,14,False,0,54,7059,12,0,0.0,0.0,0.6632667516645417,0.6558111306101229,0.5585657609752696,0.5272784610532955,0.9677195418257549,0.4221811673584411,0.5460508410064799,0.10269082921471719,0.7727272727272727,0.18128938439166262,242,0.6929196499602227,0.4670241286863271,0.5579756566303652,1865,0.8172043010752689,0.3891992551210428,0.5272784610532955,2148,0.9425287356321839,0.9942938659058488,0.9677195418257549,2804,0.5585657609752696,0.47502000996851307,0.6416296742519385,0.5272784610532955,0.25220096823410243,0.7369339509623826,-0.12066900451299511,-0.2146558952081358,-0.031970226758286834,-0.3616104278355935,-0.6237307020360772,-0.16707391087428014,254.0,12.0
YAW90_LEFT,Bus A to Bus B,Bus A,Bus B,A,RAW,INDUCTIVE_FIXED_TEST,18,False,0,54,7059,12,0,0.0,0.0,0.8268876611418048,0.7190897258697118,0.6792347654882647,0.8888888888888888,0.9655411255411256,0.5837993121373111,0.7630964148485144,0.17080745341614906,0.45454545454545453,0.24830699774266365,242,0.9677047289504037,0.44986595174262733,0.6142020497803806,1865,0.8149010477299186,0.9776536312849162,0.8888888888888888,2148,0.9384045775833053,0.9942938659058488,0.9655411255411256,2804,0.6792347654882647,0.6273531073699544,0.7285840718099597,0.888888888888889,0.816326092668827,0.9429909031435637,0.0,0.0,0.0,0.0,0.0,0.0,,
YAW90_LEFT,Bus A to Bus B,Bus A,Bus B,A,ZSCORE,INDUCTIVE_FIXED_TEST,18,True,18,54,7059,12,6262,104.36666666666666,197.27287666666666,0.8324125230202578,0.7682454515645245,0.7018217377627902,0.8990825688073395,0.9655411255411256,0.6139152751700118,0.7807260701806099,0.225531914893617,0.6570247933884298,0.3357972544878564,242,0.9739336492890995,0.4407506702412869,0.6068660022148394,1865,0.8298542733359591,0.9809124767225326,0.8990825688073395,2148,0.9384045775833053,0.9942938659058488,0.9655411255411256,2804,0.7018217377627902,0.6545376377184869,0.7557567495893147,0.8990825688073395,0.8341881407675389,0.9427732451230191,0.022586972274525552,-0.013183151301575779,0.07433848813704808,0.010193679918450549,-0.036967439907089054,0.05216469937763893,,
YAW90_LEFT,Bus A to Bus B,Bus A,Bus B,A,QUANTILE,INDUCTIVE_FIXED_TEST,18,True,18,54,7059,12,6262,104.36666666666666,197.27287666666666,0.6346508003966568,0.6550379052611495,0.5549032450558575,0.5134217834001852,0.9385307346326837,0.4270274151969155,0.5383106603935885,0.09377901578458682,0.8347107438016529,0.1686143572621035,242,0.7359375,0.5050938337801608,0.5990461049284579,1865,0.7612076852698993,0.38733705772811916,0.5134217834001852,2148,0.9889415481832543,0.8930099857346647,0.9385307346326837,2804,0.5549032450558575,0.48634996789934226,0.6316845402780709,0.5134217834001852,0.29261273478821137,0.6922744928787224,-0.12433152043240714,-0.19776295402225022,-0.04033461915377118,-0.37546710548870377,-0.588738346172757,-0.17903711095931527,,
YAW90_LEFT,Bus A to Bus B,Bus A,Bus B,A,CORAL,INDUCTIVE_FIXED_TEST,18,True,18,54,7059,12,6262,104.36666666666666,197.27287666666666,0.7220569485762856,0.6806212457296897,0.5976581690837975,0.687960687960688,0.9673684210526315,0.47442141842751956,0.6337791766345537,0.14347826086956522,0.6818181818181818,0.23706896551724138,242,0.9283625730994152,0.34048257372654156,0.49823460180462925,1865,0.6612279948475741,0.7169459962756052,0.687960687960688,2148,0.9520027624309392,0.9832382310984308,0.9673684210526315,2804,0.5976581690837975,0.544997041792302,0.6693922480497392,0.687960687960688,0.6203635835202452,0.7581523029360856,-0.08157659640446713,-0.14400161159703254,-0.0019368475082820306,-0.20092820092820096,-0.28756629379941734,-0.11081419772047578,,
YAW90_LEFT,Bus A to Bus B,Bus A,Bus B,A,CAUSAL,INDUCTIVE_FIXED_TEST,18,False,0,54,7059,12,0,0.0,0.0,0.6632667516645417,0.6558111306101229,0.5585657609752696,0.5272784610532955,0.9677195418257549,0.4221811673584411,0.5460508410064799,0.10269082921471719,0.7727272727272727,0.18128938439166262,242,0.6929196499602227,0.4670241286863271,0.5579756566303652,1865,0.8172043010752689,0.3891992551210428,0.5272784610532955,2148,0.9425287356321839,0.9942938659058488,0.9677195418257549,2804,0.5585657609752696,0.47502000996851307,0.6416296742519385,0.5272784610532955,0.25220096823410243,0.7369339509623826,-0.12066900451299511,-0.2146558952081358,-0.031970226758286834,-0.3616104278355935,-0.6237307020360772,-0.16707391087428014,254.0,12.0
YAW90_LEFT,Bus A to Bus B,Bus A,Bus B,M,RAW,INDUCTIVE_FIXED_TEST,1,False,0,41,7059,12,0,0.0,0.0,0.6563252585352033,0.571642553001207,0.5014022732095436,0.2608695652173913,0.9630697171680779,0.34751312522336547,0.40518919001268267,0.10585305105853052,0.3512396694214876,0.16267942583732056,242,0.4940837863767189,0.8284182305630027,0.6189903846153846,1865,0.8638743455497382,0.15363128491620112,0.2608695652173913,2148,0.9730615216599927,0.953281027104137,0.9630697171680779,2804,0.5014022732095436,0.40183684259940167,0.591804352534199,0.2608695652173913,0.0,0.5943828385515616,0.0,0.0,0.0,0.0,0.0,0.0,,
YAW90_LEFT,Bus A to Bus B,Bus A,Bus B,M,ZSCORE,INDUCTIVE_FIXED_TEST,1,True,1,41,7059,12,81,1.35,4.197950277777777,0.445388865278368,0.3636522380385587,0.33906185702086356,0.267271458478716,0.6120297148334531,0.24807257108333372,0.31034569760400454,0.02766798418972332,0.028925619834710745,0.028282828282828285,242,0.31299004026276755,0.7919571045576408,0.44866342648845686,1865,0.5334261838440112,0.17830540037243947,0.267271458478716,2148,0.9327976625273923,0.45542082738944367,0.6120297148334531,2804,0.33906185702086356,0.26736944189592643,0.38561449948351306,0.267271458478716,0.0,0.5693031395507718,-0.16234041618868,-0.2255655374681373,-0.11859941620720926,0.006401893261324676,-0.03849663120710158,0.018599861481855752,,
YAW90_LEFT,Bus A to Bus B,Bus A,Bus B,M,QUANTILE,INDUCTIVE_FIXED_TEST,1,True,1,41,7059,12,81,1.35,4.197950277777777,0.5558861028474288,0.4656936356387026,0.38048901628418086,0.026268115942028984,0.8828887443070917,0.21302244027654385,0.2388006561473201,0.10900473933649289,0.28512396694214875,0.15771428571428572,242,0.3679682329583058,0.5962466487935657,0.45508491917331695,1865,0.48333333333333334,0.013500931098696461,0.026268115942028984,2148,0.8116028708133971,0.9679029957203994,0.8828887443070917,2804,0.38048901628418086,0.32914197748346985,0.49111627143794734,0.026268115942028984,0.0,0.07344968192655288,-0.1209132569253627,-0.22206199639516144,0.009158124591986585,-0.2346014492753623,-0.5195455624868591,0.0,,
YAW90_LEFT,Bus A to Bus B,Bus A,Bus B,M,CORAL,INDUCTIVE_FIXED_TEST,1,True,1,41,7059,12,81,1.35,4.197950277777777,0.4867544978042216,0.3340679950533221,0.2801837675639989,0.04261106074342702,0.6134297294336729,0.1691017802741075,0.1851546848357701,0.0,0.0,0.0,242,0.8791044776119403,0.3158176943699732,0.46469428007889546,1865,0.8103448275862069,0.021880819366852888,0.04261106074342702,2148,0.4426877470355731,0.9985734664764622,0.6134297294336729,2804,0.2801837675639988,0.25355968003606766,0.3020836777948473,0.042611060743427014,0.0,0.12250550161152017,-0.22121850564554474,-0.3147315970936516,-0.11553770432618651,-0.21825850447396428,-0.48203813524418715,0.0,,
YAW90_LEFT,Bus A to Bus B,Bus A,Bus B,M,CAUSAL,INDUCTIVE_FIXED_TEST,1,False,0,41,7059,12,0,0.0,0.0,0.6594418472871512,0.6074328135154482,0.5239378245551727,0.2906047926968429,0.9639671780235461,0.37726137339904825,0.43060461181184073,0.16445623342175067,0.512396694214876,0.24899598393574296,242,0.47882197220383854,0.7758713136729223,0.592183343564559,1865,0.7941787941787942,0.17783985102420857,0.2906047926968429,2148,0.9643112062812277,0.963623395149786,0.9639671780235461,2804,0.5239378245551728,0.43041132246534014,0.6493239596842764,0.29060479269684286,0.09660004549579408,0.48388373227217335,0.022535551345629234,-0.11985024140938405,0.20147553439547847,0.029735227479451565,-0.4481795179285358,0.48263579140930735,254.0,12.0
YAW90_LEFT,Bus A to Bus B,Bus A,Bus B,M,RAW,INDUCTIVE_FIXED_TEST,3,False,0,41,7059,12,0,0.0,0.0,0.6563252585352033,0.571642553001207,0.5014022732095436,0.2608695652173913,0.9630697171680779,0.34751312522336547,0.40518919001268267,0.10585305105853052,0.3512396694214876,0.16267942583732056,242,0.4940837863767189,0.8284182305630027,0.6189903846153846,1865,0.8638743455497382,0.15363128491620112,0.2608695652173913,2148,0.9730615216599927,0.953281027104137,0.9630697171680779,2804,0.5014022732095436,0.40183684259940167,0.591804352534199,0.2608695652173913,0.0,0.5943828385515616,0.0,0.0,0.0,0.0,0.0,0.0,,
YAW90_LEFT,Bus A to Bus B,Bus A,Bus B,M,ZSCORE,INDUCTIVE_FIXED_TEST,3,True,3,41,7059,12,210,3.5,24.16194833333333,0.6138263210086414,0.48542542973243796,0.4136307162262372,0.0,0.9461358313817331,0.23612901117440524,0.2481784297357423,0.3125,0.10330578512396695,0.15527950310559005,242,0.39886175005928387,0.9018766756032172,0.5531075304176257,1865,0.0,0.0,0.0,2148,0.9559519475791772,0.9365192582025678,0.9461358313817331,2804,0.4136307162262372,0.36117695301655184,0.4850145547206708,0.0,0.0,0.0,-0.08777155698330635,-0.21272441930706074,0.056116736499294724,-0.2608695652173913,-0.5993223578606178,0.0,,
YAW90_LEFT,Bus A to Bus B,Bus A,Bus B,M,QUANTILE,INDUCTIVE_FIXED_TEST,3,True,3,41,7059,12,210,3.5,24.16194833333333,0.5982433772489021,0.4792597132598553,0.41719233116663107,0.005568445475638051,0.9249875807252856,0.24792724798041288,0.25254277689023386,0.3805309734513274,0.17768595041322313,0.24225352112676057,242,0.3728401727861771,0.7404825737265416,0.49595977733884,1865,0.8571428571428571,0.002793296089385475,0.005568445475638051,2148,0.8633693972179289,0.996077032810271,0.9249875807252856,2804,0.4171923311666311,0.34252470343315883,0.4875064025368832,0.0055684454756380515,0.0,0.016411589799549344,-0.08420994204291243,-0.18979044256018676,0.010061387963383949,-0.25530111974175324,-0.5802304245264984,0.0,,
YAW90_LEFT,Bus A to Bus B,Bus A,Bus B,M,CORAL,INDUCTIVE_FIXED_TEST,3,True,3,41,7059,12,210,3.5,24.16194833333333,0.6771497379232185,0.5104973398772366,0.4633919391425034,0.3005736137667304,0.9620031518122921,0.29718820158590714,0.3982646089921942,0.0,0.0,0.0,242,0.4450474898236092,0.8793565683646113,0.590990990990991,1865,0.841541755888651,0.1829608938547486,0.3005736137667304,2148,0.9449604403164775,0.9796718972895863,0.9620031518122921,2804,0.4633919391425034,0.36442922712204506,0.5668733457168682,0.30057361376673036,0.0,0.665256030469742,-0.038010334067040186,-0.11377446030411373,0.01924943346544001,0.039704048549339066,0.0,0.06328160559696905,,
YAW90_LEFT,Bus A to Bus B,Bus A,Bus B,M,CAUSAL,INDUCTIVE_FIXED_TEST,3,False,0,41,7059,12,0,0.0,0.0,0.6594418472871512,0.6074328135154482,0.5239378245551727,0.2906047926968429,0.9639671780235461,0.37726137339904825,0.43060461181184073,0.16445623342175067,0.512396694214876,0.24899598393574296,242,0.47882197220383854,0.7758713136729223,0.592183343564559,1865,0.7941787941787942,0.17783985102420857,0.2906047926968429,2148,0.9643112062812277,0.963623395149786,0.9639671780235461,2804,0.5239378245551728,0.43041132246534014,0.6493239596842764,0.29060479269684286,0.09660004549579408,0.48388373227217335,0.022535551345629234,-0.11985024140938405,0.20147553439547847,0.029735227479451565,-0.4481795179285358,0.48263579140930735,254.0,12.0
YAW90_LEFT,Bus A to Bus B,Bus A,Bus B,M,RAW,INDUCTIVE_FIXED_TEST,7,False,0,41,7059,12,0,0.0,0.0,0.6563252585352033,0.571642553001207,0.5014022732095436,0.2608695652173913,0.9630697171680779,0.34751312522336547,0.40518919001268267,0.10585305105853052,0.3512396694214876,0.16267942583732056,242,0.4940837863767189,0.8284182305630027,0.6189903846153846,1865,0.8638743455497382,0.15363128491620112,0.2608695652173913,2148,0.9730615216599927,0.953281027104137,0.9630697171680779,2804,0.5014022732095436,0.40183684259940167,0.591804352534199,0.2608695652173913,0.0,0.5943828385515616,0.0,0.0,0.0,0.0,0.0,0.0,,
YAW90_LEFT,Bus A to Bus B,Bus A,Bus B,M,ZSCORE,INDUCTIVE_FIXED_TEST,7,True,7,41,7059,12,1334,22.233333333333334,63.876666666666665,0.47088822779430517,0.4482405200220885,0.371346057056636,0.0,0.7409200968523002,0.24815471045808124,0.2228076342339816,0.22774869109947643,0.359504132231405,0.27884615384615385,242,0.3230769230769231,0.8332439678284183,0.46561797752808987,1865,0.0,0.0,0.0,2148,0.9677975848188615,0.6002139800285307,0.7409200968523002,2804,0.371346057056636,0.29427904637326524,0.45465749193546967,0.0,0.0,0.0,-0.13005621615290758,-0.24642431276874807,-0.020478047952718008,-0.2608695652173913,-0.6038426349496797,0.0,,
YAW90_LEFT,Bus A to Bus B,Bus A,Bus B,M,QUANTILE,INDUCTIVE_FIXED_TEST,7,True,7,41,7059,12,1334,22.233333333333334,63.876666666666665,0.5645275534778297,0.45602163053796335,0.3814062046939447,0.0,0.8998095238095238,0.208605098322085,0.2288437228163668,0.08587257617728532,0.128099173553719,0.10281923714759536,242,0.3769831873076012,0.8536193029490616,0.5229960578186597,1865,0.0,0.0,0.0,2148,0.9656582174979559,0.8423680456490727,0.8998095238095238,2804,0.3814062046939447,0.3443899910495431,0.4395250531312244,0.0,0.0,0.0,-0.11999606851559885,-0.23735494718611844,0.010813209802434576,-0.2608695652173913,-0.59245960502693,0.0,,
YAW90_LEFT,Bus A to Bus B,Bus A,Bus B,M,CORAL,INDUCTIVE_FIXED_TEST,7,True,7,41,7059,12,1334,22.233333333333334,63.876666666666665,0.6040515653775322,0.46777805234887804,0.3917183914127743,0.0,0.9625874125874125,0.20142871768789486,0.23503103484766458,0.0763888888888889,0.09090909090909091,0.0830188679245283,242,0.38695426195426197,0.7983914209115281,0.5212672851391563,1865,0.0,0.0,0.0,2148,0.9441015089163237,0.9818116975748931,0.9625874125874125,2804,0.3917183914127743,0.3395840877859376,0.4887414413737895,0.0,0.0,0.0,-0.10968388179676924,-0.23897156399645977,0.06828049053599414,-0.2608695652173913,-0.583812472357364,0.0,,
YAW90_LEFT,Bus A to Bus B,Bus A,Bus B,M,CAUSAL,INDUCTIVE_FIXED_TEST,7,False,0,41,7059,12,0,0.0,0.0,0.6594418472871512,0.6074328135154482,0.5239378245551727,0.2906047926968429,0.9639671780235461,0.37726137339904825,0.43060461181184073,0.16445623342175067,0.512396694214876,0.24899598393574296,242,0.47882197220383854,0.7758713136729223,0.592183343564559,1865,0.7941787941787942,0.17783985102420857,0.2906047926968429,2148,0.9643112062812277,0.963623395149786,0.9639671780235461,2804,0.5239378245551728,0.43041132246534014,0.6493239596842764,0.29060479269684286,0.09660004549579408,0.48388373227217335,0.022535551345629234,-0.11985024140938405,0.20147553439547847,0.029735227479451565,-0.4481795179285358,0.48263579140930735,254.0,12.0
YAW90_LEFT,Bus A to Bus B,Bus A,Bus B,M,RAW,INDUCTIVE_FIXED_TEST,14,False,0,41,7059,12,0,0.0,0.0,0.6563252585352033,0.571642553001207,0.5014022732095436,0.2608695652173913,0.9630697171680779,0.34751312522336547,0.40518919001268267,0.10585305105853052,0.3512396694214876,0.16267942583732056,242,0.4940837863767189,0.8284182305630027,0.6189903846153846,1865,0.8638743455497382,0.15363128491620112,0.2608695652173913,2148,0.9730615216599927,0.953281027104137,0.9630697171680779,2804,0.5014022732095436,0.40183684259940167,0.591804352534199,0.2608695652173913,0.0,0.5943828385515616,0.0,0.0,0.0,0.0,0.0,0.0,,
YAW90_LEFT,Bus A to Bus B,Bus A,Bus B,M,ZSCORE,INDUCTIVE_FIXED_TEST,14,True,14,41,7059,12,4438,73.96666666666667,152.33323388888888,0.47797138404873213,0.3864357832698334,0.33083635183399074,0.00517464424320828,0.7969044133026564,0.1754803313444355,0.20057166879767777,0.031073446327683617,0.09090909090909091,0.04631578947368421,242,0.3428503449916726,0.7726541554959786,0.47495056031641397,1865,0.03508771929824561,0.002793296089385475,0.00517464424320828,2148,0.9635811836115327,0.6793865905848787,0.7969044133026564,2804,0.3308363518339907,0.29447529220367324,0.40377849384944653,0.00517464424320828,0.0,0.01742951056391549,-0.17056592137555288,-0.28340289232263344,-0.025909120733206538,-0.255694920974183,-0.5930589276848793,0.015505552426168816,,
YAW90_LEFT,Bus A to Bus B,Bus A,Bus B,M,QUANTILE,INDUCTIVE_FIXED_TEST,14,True,14,41,7059,12,4438,73.96666666666667,152.33323388888888,0.6006516503754072,0.5022683504480165,0.41033221995761426,0.0,0.9529622980251347,0.2294555272684408,0.24619933197456856,0.08753709198813056,0.24380165289256198,0.12882096069868995,242,0.424993042026162,0.8187667560321715,0.5595456211066324,1865,0.0,0.0,0.0,2148,0.9595083152566883,0.9465049928673324,0.9529622980251347,2804,0.41033221995761426,0.3587683693914599,0.5168297331787474,0.0,0.0,0.0,-0.0910700532519293,-0.1869452292420196,0.038478237261883215,-0.2608695652173913,-0.6042192396590542,0.0,,
YAW90_LEFT,Bus A to Bus B,Bus A,Bus B,M,CORAL,INDUCTIVE_FIXED_TEST,14,True,14,41,7059,12,4438,73.96666666666667,152.33323388888888,0.6445672191528545,0.4790171705456327,0.440386442825258,0.2728241563055062,0.9546003797686864,0.2689817971774486,0.37336152821735724,0.0,0.0,0.0,242,0.4143744454303461,0.7512064343163539,0.5341212352268395,1865,0.5757121439280359,0.1787709497206704,0.2728241563055062,2148,0.9250585480093677,0.9860912981455064,0.9546003797686864,2804,0.44038644282525796,0.35963666171781417,0.5047242082365928,0.2728241563055062,0.0,0.5810863214305652,-0.061015830384285596,-0.1341797095095314,-0.012301369667544913,0.011954591088114919,-0.031374917562563845,0.018166343075693488,,
YAW90_LEFT,Bus A to Bus B,Bus A,Bus B,M,CAUSAL,INDUCTIVE_FIXED_TEST,14,False,0,41,7059,12,0,0.0,0.0,0.6594418472871512,0.6074328135154482,0.5239378245551727,0.2906047926968429,0.9639671780235461,0.37726137339904825,0.43060461181184073,0.16445623342175067,0.512396694214876,0.24899598393574296,242,0.47882197220383854,0.7758713136729223,0.592183343564559,1865,0.7941787941787942,0.17783985102420857,0.2906047926968429,2148,0.9643112062812277,0.963623395149786,0.9639671780235461,2804,0.5239378245551728,0.43041132246534014,0.6493239596842764,0.29060479269684286,0.09660004549579408,0.48388373227217335,0.022535551345629234,-0.11985024140938405,0.20147553439547847,0.029735227479451565,-0.4481795179285358,0.48263579140930735,254.0,12.0
YAW90_LEFT,Bus A to Bus B,Bus A,Bus B,M,RAW,INDUCTIVE_FIXED_TEST,18,False,0,41,7059,12,0,0.0,0.0,0.6563252585352033,0.571642553001207,0.5014022732095436,0.2608695652173913,0.9630697171680779,0.34751312522336547,0.40518919001268267,0.10585305105853052,0.3512396694214876,0.16267942583732056,242,0.4940837863767189,0.8284182305630027,0.6189903846153846,1865,0.8638743455497382,0.15363128491620112,0.2608695652173913,2148,0.9730615216599927,0.953281027104137,0.9630697171680779,2804,0.5014022732095436,0.40183684259940167,0.591804352534199,0.2608695652173913,0.0,0.5943828385515616,0.0,0.0,0.0,0.0,0.0,0.0,,
YAW90_LEFT,Bus A to Bus B,Bus A,Bus B,M,ZSCORE,INDUCTIVE_FIXED_TEST,18,True,18,41,7059,12,6262,104.36666666666666,197.27287666666666,0.4999291684374557,0.38060906574882225,0.3362374609837794,0.016302016302016303,0.8411741053478086,0.16792524619576968,0.20826328311107414,0.0028129395218002813,0.008264462809917356,0.004197271773347324,242,0.3544430538172716,0.7592493297587132,0.4832764505119454,1865,0.10382513661202186,0.008845437616387336,0.016302016302016303,2148,0.9640552995391705,0.746077032810271,0.8411741053478086,2804,0.3362374609837794,0.2975717405686826,0.35550272365871377,0.0163020163020163,0.0,0.05602241424988839,-0.16516481222576418,-0.27955166618169525,-0.0630038461239247,-0.244567548915375,-0.5906106361118287,0.05121293800539084,,
YAW90_LEFT,Bus A to Bus B,Bus A,Bus B,M,QUANTILE,INDUCTIVE_FIXED_TEST,18,True,18,41,7059,12,6262,104.36666666666666,197.27287666666666,0.5869103272418189,0.5006822433793948,0.4052913701241212,0.0,0.9515227969003424,0.2232142278653808,0.24317482207447272,0.08700980392156862,0.29338842975206614,0.1342155009451796,242,0.41102181400688864,0.767828418230563,0.5354271826509628,1865,0.0,0.0,0.0,2148,0.9617486338797814,0.9415121255349501,0.9515227969003424,2804,0.4052913701241212,0.34992593827523666,0.5441573230537713,0.0,0.0,0.0,-0.09611090308542236,-0.20253596939222987,0.058970356083899306,-0.2608695652173913,-0.5983816616289842,0.0,,
YAW90_LEFT,Bus A to Bus B,Bus A,Bus B,M,CORAL,INDUCTIVE_FIXED_TEST,18,True,18,41,7059,12,6262,104.36666666666666,197.27287666666666,0.6421589460263494,0.47867371704372363,0.43304442190780823,0.22777369581190302,0.9627296587926509,0.2564826762795273,0.35093613146944613,0.0,0.0,0.0,242,0.4123249299719888,0.7892761394101877,0.5416743330266789,1865,0.5400696864111498,0.14432029795158285,0.22777369581190302,2148,0.9450360700790107,0.9810984308131241,0.9627296587926509,2804,0.43304442190780823,0.3664537001689313,0.4818623344104656,0.227773695811903,0.0,0.47304772739627093,-0.06835785130173533,-0.1368859588209919,-0.018041778604639194,-0.03309586940548831,-0.1094115095663061,0.0,,
YAW90_LEFT,Bus A to Bus B,Bus A,Bus B,M,CAUSAL,INDUCTIVE_FIXED_TEST,18,False,0,41,7059,12,0,0.0,0.0,0.6594418472871512,0.6074328135154482,0.5239378245551727,0.2906047926968429,0.9639671780235461,0.37726137339904825,0.43060461181184073,0.16445623342175067,0.512396694214876,0.24899598393574296,242,0.47882197220383854,0.7758713136729223,0.592183343564559,1865,0.7941787941787942,0.17783985102420857,0.2906047926968429,2148,0.9643112062812277,0.963623395149786,0.9639671780235461,2804,0.5239378245551728,0.43041132246534014,0.6493239596842764,0.29060479269684286,0.09660004549579408,0.48388373227217335,0.022535551345629234,-0.11985024140938405,0.20147553439547847,0.029735227479451565,-0.4481795179285358,0.48263579140930735,254.0,12.0
YAW90_LEFT,Bus A to Bus B,Bus A,Bus B,G,RAW,INDUCTIVE_FIXED_TEST,1,False,0,42,7059,12,0,0.0,0.0,0.6730415072956509,0.5830131034935405,0.5317059738229852,0.10218978102189781,0.9925426136363636,0.3780937605518591,0.3598994967025503,0.5655172413793104,0.33884297520661155,0.42377260981912146,242,0.4494238156209987,0.9410187667560321,0.608318890814558,1865,0.6574585635359116,0.05540037243947858,0.10218978102189781,2148,0.9883309759547383,0.9967902995720399,0.9925426136363636,2804,0.5317059738229852,0.4505377662405766,0.5854938525763141,0.1021897810218978,0.0,0.2381349026406298,0.0,0.0,0.0,0.0,0.0,0.0,,
YAW90_LEFT,Bus A to Bus B,Bus A,Bus B,G,ZSCORE,INDUCTIVE_FIXED_TEST,1,True,1,42,7059,12,81,1.35,4.197950277777777,0.3258251877036407,0.29139234047931817,0.18659086942863412,0.0,0.2780651049589291,0.15609945758520247,0.11195452165718046,0.6666666666666666,0.01652892561983471,0.03225806451612903,242,0.27990867579908674,0.986058981233244,0.43604030823947837,1865,0.0,0.0,0.0,2148,0.9461697722567288,0.162981455064194,0.2780651049589291,2804,0.18659086942863412,0.1624856377488962,0.20516289267866983,0.0,0.0,0.0,-0.3451151043943511,-0.39469507368720835,-0.27309316306016806,-0.1021897810218978,-0.22867511751175118,0.0,,
YAW90_LEFT,Bus A to Bus B,Bus A,Bus B,G,QUANTILE,INDUCTIVE_FIXED_TEST,1,True,1,42,7059,12,81,1.35,4.197950277777777,0.5111205553194503,0.4844821689019183,0.3520288404296702,0.002758620689655172,0.8788591129916941,0.17641874957566225,0.21232075253366417,0.06888128969223253,0.5826446280991735,0.12319790301441677,242,0.46875,0.353887399463807,0.4032997250229148,1865,0.1111111111111111,0.0013966480446927375,0.002758620689655172,2148,0.7838971204920324,1.0,0.8788591129916941,2804,0.3520288404296702,0.31928413796008315,0.4036248551386313,0.0027586206896551726,0.0,0.01088929219600726,-0.17967713339331504,-0.23688773169978952,-0.10781947992136971,-0.09943116033224263,-0.23167679133531213,0.0,,
YAW90_LEFT,Bus A to Bus B,Bus A,Bus B,G,CORAL,INDUCTIVE_FIXED_TEST,1,True,1,42,7059,12,81,1.35,4.197950277777777,0.4623884402889928,0.3125803441283313,0.23877777690543156,0.0037157454714352067,0.6586741889985895,0.09881230620771225,0.144752964331833,0.3333333333333333,0.004132231404958678,0.00816326530612245,242,0.3392724573125464,0.2450402144772118,0.2845579078455791,1865,0.8,0.00186219739292365,0.0037157454714352067,2148,0.491234221598878,0.9992867332382311,0.6586741889985895,2804,0.23877777690543156,0.19552926159757286,0.2836667106500523,0.0037157454714352067,0.0,0.00944138473642801,-0.2929281969175537,-0.37485330848580367,-0.20565135087335015,-0.0984740355504626,-0.2315617843782912,0.007134735766072772,,
YAW90_LEFT,Bus A to Bus B,Bus A,Bus B,G,CAUSAL,INDUCTIVE_FIXED_TEST,1,False,0,42,7059,12,0,0.0,0.0,0.685649525428531,0.644595765079589,0.5422374538819708,0.2086677367576244,0.9927188776416267,0.39207697929541885,0.4088095670322322,0.22838499184339314,0.5785123966942148,0.32748538011695905,242,0.5022900763358779,0.8820375335120644,0.6400778210116731,1865,0.7558139534883721,0.12104283054003724,0.2086677367576244,2148,0.9886805801202688,0.9967902995720399,0.9927188776416267,2804,0.5422374538819709,0.4537226583110833,0.6851249267778343,0.20866773675762437,0.0,0.4411467116357505,0.010531480058985632,-0.07220189322574906,0.14302630044557743,0.10647795573572658,0.0,0.23934002172119198,254.0,12.0
YAW90_LEFT,Bus A to Bus B,Bus A,Bus B,G,RAW,INDUCTIVE_FIXED_TEST,3,False,0,42,7059,12,0,0.0,0.0,0.6730415072956509,0.5830131034935405,0.5317059738229852,0.10218978102189781,0.9925426136363636,0.3780937605518591,0.3598994967025503,0.5655172413793104,0.33884297520661155,0.42377260981912146,242,0.4494238156209987,0.9410187667560321,0.608318890814558,1865,0.6574585635359116,0.05540037243947858,0.10218978102189781,2148,0.9883309759547383,0.9967902995720399,0.9925426136363636,2804,0.5317059738229852,0.4505377662405766,0.5854938525763141,0.1021897810218978,0.0,0.2381349026406298,0.0,0.0,0.0,0.0,0.0,0.0,,
YAW90_LEFT,Bus A to Bus B,Bus A,Bus B,G,ZSCORE,INDUCTIVE_FIXED_TEST,3,True,3,42,7059,12,210,3.5,24.16194833333333,0.26420172829012606,0.24928176140557534,0.10685696442893236,0.0,0.011267605633802818,0.13872008402730887,0.06411417865735941,0.0,0.0,0.0,242,0.26335279874661727,0.9914209115281502,0.41616025208192664,1865,0.0,0.0,0.0,2148,0.4444444444444444,0.005706134094151213,0.011267605633802818,2804,0.10685696442893235,0.08713119571466134,0.12245945768495126,0.0,0.0,0.0,-0.4248490093940529,-0.48350672200859457,-0.3467047778830908,-0.1021897810218978,-0.2260182761673017,0.0,,
YAW90_LEFT,Bus A to Bus B,Bus A,Bus B,G,QUANTILE,INDUCTIVE_FIXED_TEST,3,True,3,42,7059,12,210,3.5,24.16194833333333,0.5252868678283042,0.5006642351735662,0.3674654093126938,0.0009178522257916476,0.8856240126382307,0.19474587487084818,0.22084638647793292,0.07048458149779736,0.5950413223140496,0.12603938730853392,242,0.520904729266621,0.4075067024128686,0.457280385078219,1865,0.03225806451612903,0.0004655493482309125,0.0009178522257916476,2148,0.7949517867271696,0.9996433666191156,0.8856240126382307,2804,0.3674654093126938,0.3337741026296916,0.4274936685785055,0.0009178522257916476,0.0,0.0035295435788624554,-0.16424056451029145,-0.23010747430247383,-0.08653470083843504,-0.10127192879610615,-0.23019340354525342,0.0,,
YAW90_LEFT,Bus A to Bus B,Bus A,Bus B,G,CORAL,INDUCTIVE_FIXED_TEST,3,True,3,42,7059,12,210,3.5,24.16194833333333,0.7129905085706191,0.53424615149991,0.5161592518380717,0.5456821026282853,0.9405606214116853,0.37469212864686713,0.5279683921541571,0.0,0.0,0.0,242,0.4756308330452817,0.7378016085790885,0.5783942833123161,1865,0.8320610687022901,0.4059590316573557,0.5456821026282853,2148,0.8932007697241822,0.9932239657631954,0.9405606214116853,2804,0.5161592518380717,0.4281404327789615,0.5686458726674195,0.5456821026282854,0.25590988343748233,0.7032159052493686,-0.01554672198491358,-0.11696702477653412,0.07979672574595759,0.44349232160638763,0.1251472591071643,0.6616464511323866,,
YAW90_LEFT,Bus A to Bus B,Bus A,Bus B,G,CAUSAL,INDUCTIVE_FIXED_TEST,3,False,0,42,7059,12,0,0.0,0.0,0.685649525428531,0.644595765079589,0.5422374538819708,0.2086677367576244,0.9927188776416267,0.39207697929541885,0.4088095670322322,0.22838499184339314,0.5785123966942148,0.32748538011695905,242,0.5022900763358779,0.8820375335120644,0.6400778210116731,1865,0.7558139534883721,0.12104283054003724,0.2086677367576244,2148,0.9886805801202688,0.9967902995720399,0.9927188776416267,2804,0.5422374538819709,0.4537226583110833,0.6851249267778343,0.20866773675762437,0.0,0.4411467116357505,0.010531480058985632,-0.07220189322574906,0.14302630044557743,0.10647795573572658,0.0,0.23934002172119198,254.0,12.0
YAW90_LEFT,Bus A to Bus B,Bus A,Bus B,G,RAW,INDUCTIVE_FIXED_TEST,7,False,0,42,7059,12,0,0.0,0.0,0.6730415072956509,0.5830131034935405,0.5317059738229852,0.10218978102189781,0.9925426136363636,0.3780937605518591,0.3598994967025503,0.5655172413793104,0.33884297520661155,0.42377260981912146,242,0.4494238156209987,0.9410187667560321,0.608318890814558,1865,0.6574585635359116,0.05540037243947858,0.10218978102189781,2148,0.9883309759547383,0.9967902995720399,0.9925426136363636,2804,0.5317059738229852,0.4505377662405766,0.5854938525763141,0.1021897810218978,0.0,0.2381349026406298,0.0,0.0,0.0,0.0,0.0,0.0,,
YAW90_LEFT,Bus A to Bus B,Bus A,Bus B,G,ZSCORE,INDUCTIVE_FIXED_TEST,7,True,7,42,7059,12,1334,22.233333333333334,63.876666666666665,0.4058648533786655,0.34059724511163436,0.2532888829258738,0.0,0.5273345540151714,0.16194032589610796,0.15197332975552427,0.5,0.008264462809917356,0.016260162601626018,242,0.30732273028495694,0.9946380697050938,0.4695608150866979,1865,0.0,0.0,0.0,2148,0.9892051030421982,0.3594864479315264,0.5273345540151714,2804,0.2532888829258738,0.23067378841032407,0.27144431376689243,0.0,0.0,0.0,-0.2784170908971114,-0.3320651813814905,-0.20575194526789073,-0.1021897810218978,-0.24083026321702883,0.0,,
YAW90_LEFT,Bus A to Bus B,Bus A,Bus B,G,QUANTILE,INDUCTIVE_FIXED_TEST,7,True,7,42,7059,12,1334,22.233333333333334,63.876666666666665,0.4887377815554611,0.42817459858419027,0.3626326084196899,0.0008888888888888889,0.961801070308175,0.1629097877901949,0.2179351206073695,0.03445692883895131,0.38016528925619836,0.06318681318681318,242,0.4491626794258373,0.4026809651474531,0.4246536612948827,1865,0.00980392156862745,0.0004655493482309125,0.0008888888888888889,2148,0.9965583173996176,0.9293865905848787,0.961801070308175,2804,0.3626326084196899,0.2981763184399495,0.4117125393945594,0.0008888888888888888,0.0,0.0029698108355833146,-0.16907336540329532,-0.26225427570225335,-0.08216536039493037,-0.10130089213300891,-0.23141651512584777,0.001927801108302597,,
YAW90_LEFT,Bus A to Bus B,Bus A,Bus B,G,CORAL,INDUCTIVE_FIXED_TEST,7,True,7,42,7059,12,1334,22.233333333333334,63.876666666666665,0.6432922510270577,0.47871658556867636,0.4336305090042225,0.23417489937797292,0.9601386481802426,0.2581277959455492,0.3538482651537227,0.0,0.0,0.0,242,0.4137439406900485,0.7780160857908848,0.5402084884586746,1865,0.5470085470085471,0.148975791433892,0.23417489937797292,2148,0.9339177343223196,0.9878744650499287,0.9601386481802426,2804,0.4336305090042225,0.3730612944181954,0.4802322773196849,0.23417489937797292,0.0,0.4485248601289949,-0.09807546481876273,-0.1923303356991117,-0.013137527346487987,0.13198511835607513,-0.1593589860834352,0.37653628502048736,,
YAW90_LEFT,Bus A to Bus B,Bus A,Bus B,G,CAUSAL,INDUCTIVE_FIXED_TEST,7,False,0,42,7059,12,0,0.0,0.0,0.685649525428531,0.644595765079589,0.5422374538819708,0.2086677367576244,0.9927188776416267,0.39207697929541885,0.4088095670322322,0.22838499184339314,0.5785123966942148,0.32748538011695905,242,0.5022900763358779,0.8820375335120644,0.6400778210116731,1865,0.7558139534883721,0.12104283054003724,0.2086677367576244,2148,0.9886805801202688,0.9967902995720399,0.9927188776416267,2804,0.5422374538819709,0.4537226583110833,0.6851249267778343,0.20866773675762437,0.0,0.4411467116357505,0.010531480058985632,-0.07220189322574906,0.14302630044557743,0.10647795573572658,0.0,0.23934002172119198,254.0,12.0
YAW90_LEFT,Bus A to Bus B,Bus A,Bus B,G,RAW,INDUCTIVE_FIXED_TEST,14,False,0,42,7059,12,0,0.0,0.0,0.6730415072956509,0.5830131034935405,0.5317059738229852,0.10218978102189781,0.9925426136363636,0.3780937605518591,0.3598994967025503,0.5655172413793104,0.33884297520661155,0.42377260981912146,242,0.4494238156209987,0.9410187667560321,0.608318890814558,1865,0.6574585635359116,0.05540037243947858,0.10218978102189781,2148,0.9883309759547383,0.9967902995720399,0.9925426136363636,2804,0.5317059738229852,0.4505377662405766,0.5854938525763141,0.1021897810218978,0.0,0.2381349026406298,0.0,0.0,0.0,0.0,0.0,0.0,,
YAW90_LEFT,Bus A to Bus B,Bus A,Bus B,G,ZSCORE,INDUCTIVE_FIXED_TEST,14,True,14,42,7059,12,4438,73.96666666666667,152.33323388888888,0.6398923360249327,0.4884279330644034,0.3984212416596588,0.0,0.9718004338394793,0.2072948442663853,0.23905274499579526,0.5714285714285714,0.01652892561983471,0.0321285140562249,242,0.42206290471785385,0.9785522788203753,0.589756018742931,1865,0.0,0.0,0.0,2148,0.9853372434017595,0.9586305278174037,0.9718004338394793,2804,0.3984212416596588,0.37491240665558895,0.4136854835499867,0.0,0.0,0.0,-0.13328473216332642,-0.1950893955690048,-0.05988622400502928,-0.1021897810218978,-0.23770189894139473,0.0,,
YAW90_LEFT,Bus A to Bus B,Bus A,Bus B,G,QUANTILE,INDUCTIVE_FIXED_TEST,14,True,14,42,7059,12,4438,73.96666666666667,152.33323388888888,0.4861878453038674,0.43969219540746374,0.3535074789860778,0.029142381348875937,0.9517826825127335,0.15408241114385923,0.22376143993119707,0.040273037542662114,0.48760330578512395,0.07440100882723834,242,0.6032953105196451,0.2552278820375335,0.35870384325546345,1865,0.1377952755905512,0.016294227188081937,0.029142381348875937,2148,0.9082955281918341,0.9996433666191156,0.9517826825127335,2804,0.3535074789860778,0.31720693707632847,0.40490928240595725,0.029142381348875937,0.0,0.10947908011220567,-0.17819849483690742,-0.2506764229654316,-0.09556414120577163,-0.07304739967302186,-0.20571209255190032,0.007012418011308334,,
YAW90_LEFT,Bus A to Bus B,Bus A,Bus B,G,CORAL,INDUCTIVE_FIXED_TEST,14,True,14,42,7059,12,4438,73.96666666666667,152.33323388888888,0.6187845303867403,0.46036971312525576,0.37244761358533784,0.0,0.948138071756504,0.18055079419494915,0.2234685681512027,0.0,0.0,0.0,242,0.3980851599899219,0.8471849865951743,0.5416523825848475,1865,0.0,0.0,0.0,2148,0.9060773480662984,0.9942938659058488,0.948138071756504,2804,0.3724476135853379,0.35182551091066216,0.384920593025311,0.0,0.0,0.0,-0.15925836023764733,-0.22025547985810848,-0.0855948775166958,-0.1021897810218978,-0.22656669681388125,0.0,,
YAW90_LEFT,Bus A to Bus B,Bus A,Bus B,G,CAUSAL,INDUCTIVE_FIXED_TEST,14,False,0,42,7059,12,0,0.0,0.0,0.685649525428531,0.644595765079589,0.5422374538819708,0.2086677367576244,0.9927188776416267,0.39207697929541885,0.4088095670322322,0.22838499184339314,0.5785123966942148,0.32748538011695905,242,0.5022900763358779,0.8820375335120644,0.6400778210116731,1865,0.7558139534883721,0.12104283054003724,0.2086677367576244,2148,0.9886805801202688,0.9967902995720399,0.9927188776416267,2804,0.5422374538819709,0.4537226583110833,0.6851249267778343,0.20866773675762437,0.0,0.4411467116357505,0.010531480058985632,-0.07220189322574906,0.14302630044557743,0.10647795573572658,0.0,0.23934002172119198,254.0,12.0
YAW90_LEFT,Bus A to Bus B,Bus A,Bus B,G,RAW,INDUCTIVE_FIXED_TEST,18,False,0,42,7059,12,0,0.0,0.0,0.6730415072956509,0.5830131034935405,0.5317059738229852,0.10218978102189781,0.9925426136363636,0.3780937605518591,0.3598994967025503,0.5655172413793104,0.33884297520661155,0.42377260981912146,242,0.4494238156209987,0.9410187667560321,0.608318890814558,1865,0.6574585635359116,0.05540037243947858,0.10218978102189781,2148,0.9883309759547383,0.9967902995720399,0.9925426136363636,2804,0.5317059738229852,0.4505377662405766,0.5854938525763141,0.1021897810218978,0.0,0.2381349026406298,0.0,0.0,0.0,0.0,0.0,0.0,,
YAW90_LEFT,Bus A to Bus B,Bus A,Bus B,G,ZSCORE,INDUCTIVE_FIXED_TEST,18,True,18,42,7059,12,6262,104.36666666666666,197.27287666666666,0.644142229777589,0.49155279389338846,0.40210517414025226,0.0,0.9772523732760164,0.21038944109499758,0.24126310448415134,0.625,0.02066115702479339,0.04,242,0.424625468164794,0.9726541554959786,0.5911683232849927,1865,0.0,0.0,0.0,2148,0.9816480748470673,0.9728958630527818,0.9772523732760164,2804,0.4021051741402523,0.37712144538661796,0.41844003606634395,0.0,0.0,0.0,-0.12960079968273291,-0.19099272237839446,-0.0600564499573112,-0.1021897810218978,-0.22907497481358657,0.0,,
YAW90_LEFT,Bus A to Bus B,Bus A,Bus B,G,QUANTILE,INDUCTIVE_FIXED_TEST,18,True,18,42,7059,12,6262,104.36666666666666,197.27287666666666,0.5038957359399349,0.4426880103169233,0.394409033253836,0.18539727988546886,0.9821331889550623,0.1985009813534273,0.31080433190648915,0.03723788864786696,0.4256198347107438,0.06848404255319149,242,0.5208791208791209,0.2541554959785523,0.34162162162162163,1865,0.40092879256965946,0.12057728119180633,0.18539727988546886,2148,0.9941541834124954,0.9703994293865906,0.9821331889550623,2804,0.394409033253836,0.3130132489248806,0.48793517939229725,0.18539727988546886,0.0,0.43485847948921363,-0.1372969405691492,-0.24255892911888344,-0.03452196805179681,0.08320749886357107,-0.17677353196796508,0.36587721774275145,,
YAW90_LEFT,Bus A to Bus B,Bus A,Bus B,G,CORAL,INDUCTIVE_FIXED_TEST,18,True,18,42,7059,12,6262,104.36666666666666,197.27287666666666,0.6261510128913443,0.4673851124207853,0.3777351791688111,0.0,0.9562532166752444,0.18489583333333334,0.22664110750128666,0.0,0.0,0.0,242,0.4059159830971911,0.8756032171581769,0.5546875,1865,0.0,0.0,0.0,2148,0.9213223140495868,0.9939372325249644,0.9562532166752444,2804,0.37773517916881105,0.35800757140946476,0.39153126970925395,0.0,0.0,0.0,-0.15397079465417418,-0.21153835617682065,-0.07333332969831927,-0.1021897810218978,-0.22908572253917817,0.0,,
YAW90_LEFT,Bus A to Bus B,Bus A,Bus B,G,CAUSAL,INDUCTIVE_FIXED_TEST,18,False,0,42,7059,12,0,0.0,0.0,0.685649525428531,0.644595765079589,0.5422374538819708,0.2086677367576244,0.9927188776416267,0.39207697929541885,0.4088095670322322,0.22838499184339314,0.5785123966942148,0.32748538011695905,242,0.5022900763358779,0.8820375335120644,0.6400778210116731,1865,0.7558139534883721,0.12104283054003724,0.2086677367576244,2148,0.9886805801202688,0.9967902995720399,0.9927188776416267,2804,0.5422374538819709,0.4537226583110833,0.6851249267778343,0.20866773675762437,0.0,0.4411467116357505,0.010531480058985632,-0.07220189322574906,0.14302630044557743,0.10647795573572658,0.0,0.23934002172119198,254.0,12.0
YAW90_LEFT,Bus A to Bus B,Bus A,Bus B,A+M,RAW,INDUCTIVE_FIXED_TEST,1,False,0,95,7059,12,0,0.0,0.0,0.9048023799405015,0.855039026960037,0.8386941651120259,0.933741526350317,0.9638970461219555,0.7969598714420494,0.8767131096073424,0.5901639344262295,0.743801652892562,0.6581352833638026,242,0.9538690476190477,0.6873994638069705,0.7990028046120287,1865,0.8804123711340206,0.9939478584729982,0.933741526350317,2148,0.9346733668341709,0.9950071326676176,0.9638970461219555,2804,0.8386941651120259,0.7526300974713017,0.9003706082003022,0.933741526350317,0.8973205533510155,0.9714290100443,0.0,0.0,0.0,0.0,0.0,0.0,,
YAW90_LEFT,Bus A to Bus B,Bus A,Bus B,A+M,ZSCORE,INDUCTIVE_FIXED_TEST,1,True,1,95,7059,12,81,1.35,4.197950277777777,0.3972234027482646,0.25,0.14220509179429963,0.0,0.5688203671771985,0.0,0.08532305507657978,0.0,0.0,0.0,242,0.0,0.0,0.0,1865,0.0,0.0,0.0,2148,0.39744861800141745,1.0,0.5688203671771985,2804,0.14220509179429963,0.1330858209293292,0.15193979793971998,0.0,0.0,0.0,-0.6964890733177262,-0.7529055413070576,-0.6107880952678745,-0.933741526350317,-0.9727407547062147,-0.9008663845663607,,
YAW90_LEFT,Bus A to Bus B,Bus A,Bus B,A+M,QUANTILE,INDUCTIVE_FIXED_TEST,1,True,1,95,7059,12,81,1.35,4.197950277777777,0.4014732965009208,0.26570857244145085,0.17459230416061294,0.0,0.5797580895275509,0.0395370423716336,0.10475538249636776,1.0,0.05371900826446281,0.10196078431372549,242,0.096045197740113,0.009115281501340482,0.01665034280117532,1865,0.0,0.0,0.0,2148,0.40821080215460764,1.0,0.5797580895275509,2804,0.17459230416061294,0.14348386824220968,0.20458397225199382,0.0,0.0,0.0,-0.6641018609514129,-0.722433763155053,-0.5960404840299453,-0.933741526350317,-0.9733651741045279,-0.9004443037105238,,
YAW90_LEFT,Bus A to Bus B,Bus A,Bus B,A+M,CORAL,INDUCTIVE_FIXED_TEST,1,True,1,95,7059,12,81,1.35,4.197950277777777,0.5642442272276527,0.4080877853545108,0.3311724971533472,0.0,0.8842271293375394,0.14682095309194973,0.1987034982920083,0.0,0.0,0.0,242,0.33781849413111936,0.6327077747989276,0.4404628592758492,1865,0.0,0.0,0.0,2148,0.7927036199095022,0.9996433666191156,0.8842271293375394,2804,0.3311724971533472,0.3079581032455197,0.34774094231475905,0.0,0.0,0.0,-0.5075216679586787,-0.5788136851036425,-0.41297143102146916,-0.933741526350317,-0.9719076434156411,-0.898429656943071,,
YAW90_LEFT,Bus A to Bus B,Bus A,Bus B,A+M,CAUSAL,INDUCTIVE_FIXED_TEST,1,False,0,95,7059,12,0,0.0,0.0,0.6598668366624167,0.686880357304508,0.5538598729709139,0.39875604699378026,0.9677083333333333,0.41591038618344073,0.4918183425800604,0.2,0.9090909090909091,0.32786885245901637,242,0.47585290208241027,0.5758713136729222,0.5211062590975255,1865,0.7734584450402144,0.2686219739292365,0.39875604699378026,2148,0.9428281461434371,0.9939372325249644,0.9677083333333333,2804,0.5538598729709139,0.47874657409452503,0.6539075804006012,0.3987560469937802,0.15987877433445777,0.5844769068638361,-0.284834292141112,-0.3540839755519986,-0.20052753976525317,-0.5349854793565368,-0.7592006016463888,-0.3633110248903118,254.0,12.0
YAW90_LEFT,Bus A to Bus B,Bus A,Bus B,A+M,RAW,INDUCTIVE_FIXED_TEST,3,False,0,95,7059,12,0,0.0,0.0,0.9048023799405015,0.855039026960037,0.8386941651120259,0.933741526350317,0.9638970461219555,0.7969598714420494,0.8767131096073424,0.5901639344262295,0.743801652892562,0.6581352833638026,242,0.9538690476190477,0.6873994638069705,0.7990028046120287,1865,0.8804123711340206,0.9939478584729982,0.933741526350317,2148,0.9346733668341709,0.9950071326676176,0.9638970461219555,2804,0.8386941651120259,0.7526300974713017,0.9003706082003022,0.933741526350317,0.8973205533510155,0.9714290100443,0.0,0.0,0.0,0.0,0.0,0.0,,
YAW90_LEFT,Bus A to Bus B,Bus A,Bus B,A+M,ZSCORE,INDUCTIVE_FIXED_TEST,3,True,3,95,7059,12,210,3.5,24.16194833333333,0.4082731265051707,0.26045576407506704,0.1636353182308799,0.0,0.5766580976863753,0.02596105841238143,0.09818119093852794,0.0,0.0,0.0,242,0.5652173913043478,0.0418230563002681,0.07788317523714429,1865,0.0,0.0,0.0,2148,0.4051437653518278,1.0,0.5766580976863753,2804,0.1636353182308799,0.1498688760116342,0.17417292734633616,0.0,0.0,0.0,-0.675058846881146,-0.7343595896448695,-0.5835624634568138,-0.933741526350317,-0.9752389087066632,-0.9006739525680998,,
YAW90_LEFT,Bus A to Bus B,Bus A,Bus B,A+M,QUANTILE,INDUCTIVE_FIXED_TEST,3,True,3,95,7059,12,210,3.5,24.16194833333333,0.5679274684799547,0.42685620314193906,0.3651027009426627,0.0,0.8894177375852769,0.19033102206179128,0.2190616205655976,1.0,0.07024793388429752,0.13127413127413126,242,0.33559130680214505,0.6375335120643432,0.4397189349112426,1865,0.0,0.0,0.0,2148,0.801086024578451,0.9996433666191156,0.8894177375852769,2804,0.3651027009426627,0.32590304635099976,0.40211676970089066,0.0,0.0,0.0,-0.4735914641693632,-0.5532860513262536,-0.3778009357752529,-0.933741526350317,-0.9711066231207247,-0.9009975076556005,,
YAW90_LEFT,Bus A to Bus B,Bus A,Bus B,A+M,CORAL,INDUCTIVE_FIXED_TEST,3,True,3,95,7059,12,210,3.5,24.16194833333333,0.6179345516362091,0.5380946989833472,0.43681700675489765,0.0,0.9438921651221567,0.26779195396581135,0.2620902040529386,0.19172113289760348,0.36363636363636365,0.25106990014265335,242,0.4246180455462669,0.7898123324396783,0.5523059617547806,1865,0.0,0.0,0.0,2148,0.8946023634621527,0.9989300998573466,0.9438921651221567,2804,0.43681700675489765,0.3676479298634699,0.5613588038758159,0.0,0.0,0.0,-0.40187715835712823,-0.5020936131834104,-0.26660791771178666,-0.933741526350317,-0.9723415013643133,-0.9000281451890133,,
YAW90_LEFT,Bus A to Bus B,Bus A,Bus B,A+M,CAUSAL,INDUCTIVE_FIXED_TEST,3,False,0,95,7059,12,0,0.0,0.0,0.6598668366624167,0.686880357304508,0.5538598729709139,0.39875604699378026,0.9677083333333333,0.41591038618344073,0.4918183425800604,0.2,0.9090909090909091,0.32786885245901637,242,0.47585290208241027,0.5758713136729222,0.5211062590975255,1865,0.7734584450402144,0.2686219739292365,0.39875604699378026,2148,0.9428281461434371,0.9939372325249644,0.9677083333333333,2804,0.5538598729709139,0.47874657409452503,0.6539075804006012,0.3987560469937802,0.15987877433445777,0.5844769068638361,-0.284834292141112,-0.3540839755519986,-0.20052753976525317,-0.5349854793565368,-0.7592006016463888,-0.3633110248903118,254.0,12.0
YAW90_LEFT,Bus A to Bus B,Bus A,Bus B,A+M,RAW,INDUCTIVE_FIXED_TEST,7,False,0,95,7059,12,0,0.0,0.0,0.9048023799405015,0.855039026960037,0.8386941651120259,0.933741526350317,0.9638970461219555,0.7969598714420494,0.8767131096073424,0.5901639344262295,0.743801652892562,0.6581352833638026,242,0.9538690476190477,0.6873994638069705,0.7990028046120287,1865,0.8804123711340206,0.9939478584729982,0.933741526350317,2148,0.9346733668341709,0.9950071326676176,0.9638970461219555,2804,0.8386941651120259,0.7526300974713017,0.9003706082003022,0.933741526350317,0.8973205533510155,0.9714290100443,0.0,0.0,0.0,0.0,0.0,0.0,,
YAW90_LEFT,Bus A to Bus B,Bus A,Bus B,A+M,ZSCORE,INDUCTIVE_FIXED_TEST,7,True,7,95,7059,12,1334,22.233333333333334,63.876666666666665,0.6387590310242244,0.4999477380737414,0.4280621054458747,0.0,0.9678875195278598,0.24812030075187966,0.2568372632675248,0.9583333333333334,0.09504132231404959,0.17293233082706766,242,0.4163805787150564,0.910455764075067,0.5714285714285714,1865,0.0,0.0,0.0,2148,0.9428474805546162,0.9942938659058488,0.9678875195278598,2804,0.42806210544587475,0.37226868275640546,0.5130779842513538,0.0,0.0,0.0,-0.41063205966615113,-0.502683764272977,-0.28726798068824855,-0.933741526350317,-0.9711675948223961,-0.9012451534373486,,
YAW90_LEFT,Bus A to Bus B,Bus A,Bus B,A+M,QUANTILE,INDUCTIVE_FIXED_TEST,7,True,7,95,7059,12,1334,22.233333333333334,63.876666666666665,0.8288709448930444,0.7239745433373301,0.7039404028406873,0.8525496106505903,0.9342377991332202,0.6271746040765096,0.7633840859646485,0.20642201834862386,0.371900826446281,0.26548672566371684,242,0.6930476606908614,0.8498659517426274,0.7634874759152216,1865,0.9258046917621385,0.7900372439478585,0.8525496106505903,2148,0.9904115061925689,0.8840941512125535,0.9342377991332202,2804,0.7039404028406873,0.6089447708476053,0.8355600009880446,0.8525496106505903,0.6429577569037227,0.977991861352753,-0.13475376227133862,-0.22828531917729764,-0.019776631279282395,-0.08119191569972672,-0.27938756260114306,0.02817680982624632,,
YAW90_LEFT,Bus A to Bus B,Bus A,Bus B,A+M,CORAL,INDUCTIVE_FIXED_TEST,7,True,7,95,7059,12,1334,22.233333333333334,63.876666666666665,0.6204844878878029,0.5259903276090816,0.43258895878077586,0.02707581227436823,0.9712831697564522,0.2530242217888837,0.2703837001782128,0.09792284866468842,0.2727272727272727,0.14410480349344978,242,0.4454269135120199,0.864343163538874,0.587892049598833,1865,0.4411764705882353,0.013966480446927373,0.02707581227436823,2148,0.9903632320237212,0.9529243937232525,0.9712831697564522,2804,0.43258895878077575,0.379453475854909,0.5686519744513576,0.02707581227436823,0.0,0.0677806281740136,-0.40610520633125013,-0.4814040430813662,-0.274639122700003,-0.9066657140759488,-0.9373679994663386,-0.8730964820904685,,
YAW90_LEFT,Bus A to Bus B,Bus A,Bus B,A+M,CAUSAL,INDUCTIVE_FIXED_TEST,7,False,0,95,7059,12,0,0.0,0.0,0.6598668366624167,0.686880357304508,0.5538598729709139,0.39875604699378026,0.9677083333333333,0.41591038618344073,0.4918183425800604,0.2,0.9090909090909091,0.32786885245901637,242,0.47585290208241027,0.5758713136729222,0.5211062590975255,1865,0.7734584450402144,0.2686219739292365,0.39875604699378026,2148,0.9428281461434371,0.9939372325249644,0.9677083333333333,2804,0.5538598729709139,0.47874657409452503,0.6539075804006012,0.3987560469937802,0.15987877433445777,0.5844769068638361,-0.284834292141112,-0.3540839755519986,-0.20052753976525317,-0.5349854793565368,-0.7592006016463888,-0.3633110248903118,254.0,12.0
YAW90_LEFT,Bus A to Bus B,Bus A,Bus B,A+M,RAW,INDUCTIVE_FIXED_TEST,14,False,0,95,7059,12,0,0.0,0.0,0.9048023799405015,0.855039026960037,0.8386941651120259,0.933741526350317,0.9638970461219555,0.7969598714420494,0.8767131096073424,0.5901639344262295,0.743801652892562,0.6581352833638026,242,0.9538690476190477,0.6873994638069705,0.7990028046120287,1865,0.8804123711340206,0.9939478584729982,0.933741526350317,2148,0.9346733668341709,0.9950071326676176,0.9638970461219555,2804,0.8386941651120259,0.7526300974713017,0.9003706082003022,0.933741526350317,0.8973205533510155,0.9714290100443,0.0,0.0,0.0,0.0,0.0,0.0,,
YAW90_LEFT,Bus A to Bus B,Bus A,Bus B,A+M,ZSCORE,INDUCTIVE_FIXED_TEST,14,True,14,95,7059,12,4438,73.96666666666667,152.33323388888888,0.6318175378948859,0.485484527079556,0.41283155133963356,0.02022058823529412,0.9583404765986627,0.23099524291995718,0.2557871660978978,0.9375,0.06198347107438017,0.11627906976744186,242,0.408429503261415,0.8729222520107238,0.5564860707571355,1865,0.7857142857142857,0.010242085661080074,0.02022058823529412,2148,0.9227467811158798,0.9967902995720399,0.9583404765986627,2804,0.4128315513396336,0.36762365468558866,0.4831451479599168,0.020220588235294115,0.0,0.05926627574800778,-0.42586261377239226,-0.5169547206582505,-0.3150096861806621,-0.9135209381150229,-0.9737024548643183,-0.8450004431761542,,
YAW90_LEFT,Bus A to Bus B,Bus A,Bus B,A+M,QUANTILE,INDUCTIVE_FIXED_TEST,14,True,14,95,7059,12,4438,73.96666666666667,152.33323388888888,0.7020824479388015,0.6045379794330413,0.5820458291043953,0.4108527131782946,0.9673321234119783,0.45361706433520105,0.513568582733955,0.34977578475336324,0.32231404958677684,0.33548387096774196,242,0.4738372093023256,0.8739946380697051,0.6145146088595664,1865,0.8449275362318841,0.271415270018622,0.4108527131782946,2148,0.9848484848484849,0.9504279600570613,0.9673321234119783,2804,0.5820458291043953,0.47775755047570234,0.6778481738941844,0.4108527131782946,0.07716738696142462,0.7329513444189392,-0.2566483360076306,-0.3728221610153987,-0.13913806576713222,-0.5228888131720224,-0.87224698350739,-0.17819041608041616,,
YAW90_LEFT,Bus A to Bus B,Bus A,Bus B,A+M,CORAL,INDUCTIVE_FIXED_TEST,14,True,14,95,7059,12,4438,73.96666666666667,152.33323388888888,0.6754497804221561,0.5445038386189007,0.5206946997256232,0.36009566108643665,0.9805475504322767,0.3674104161567387,0.4564550842699485,0.1673469387755102,0.16942148760330578,0.16837782340862423,242,0.449650136902951,0.7924932975871314,0.5737577639751553,1865,0.6765083440308087,0.24534450651769088,0.36009566108643665,2148,0.9905385735080058,0.9707560627674751,0.9805475504322767,2804,0.5206946997256232,0.403414660607962,0.5930267984349091,0.36009566108643665,0.0,0.6566653943516936,-0.31799946538640267,-0.48025081516875556,-0.18161187893386643,-0.5736458652638804,-0.9552098231449443,-0.25080877653365047,,
YAW90_LEFT,Bus A to Bus B,Bus A,Bus B,A+M,CAUSAL,INDUCTIVE_FIXED_TEST,14,False,0,95,7059,12,0,0.0,0.0,0.6598668366624167,0.686880357304508,0.5538598729709139,0.39875604699378026,0.9677083333333333,0.41591038618344073,0.4918183425800604,0.2,0.9090909090909091,0.32786885245901637,242,0.47585290208241027,0.5758713136729222,0.5211062590975255,1865,0.7734584450402144,0.2686219739292365,0.39875604699378026,2148,0.9428281461434371,0.9939372325249644,0.9677083333333333,2804,0.5538598729709139,0.47874657409452503,0.6539075804006012,0.3987560469937802,0.15987877433445777,0.5844769068638361,-0.284834292141112,-0.3540839755519986,-0.20052753976525317,-0.5349854793565368,-0.7592006016463888,-0.3633110248903118,254.0,12.0
YAW90_LEFT,Bus A to Bus B,Bus A,Bus B,A+M,RAW,INDUCTIVE_FIXED_TEST,18,False,0,95,7059,12,0,0.0,0.0,0.9048023799405015,0.855039026960037,0.8386941651120259,0.933741526350317,0.9638970461219555,0.7969598714420494,0.8767131096073424,0.5901639344262295,0.743801652892562,0.6581352833638026,242,0.9538690476190477,0.6873994638069705,0.7990028046120287,1865,0.8804123711340206,0.9939478584729982,0.933741526350317,2148,0.9346733668341709,0.9950071326676176,0.9638970461219555,2804,0.8386941651120259,0.7526300974713017,0.9003706082003022,0.933741526350317,0.8973205533510155,0.9714290100443,0.0,0.0,0.0,0.0,0.0,0.0,,
YAW90_LEFT,Bus A to Bus B,Bus A,Bus B,A+M,ZSCORE,INDUCTIVE_FIXED_TEST,18,True,18,95,7059,12,6262,104.36666666666666,197.27287666666666,0.775747272984842,0.6262843707263281,0.6376900927095224,0.6207100591715976,0.9678986638903349,0.5276205689825848,0.6308980792943525,0.9302325581395349,0.1652892561983471,0.2807017543859649,242,0.5656637168141593,0.8568364611260053,0.6814498933901919,1865,0.851461038961039,0.4883612662942272,0.6207100591715976,2148,0.942548158161541,0.9946504992867332,0.9678986638903349,2804,0.6376900927095224,0.49548665390286484,0.7493759438345213,0.6207100591715976,0.1954085671995555,0.8217492469652952,-0.2010040724025035,-0.35969756606653935,-0.05279161084428385,-0.31303146717871944,-0.7521195752259107,-0.1124224979946534,,
YAW90_LEFT,Bus A to Bus B,Bus A,Bus B,A+M,QUANTILE,INDUCTIVE_FIXED_TEST,18,True,18,95,7059,12,6262,104.36666666666666,197.27287666666666,0.7580393823487747,0.6934349433523621,0.6433128384238067,0.6538578835010674,0.948013367991088,0.541745995234713,0.6475308564547111,0.17681159420289855,0.5041322314049587,0.26180257510729615,242,0.6039156626506024,0.8600536193029491,0.7095775270957753,1865,0.9478337754199824,0.49906890130353815,0.6538578835010674,2148,0.9887683965917893,0.9104850213980028,0.948013367991088,2804,0.6433128384238067,0.5252843906937121,0.8067626021982867,0.6538578835010674,0.30516227599560924,0.8522416716199827,-0.19538132668821917,-0.32350842760969045,-0.04426106025222113,-0.2798836428492496,-0.6167921727774749,-0.09176498436871516,,
YAW90_LEFT,Bus A to Bus B,Bus A,Bus B,A+M,CORAL,INDUCTIVE_FIXED_TEST,18,True,18,95,7059,12,6262,104.36666666666666,197.27287666666666,0.6512253860320159,0.5451526368824811,0.522798043774821,0.35662491760052734,0.9642791720095255,0.3756376676965862,0.4563287933051035,0.2150170648464164,0.2603305785123967,0.23551401869158878,242,0.422015503875969,0.7297587131367292,0.5347740667976424,1865,0.6106094808126411,0.25186219739292365,0.35662491760052734,2148,0.9913370998116761,0.9386590584878745,0.9642791720095255,2804,0.5227980437748211,0.4205505561748429,0.5864767034138415,0.35662491760052734,0.0,0.6429690893202963,-0.3158961213372048,-0.4590646497322602,-0.1860618459198768,-0.5771166087497897,-0.955553512914147,-0.2608656670977854,,
YAW90_LEFT,Bus A to Bus B,Bus A,Bus B,A+M,CAUSAL,INDUCTIVE_FIXED_TEST,18,False,0,95,7059,12,0,0.0,0.0,0.6598668366624167,0.686880357304508,0.5538598729709139,0.39875604699378026,0.9677083333333333,0.41591038618344073,0.4918183425800604,0.2,0.9090909090909091,0.32786885245901637,242,0.47585290208241027,0.5758713136729222,0.5211062590975255,1865,0.7734584450402144,0.2686219739292365,0.39875604699378026,2148,0.9428281461434371,0.9939372325249644,0.9677083333333333,2804,0.5538598729709139,0.47874657409452503,0.6539075804006012,0.3987560469937802,0.15987877433445777,0.5844769068638361,-0.284834292141112,-0.3540839755519986,-0.20052753976525317,-0.5349854793565368,-0.7592006016463888,-0.3633110248903118,254.0,12.0
YAW90_LEFT,Bus A to Bus B,Bus A,Bus B,A+G,RAW,INDUCTIVE_FIXED_TEST,1,False,0,96,7059,12,0,0.0,0.0,0.8655616942909761,0.7621314085436137,0.7449528058742428,0.8438877290651821,0.9876325088339223,0.6640595715543497,0.7845267751506185,0.3010752688172043,0.4628099173553719,0.36482084690553745,242,0.829736211031175,0.7420911528150134,0.7834701386923295,1865,0.8409616273693944,0.8468342644320298,0.8438877290651821,2148,0.978641456582633,0.9967902995720399,0.9876325088339223,2804,0.7449528058742428,0.6698213640703772,0.8130658014827601,0.8438877290651822,0.6847579046912049,0.934814177543133,0.0,0.0,0.0,0.0,0.0,0.0,,
YAW90_LEFT,Bus A to Bus B,Bus A,Bus B,A+G,ZSCORE,INDUCTIVE_FIXED_TEST,1,True,1,96,7059,12,81,1.35,4.197950277777777,0.3972234027482646,0.25,0.14219066937119676,0.0,0.568762677484787,0.0,0.08531440162271806,0.0,0.0,0.0,242,0.0,0.0,0.0,1865,0.0,0.0,0.0,2148,0.3973922902494331,1.0,0.568762677484787,2804,0.14219066937119676,0.13284507959407307,0.15228721157216424,0.0,0.0,0.0,-0.6027621365030461,-0.6647840282950143,-0.5343017667749916,-0.8438877290651822,-0.9324825581526757,-0.6937832146356444,,
YAW90_LEFT,Bus A to Bus B,Bus A,Bus B,A+G,QUANTILE,INDUCTIVE_FIXED_TEST,1,True,1,96,7059,12,81,1.35,4.197950277777777,0.4162062615101289,0.38842975206611574,0.21120102311021147,0.0,0.7297332465842551,0.03835694861886361,0.12672061386612687,0.06420699568758984,0.5537190082644629,0.11507084585659082,242,0.0,0.0,0.0,1865,0.0,0.0,0.0,2148,0.5744724441712764,1.0,0.7297332465842551,2804,0.21120102311021147,0.18959266849164902,0.2519811480392621,0.0,0.0,0.0,-0.5337517827640313,-0.5935996317152644,-0.4579481183884973,-0.8438877290651822,-0.932165603544572,-0.6887909674540329,,
YAW90_LEFT,Bus A to Bus B,Bus A,Bus B,A+G,CORAL,INDUCTIVE_FIXED_TEST,1,True,1,96,7059,12,81,1.35,4.197950277777777,0.32837512395523444,0.2747670409564276,0.1987675835273926,0.0,0.404443322393335,0.1302090039054118,0.11926055011643555,0.0,0.0,0.0,242,0.25703151474076585,0.8134048257372655,0.3906270117162354,1865,0.0,0.0,0.0,2148,0.6923076923076923,0.2856633380884451,0.404443322393335,2804,0.1987675835273926,0.17108686737033413,0.22763262948766622,0.0,0.0,0.0,-0.5461852223468502,-0.6272817992545406,-0.4487898041464996,-0.8438877290651822,-0.9352780631779858,-0.6940116149055696,,
YAW90_LEFT,Bus A to Bus B,Bus A,Bus B,A+G,CAUSAL,INDUCTIVE_FIXED_TEST,1,False,0,96,7059,12,0,0.0,0.0,0.7321150304575719,0.7362273591870871,0.6311826170290503,0.616580310880829,0.9878113407525172,0.5123063757878947,0.6253416945697619,0.13227848101265824,0.8636363636363636,0.22941822173435786,242,0.8425925925925926,0.5855227882037534,0.6909205947484973,1865,0.8076923076923077,0.49860335195530725,0.616580310880829,2148,0.9786489324466223,0.9971469329529244,0.9878113407525172,2804,0.6311826170290503,0.5734176467689804,0.7048282018362727,0.616580310880829,0.41992371621967867,0.7995251911608225,-0.11377018884519252,-0.1804833141152611,-0.03033097246722616,-0.22730741818435318,-0.34404798513603513,-0.09795733684845888,254.0,12.0
YAW90_LEFT,Bus A to Bus B,Bus A,Bus B,A+G,RAW,INDUCTIVE_FIXED_TEST,3,False,0,96,7059,12,0,0.0,0.0,0.8655616942909761,0.7621314085436137,0.7449528058742428,0.8438877290651821,0.9876325088339223,0.6640595715543497,0.7845267751506185,0.3010752688172043,0.4628099173553719,0.36482084690553745,242,0.829736211031175,0.7420911528150134,0.7834701386923295,1865,0.8409616273693944,0.8468342644320298,0.8438877290651821,2148,0.978641456582633,0.9967902995720399,0.9876325088339223,2804,0.7449528058742428,0.6698213640703772,0.8130658014827601,0.8438877290651822,0.6847579046912049,0.934814177543133,0.0,0.0,0.0,0.0,0.0,0.0,,
YAW90_LEFT,Bus A to Bus B,Bus A,Bus B,A+G,ZSCORE,INDUCTIVE_FIXED_TEST,3,True,3,96,7059,12,210,3.5,24.16194833333333,0.40161495962600935,0.2541554959785523,0.15190291683297677,0.0,0.5766580976863753,0.010317856548510567,0.09114175009978606,0.0,0.0,0.0,242,0.2246376811594203,0.016621983914209115,0.0309535696455317,1865,0.0,0.0,0.0,2148,0.4051437653518278,1.0,0.5766580976863753,2804,0.15190291683297677,0.1414972299083894,0.160037668397823,0.0,0.0,0.0,-0.5930498890412661,-0.6562543562920596,-0.5234307265577867,-0.8438877290651822,-0.9331203721748821,-0.6895954655133869,,
YAW90_LEFT,Bus A to Bus B,Bus A,Bus B,A+G,QUANTILE,INDUCTIVE_FIXED_TEST,3,True,3,96,7059,12,210,3.5,24.16194833333333,0.5734523303584077,0.5372682076619133,0.46595776821201096,0.0,0.8946696457069901,0.32305380904701786,0.27957466092720656,0.5317460317460317,0.5537190082644629,0.5425101214574899,242,0.3323362249476518,0.5957104557640751,0.42665130568356374,1865,0.0,0.0,0.0,2148,0.8096476025418833,0.9996433666191156,0.8946696457069901,2804,0.46595776821201096,0.3922727086448788,0.5152859861597194,0.0,0.0,0.0,-0.2789950376622319,-0.3701612912220226,-0.18350587849788613,-0.8438877290651822,-0.9323634841265178,-0.7015759476821533,,
YAW90_LEFT,Bus A to Bus B,Bus A,Bus B,A+G,CORAL,INDUCTIVE_FIXED_TEST,3,True,3,96,7059,12,210,3.5,24.16194833333333,0.5347782972092364,0.4732788834956101,0.38691630092719315,0.02208927749654855,0.8892766497461929,0.21946285132085988,0.24098549155493532,0.04395604395604396,0.4297520661157025,0.07975460122699386,242,0.7226027397260274,0.4525469168900804,0.5565446752390373,1865,0.96,0.0111731843575419,0.02208927749654855,2148,0.8008571428571428,0.9996433666191156,0.8892766497461929,2804,0.3869163009271931,0.35691500111096586,0.4226327891736462,0.022089277496548553,0.0,0.06386538286304404,-0.35803650494704975,-0.44705737910745447,-0.2655147874327567,-0.8217984515686336,-0.9350066616325649,-0.6311946289385114,,
YAW90_LEFT,Bus A to Bus B,Bus A,Bus B,A+G,CAUSAL,INDUCTIVE_FIXED_TEST,3,False,0,96,7059,12,0,0.0,0.0,0.7321150304575719,0.7362273591870871,0.6311826170290503,0.616580310880829,0.9878113407525172,0.5123063757878947,0.6253416945697619,0.13227848101265824,0.8636363636363636,0.22941822173435786,242,0.8425925925925926,0.5855227882037534,0.6909205947484973,1865,0.8076923076923077,0.49860335195530725,0.616580310880829,2148,0.9786489324466223,0.9971469329529244,0.9878113407525172,2804,0.6311826170290503,0.5734176467689804,0.7048282018362727,0.616580310880829,0.41992371621967867,0.7995251911608225,-0.11377018884519252,-0.1804833141152611,-0.03033097246722616,-0.22730741818435318,-0.34404798513603513,-0.09795733684845888,254.0,12.0
YAW90_LEFT,Bus A to Bus B,Bus A,Bus B,A+G,RAW,INDUCTIVE_FIXED_TEST,7,False,0,96,7059,12,0,0.0,0.0,0.8655616942909761,0.7621314085436137,0.7449528058742428,0.8438877290651821,0.9876325088339223,0.6640595715543497,0.7845267751506185,0.3010752688172043,0.4628099173553719,0.36482084690553745,242,0.829736211031175,0.7420911528150134,0.7834701386923295,1865,0.8409616273693944,0.8468342644320298,0.8438877290651821,2148,0.978641456582633,0.9967902995720399,0.9876325088339223,2804,0.7449528058742428,0.6698213640703772,0.8130658014827601,0.8438877290651822,0.6847579046912049,0.934814177543133,0.0,0.0,0.0,0.0,0.0,0.0,,
YAW90_LEFT,Bus A to Bus B,Bus A,Bus B,A+G,ZSCORE,INDUCTIVE_FIXED_TEST,7,True,7,96,7059,12,1334,22.233333333333334,63.876666666666665,0.6427255985267035,0.5053195488193035,0.4340760984825339,0.0,0.9726528479358997,0.25455051533141204,0.26044565908952033,0.9615384615384616,0.10330578512396695,0.1865671641791045,242,0.419921875,0.9222520107238605,0.5770843818151317,1865,0.0,0.0,0.0,2148,0.9506298944501191,0.9957203994293866,0.9726528479358997,2804,0.4340760984825339,0.3790419932346217,0.5223003386941315,0.0,0.0,0.0,-0.3108767073917089,-0.39619155758289804,-0.21392755700808755,-0.8438877290651822,-0.9299618958424078,-0.703775584210426,,
YAW90_LEFT,Bus A to Bus B,Bus A,Bus B,A+G,QUANTILE,INDUCTIVE_FIXED_TEST,7,True,7,96,7059,12,1334,22.233333333333334,63.876666666666665,0.7237569060773481,0.6421556479874029,0.6190282546517556,0.7464324917672887,0.9548315438726398,0.5070938249114608,0.6699899494979689,0.0675,0.4462809917355372,0.11726384364820847,242,0.778021978021978,0.5694369973190349,0.6575851393188854,1865,0.9090909090909091,0.633147113594041,0.7464324917672887,2148,0.9926866820631255,0.9197574893009985,0.9548315438726398,2804,0.6190282546517556,0.5263438474956158,0.6936097713031216,0.7464324917672887,0.3599467682465265,0.9405184962943107,-0.12592455122248725,-0.20115220203712073,-0.07343151745943532,-0.09745523729789352,-0.3689687656193836,0.03772586901624849,,
YAW90_LEFT,Bus A to Bus B,Bus A,Bus B,A+G,CORAL,INDUCTIVE_FIXED_TEST,7,True,7,96,7059,12,1334,22.233333333333334,63.876666666666665,0.7600226661000141,0.6657593393411066,0.5794720288597459,0.8698117027738409,0.9508867667121419,0.45566711624228057,0.695607898425384,0.13800904977375567,0.5041322314049587,0.216696269982238,242,0.9475308641975309,0.1646112600536193,0.2804933759707629,1865,0.7696166248656395,1.0,0.8698117027738409,2148,0.9111111111111111,0.9942938659058488,0.9508867667121419,2804,0.5794720288597459,0.5352139460695872,0.6355996076848558,0.8698117027738408,0.7981798424002036,0.9211391209359514,-0.16548077701449693,-0.240832589318506,-0.07417487137192375,0.02592397370865862,-0.029887456354486624,0.15141370337391336,,
YAW90_LEFT,Bus A to Bus B,Bus A,Bus B,A+G,CAUSAL,INDUCTIVE_FIXED_TEST,7,False,0,96,7059,12,0,0.0,0.0,0.7321150304575719,0.7362273591870871,0.6311826170290503,0.616580310880829,0.9878113407525172,0.5123063757878947,0.6253416945697619,0.13227848101265824,0.8636363636363636,0.22941822173435786,242,0.8425925925925926,0.5855227882037534,0.6909205947484973,1865,0.8076923076923077,0.49860335195530725,0.616580310880829,2148,0.9786489324466223,0.9971469329529244,0.9878113407525172,2804,0.6311826170290503,0.5734176467689804,0.7048282018362727,0.616580310880829,0.41992371621967867,0.7995251911608225,-0.11377018884519252,-0.1804833141152611,-0.03033097246722616,-0.22730741818435318,-0.34404798513603513,-0.09795733684845888,254.0,12.0
YAW90_LEFT,Bus A to Bus B,Bus A,Bus B,A+G,RAW,INDUCTIVE_FIXED_TEST,14,False,0,96,7059,12,0,0.0,0.0,0.8655616942909761,0.7621314085436137,0.7449528058742428,0.8438877290651821,0.9876325088339223,0.6640595715543497,0.7845267751506185,0.3010752688172043,0.4628099173553719,0.36482084690553745,242,0.829736211031175,0.7420911528150134,0.7834701386923295,1865,0.8409616273693944,0.8468342644320298,0.8438877290651821,2148,0.978641456582633,0.9967902995720399,0.9876325088339223,2804,0.7449528058742428,0.6698213640703772,0.8130658014827601,0.8438877290651822,0.6847579046912049,0.934814177543133,0.0,0.0,0.0,0.0,0.0,0.0,,
YAW90_LEFT,Bus A to Bus B,Bus A,Bus B,A+G,ZSCORE,INDUCTIVE_FIXED_TEST,14,True,14,96,7059,12,4438,73.96666666666667,152.33323388888888,0.7298484204561553,0.5735553711253463,0.5585913122187357,0.45179255134006263,0.9697916666666667,0.42152452740275875,0.5158718078672665,0.9565217391304348,0.09090909090909091,0.1660377358490566,242,0.5031296572280178,0.9050938337801608,0.6467432950191571,1865,0.8951724137931034,0.3021415270018622,0.45179255134006263,2148,0.9448579161028416,0.996077032810271,0.9697916666666667,2804,0.5585913122187358,0.4584135100514007,0.6634783769936299,0.45179255134006263,0.17075841626904364,0.6918464136673932,-0.18636149365550703,-0.2627765324588627,-0.1064928668336225,-0.39209517772511954,-0.5950364946694005,-0.18197295370218564,,
YAW90_LEFT,Bus A to Bus B,Bus A,Bus B,A+G,QUANTILE,INDUCTIVE_FIXED_TEST,14,True,14,96,7059,12,4438,73.96666666666667,152.33323388888888,0.7713557161070973,0.6785945216372209,0.650607819971306,0.788609543355567,0.978953049109552,0.5411594102585573,0.7058085093250104,0.08276385725132877,0.45041322314049587,0.13983322642719692,242,0.8714632174616006,0.5780160857908847,0.6950354609929078,1865,0.8782857142857143,0.7155493482309124,0.788609543355567,2148,0.9876588021778584,0.9703994293865906,0.978953049109552,2804,0.6506078199713059,0.569481568587293,0.7227156526400245,0.7886095433555669,0.48241228469034353,0.9440033303247214,-0.09434498590293694,-0.1444022026741847,-0.04689614986661424,-0.05527818570961529,-0.22643187897814093,0.03713119834962921,,
YAW90_LEFT,Bus A to Bus B,Bus A,Bus B,A+G,CORAL,INDUCTIVE_FIXED_TEST,14,True,14,96,7059,12,4438,73.96666666666667,152.33323388888888,0.549652925343533,0.5622800460680698,0.44150319531335935,0.3656640757012504,0.9606190885640584,0.26846456422979303,0.4111675474685158,0.0685455810716771,0.8140495867768595,0.12644415917843388,242,0.9614325068870524,0.1871313672922252,0.3132854578096948,1865,0.6670776818742293,0.25186219739292365,0.3656640757012504,2148,0.9275988043839256,0.996077032810271,0.9606190885640584,2804,0.44150319531335935,0.31870433438029727,0.5684963413157559,0.36566407570125037,0.0,0.6574125666880362,-0.3034496105608835,-0.47503616836411633,-0.12409746221167298,-0.4782236533639318,-0.9273316717020298,-0.04621490220081045,,
YAW90_LEFT,Bus A to Bus B,Bus A,Bus B,A+G,CAUSAL,INDUCTIVE_FIXED_TEST,14,False,0,96,7059,12,0,0.0,0.0,0.7321150304575719,0.7362273591870871,0.6311826170290503,0.616580310880829,0.9878113407525172,0.5123063757878947,0.6253416945697619,0.13227848101265824,0.8636363636363636,0.22941822173435786,242,0.8425925925925926,0.5855227882037534,0.6909205947484973,1865,0.8076923076923077,0.49860335195530725,0.616580310880829,2148,0.9786489324466223,0.9971469329529244,0.9878113407525172,2804,0.6311826170290503,0.5734176467689804,0.7048282018362727,0.616580310880829,0.41992371621967867,0.7995251911608225,-0.11377018884519252,-0.1804833141152611,-0.03033097246722616,-0.22730741818435318,-0.34404798513603513,-0.09795733684845888,254.0,12.0
YAW90_LEFT,Bus A to Bus B,Bus A,Bus B,A+G,RAW,INDUCTIVE_FIXED_TEST,18,False,0,96,7059,12,0,0.0,0.0,0.8655616942909761,0.7621314085436137,0.7449528058742428,0.8438877290651821,0.9876325088339223,0.6640595715543497,0.7845267751506185,0.3010752688172043,0.4628099173553719,0.36482084690553745,242,0.829736211031175,0.7420911528150134,0.7834701386923295,1865,0.8409616273693944,0.8468342644320298,0.8438877290651821,2148,0.978641456582633,0.9967902995720399,0.9876325088339223,2804,0.7449528058742428,0.6698213640703772,0.8130658014827601,0.8438877290651822,0.6847579046912049,0.934814177543133,0.0,0.0,0.0,0.0,0.0,0.0,,
YAW90_LEFT,Bus A to Bus B,Bus A,Bus B,A+G,ZSCORE,INDUCTIVE_FIXED_TEST,18,True,18,96,7059,12,6262,104.36666666666666,197.27287666666666,0.9273268168295793,0.8198321042848069,0.857129927547009,0.9230769230769231,0.9790971368347093,0.8164741911177756,0.8835087257589747,0.9915254237288136,0.4834710743801653,0.65,242,0.9580152671755725,0.8075067024128686,0.8763456502764039,1865,0.8612903225806452,0.994413407821229,0.9230769230769231,2148,0.9646936656282451,0.9939372325249644,0.9790971368347093,2804,0.857129927547009,0.7669477853428962,0.9226863725196944,0.923076923076923,0.8681450157980964,0.9617465722190133,0.11217712167276617,0.04893677019910484,0.18247554202707586,0.07918919401174085,0.009947303551886083,0.20988568797449078,,
YAW90_LEFT,Bus A to Bus B,Bus A,Bus B,A+G,QUANTILE,INDUCTIVE_FIXED_TEST,18,True,18,96,7059,12,6262,104.36666666666666,197.27287666666666,0.7501062473438164,0.6585940819213156,0.6279986129713703,0.7827569410618607,0.9646196150320807,0.5157916122844668,0.6899019442075665,0.083596214511041,0.4380165289256198,0.1403973509933775,242,0.8045685279187818,0.5099195710455764,0.6242205447981621,1865,0.8207354443309499,0.7481378026070763,0.7827569410618607,2148,0.99245567710298,0.93830242510699,0.9646196150320807,2804,0.6279986129713703,0.5385102351888433,0.7146179821607094,0.7827569410618607,0.48471687770955263,0.9346433513485287,-0.11695419290287257,-0.17300007693291664,-0.06260749580690947,-0.0611307880033215,-0.2193353300202815,0.010395913215022937,,
YAW90_LEFT,Bus A to Bus B,Bus A,Bus B,A+G,CORAL,INDUCTIVE_FIXED_TEST,18,True,18,96,7059,12,6262,104.36666666666666,197.27287666666666,0.5486612834679133,0.5483054634799714,0.4422271558156504,0.35887230514096186,0.9664872373675986,0.2674737952983343,0.408885215545775,0.06388206388206388,0.7520661157024794,0.11776124231640246,242,0.9458762886597938,0.1967828418230563,0.3257878384376387,1865,0.6239907727797002,0.25186219739292365,0.35887230514096186,2148,0.9417935702199661,0.9925106990014265,0.9664872373675986,2804,0.44222715581565036,0.3240365044547374,0.5661332419695855,0.35887230514096186,0.0,0.6489657936086602,-0.3027256500585925,-0.4659212519249724,-0.11713989790459854,-0.4850154239242203,-0.9235579188256604,-0.036127938935389084,,
YAW90_LEFT,Bus A to Bus B,Bus A,Bus B,A+G,CAUSAL,INDUCTIVE_FIXED_TEST,18,False,0,96,7059,12,0,0.0,0.0,0.7321150304575719,0.7362273591870871,0.6311826170290503,0.616580310880829,0.9878113407525172,0.5123063757878947,0.6253416945697619,0.13227848101265824,0.8636363636363636,0.22941822173435786,242,0.8425925925925926,0.5855227882037534,0.6909205947484973,1865,0.8076923076923077,0.49860335195530725,0.616580310880829,2148,0.9786489324466223,0.9971469329529244,0.9878113407525172,2804,0.6311826170290503,0.5734176467689804,0.7048282018362727,0.616580310880829,0.41992371621967867,0.7995251911608225,-0.11377018884519252,-0.1804833141152611,-0.03033097246722616,-0.22730741818435318,-0.34404798513603513,-0.09795733684845888,254.0,12.0
YAW90_LEFT,Bus A to Bus B,Bus A,Bus B,M+G,RAW,INDUCTIVE_FIXED_TEST,1,False,0,83,7059,12,0,0.0,0.0,0.6349341266468338,0.5301316803944139,0.4315740172183211,0.0,0.9948407756626935,0.243818431070197,0.25894441033099264,0.09077380952380952,0.25206611570247933,0.13347921225382933,242,0.45518207282913165,0.871313672922252,0.5979760809567617,1865,0.0,0.0,0.0,2148,0.9925452609158679,0.9971469329529244,0.9948407756626935,2804,0.4315740172183211,0.38358541396438756,0.5507179624426781,0.0,0.0,0.0,0.0,0.0,0.0,0.0,0.0,0.0,,
YAW90_LEFT,Bus A to Bus B,Bus A,Bus B,M+G,ZSCORE,INDUCTIVE_FIXED_TEST,1,True,1,83,7059,12,81,1.35,4.197950277777777,0.35557444397223403,0.30723900454554465,0.20958609769822117,0.0,0.3829908675799087,0.15178450773765864,0.1257516586189327,0.2,0.004132231404958678,0.008097165991902834,242,0.28926660371419577,0.9855227882037534,0.4472563572210731,1865,0.0,0.0,0.0,2148,0.9585714285714285,0.23930099857346648,0.3829908675799087,2804,0.20958609769822115,0.1872161404877209,0.22471106806768837,0.0,0.0,0.0,-0.22198791952009997,-0.3427813805214899,-0.1724668474760733,0.0,0.0,0.0,,
YAW90_LEFT,Bus A to Bus B,Bus A,Bus B,M+G,QUANTILE,INDUCTIVE_FIXED_TEST,1,True,1,83,7059,12,81,1.35,4.197950277777777,0.5992350191245219,0.5184676400859681,0.4286171985281918,0.0,0.883706271667192,0.27692084081519175,0.25717031911691507,0.2598187311178248,0.35537190082644626,0.30017452006980805,242,0.42059008160703076,0.7184986595174263,0.5305880023757672,1865,0.0,0.0,0.0,2148,0.7916431394692264,1.0,0.883706271667192,2804,0.4286171985281918,0.3602387995550259,0.5213557901781297,0.0,0.0,0.0,-0.0029568186901293148,-0.0517111254135571,0.027496030203541775,0.0,0.0,0.0,,
YAW90_LEFT,Bus A to Bus B,Bus A,Bus B,M+G,CORAL,INDUCTIVE_FIXED_TEST,1,True,1,83,7059,12,81,1.35,4.197950277777777,0.5659441847287151,0.4294323501878097,0.40313351946779447,0.23163841807909605,0.7291837291837292,0.29445011622914957,0.33453547891231505,0.4883720930232558,0.08677685950413223,0.14736842105263157,242,0.46950092421441775,0.5447721179624665,0.504343509555721,1865,0.8696969696969697,0.1336126629422719,0.23163841807909605,2148,0.5906678460858027,0.952567760342368,0.7291837291837292,2804,0.40313351946779447,0.2909855059721187,0.5107204725488956,0.23163841807909605,0.0,0.5511480529192362,-0.02844049775052665,-0.24226150145725858,0.10885329498791926,0.23163841807909605,0.0,0.5511480529192362,,
YAW90_LEFT,Bus A to Bus B,Bus A,Bus B,M+G,CAUSAL,INDUCTIVE_FIXED_TEST,1,False,0,83,7059,12,0,0.0,0.0,0.755772772347358,0.6942447351849708,0.6339593194966543,0.544344473007712,0.9927214628084502,0.5143719383927223,0.5981133809010775,0.2128,0.5495867768595041,0.30680507497116494,242,0.5903067020068156,0.8359249329758713,0.6919662671992899,1865,0.8786307053941909,0.39432029795158285,0.544344473007712,2148,0.9883351007423118,0.9971469329529244,0.9927214628084502,2804,0.6339593194966543,0.526912766431001,0.7632786090934764,0.544344473007712,0.28581201304534837,0.7639324069810252,0.20238530227833318,0.11423403407880763,0.2946927575119548,0.544344473007712,0.28581201304534837,0.7639324069810252,254.0,12.0
YAW90_LEFT,Bus A to Bus B,Bus A,Bus B,M+G,RAW,INDUCTIVE_FIXED_TEST,3,False,0,83,7059,12,0,0.0,0.0,0.6349341266468338,0.5301316803944139,0.4315740172183211,0.0,0.9948407756626935,0.243818431070197,0.25894441033099264,0.09077380952380952,0.25206611570247933,0.13347921225382933,242,0.45518207282913165,0.871313672922252,0.5979760809567617,1865,0.0,0.0,0.0,2148,0.9925452609158679,0.9971469329529244,0.9948407756626935,2804,0.4315740172183211,0.38358541396438756,0.5507179624426781,0.0,0.0,0.0,0.0,0.0,0.0,0.0,0.0,0.0,,
YAW90_LEFT,Bus A to Bus B,Bus A,Bus B,M+G,ZSCORE,INDUCTIVE_FIXED_TEST,3,True,3,83,7059,12,210,3.5,24.16194833333333,0.26476838079048026,0.2496383947864598,0.1076043285463223,0.0,0.014069644741470278,0.138782556481273,0.06456259712779339,0.0,0.0,0.0,242,0.2635029214764144,0.9914209115281502,0.41634766944381896,1865,0.0,0.0,0.0,2148,0.5128205128205128,0.007132667617689016,0.014069644741470278,2804,0.1076043285463223,0.08697941584896632,0.12213605234149924,0.0,0.0,0.0,-0.3239696886719988,-0.4411761447842322,-0.28388294413755716,0.0,0.0,0.0,,
YAW90_LEFT,Bus A to Bus B,Bus A,Bus B,M+G,QUANTILE,INDUCTIVE_FIXED_TEST,3,True,3,83,7059,12,210,3.5,24.16194833333333,0.606601501629126,0.5128969050673595,0.46746817999954937,0.0,0.8901238488409019,0.3265829570524319,0.28048090799972963,0.96,0.2975206611570248,0.45425867507886436,242,0.4031518624641834,0.7544235924932976,0.5254901960784314,1865,0.0,0.0,0.0,2148,0.8022323983972525,0.9996433666191156,0.8901238488409019,2804,0.4674681799995494,0.37047758825315535,0.5258922980114378,0.0,0.0,0.0,0.03589416278122831,-0.06578825492052635,0.09632513225108755,0.0,0.0,0.0,,
YAW90_LEFT,Bus A to Bus B,Bus A,Bus B,M+G,CORAL,INDUCTIVE_FIXED_TEST,3,True,3,83,7059,12,210,3.5,24.16194833333333,0.6618501204136563,0.4954976348327579,0.45486355384369576,0.2939612609191037,0.9630275549354727,0.2854755534797701,0.39050263667385887,0.0,0.0,0.0,242,0.4288126055149128,0.8171581769436997,0.5624653995202067,1865,0.797938144329897,0.18016759776536312,0.2939612609191037,2148,0.942320819112628,0.9846647646219686,0.9630275549354727,2804,0.4548635538436957,0.36051262426984004,0.5392432601801334,0.29396126091910363,0.0,0.6371867402508994,0.023289536625374585,-0.17219974297795096,0.1386849109712215,0.29396126091910363,0.0,0.6371867402508994,,
YAW90_LEFT,Bus A to Bus B,Bus A,Bus B,M+G,CAUSAL,INDUCTIVE_FIXED_TEST,3,False,0,83,7059,12,0,0.0,0.0,0.755772772347358,0.6942447351849708,0.6339593194966543,0.544344473007712,0.9927214628084502,0.5143719383927223,0.5981133809010775,0.2128,0.5495867768595041,0.30680507497116494,242,0.5903067020068156,0.8359249329758713,0.6919662671992899,1865,0.8786307053941909,0.39432029795158285,0.544344473007712,2148,0.9883351007423118,0.9971469329529244,0.9927214628084502,2804,0.6339593194966543,0.526912766431001,0.7632786090934764,0.544344473007712,0.28581201304534837,0.7639324069810252,0.20238530227833318,0.11423403407880763,0.2946927575119548,0.544344473007712,0.28581201304534837,0.7639324069810252,254.0,12.0
YAW90_LEFT,Bus A to Bus B,Bus A,Bus B,M+G,RAW,INDUCTIVE_FIXED_TEST,7,False,0,83,7059,12,0,0.0,0.0,0.6349341266468338,0.5301316803944139,0.4315740172183211,0.0,0.9948407756626935,0.243818431070197,0.25894441033099264,0.09077380952380952,0.25206611570247933,0.13347921225382933,242,0.45518207282913165,0.871313672922252,0.5979760809567617,1865,0.0,0.0,0.0,2148,0.9925452609158679,0.9971469329529244,0.9948407756626935,2804,0.4315740172183211,0.38358541396438756,0.5507179624426781,0.0,0.0,0.0,0.0,0.0,0.0,0.0,0.0,0.0,,
YAW90_LEFT,Bus A to Bus B,Bus A,Bus B,M+G,ZSCORE,INDUCTIVE_FIXED_TEST,7,True,7,83,7059,12,1334,22.233333333333334,63.876666666666665,0.35061623459413516,0.3052407102665943,0.2035632790988265,0.0,0.3575190169689877,0.15224469980877278,0.12213796745929589,0.5,0.004132231404958678,0.00819672131147541,242,0.28919590189382177,0.9989276139410188,0.4485373781148429,1865,0.0,0.0,0.0,2148,0.995114006514658,0.21790299572039942,0.3575190169689877,2804,0.2035632790988265,0.18133422943014735,0.22545534320038324,0.0,0.0,0.0,-0.22801073811949463,-0.3579499078509036,-0.17238528187754087,0.0,0.0,0.0,,
YAW90_LEFT,Bus A to Bus B,Bus A,Bus B,M+G,QUANTILE,INDUCTIVE_FIXED_TEST,7,True,7,83,7059,12,1334,22.233333333333334,63.876666666666665,0.6278509703924069,0.48318617185416135,0.3966222021456658,0.0,0.9594519533419738,0.20901228508022981,0.23797332128739945,0.17647058823529413,0.024793388429752067,0.043478260869565216,242,0.4147830018083183,0.9839142091152815,0.5835585943711242,1865,0.0,0.0,0.0,2148,0.9976896418944936,0.9240370898716119,0.9594519533419738,2804,0.3966222021456658,0.3690402442605002,0.4213890751142093,0.0,0.0,0.0,-0.03495181507265532,-0.15947046809709697,0.012252205839802457,0.0,0.0,0.0,,
YAW90_LEFT,Bus A to Bus B,Bus A,Bus B,M+G,CORAL,INDUCTIVE_FIXED_TEST,7,True,7,83,7059,12,1334,22.233333333333334,63.876666666666665,0.6098597535061624,0.4571331140711935,0.37717829030690625,0.0,0.9624597783339293,0.18208446096456524,0.22630697418414375,0.006172839506172839,0.004132231404958678,0.0049504950495049506,242,0.39403568809582007,0.864343163538874,0.5413028878441908,1865,0.0,0.0,0.0,2148,0.9648745519713262,0.9600570613409415,0.9624597783339293,2804,0.3771782903069062,0.342528339747136,0.4028384325863205,0.0,0.0,0.0,-0.05439572691141492,-0.16277467564662493,-0.022010111311781086,0.0,0.0,0.0,,
YAW90_LEFT,Bus A to Bus B,Bus A,Bus B,M+G,CAUSAL,INDUCTIVE_FIXED_TEST,7,False,0,83,7059,12,0,0.0,0.0,0.755772772347358,0.6942447351849708,0.6339593194966543,0.544344473007712,0.9927214628084502,0.5143719383927223,0.5981133809010775,0.2128,0.5495867768595041,0.30680507497116494,242,0.5903067020068156,0.8359249329758713,0.6919662671992899,1865,0.8786307053941909,0.39432029795158285,0.544344473007712,2148,0.9883351007423118,0.9971469329529244,0.9927214628084502,2804,0.6339593194966543,0.526912766431001,0.7632786090934764,0.544344473007712,0.28581201304534837,0.7639324069810252,0.20238530227833318,0.11423403407880763,0.2946927575119548,0.544344473007712,0.28581201304534837,0.7639324069810252,254.0,12.0
YAW90_LEFT,Bus A to Bus B,Bus A,Bus B,M+G,RAW,INDUCTIVE_FIXED_TEST,14,False,0,83,7059,12,0,0.0,0.0,0.6349341266468338,0.5301316803944139,0.4315740172183211,0.0,0.9948407756626935,0.243818431070197,0.25894441033099264,0.09077380952380952,0.25206611570247933,0.13347921225382933,242,0.45518207282913165,0.871313672922252,0.5979760809567617,1865,0.0,0.0,0.0,2148,0.9925452609158679,0.9971469329529244,0.9948407756626935,2804,0.4315740172183211,0.38358541396438756,0.5507179624426781,0.0,0.0,0.0,0.0,0.0,0.0,0.0,0.0,0.0,,
YAW90_LEFT,Bus A to Bus B,Bus A,Bus B,M+G,ZSCORE,INDUCTIVE_FIXED_TEST,14,True,14,83,7059,12,4438,73.96666666666667,152.33323388888888,0.6214761297634226,0.4715840171130922,0.38906223351942193,0.0,0.9647529069767442,0.19716534236698113,0.23343734011165315,0.011764705882352941,0.012396694214876033,0.012072434607645875,242,0.4213989763587619,0.9270777479892761,0.5794235924932976,1865,0.0,0.0,0.0,2148,0.9833333333333333,0.9468616262482168,0.9647529069767442,2804,0.38906223351942193,0.36619751330180644,0.4062533494204094,0.0,0.0,0.0,-0.042511783698899186,-0.15743168123452614,-0.0058054002200507255,0.0,0.0,0.0,,
YAW90_LEFT,Bus A to Bus B,Bus A,Bus B,M+G,QUANTILE,INDUCTIVE_FIXED_TEST,14,True,14,83,7059,12,4438,73.96666666666667,152.33323388888888,0.6216177928885112,0.5001357325328504,0.4147139115044245,0.0,0.9838539838539838,0.22500055405457134,0.24882834690265468,0.0670926517571885,0.17355371900826447,0.0967741935483871,242,0.4444124423963134,0.8273458445040215,0.5782274686153269,1865,0.0,0.0,0.0,2148,0.9685556323427782,0.9996433666191156,0.9838539838539838,2804,0.4147139115044245,0.37885499070970224,0.4539405696844748,0.0,0.0,0.0,-0.016860105713896623,-0.13178233791851068,0.022103828345262082,0.0,0.0,0.0,,
YAW90_LEFT,Bus A to Bus B,Bus A,Bus B,M+G,CORAL,INDUCTIVE_FIXED_TEST,14,True,14,83,7059,12,4438,73.96666666666667,152.33323388888888,0.624734381640459,0.4673734527961515,0.40869228809027774,0.112722751761293,0.968853314772925,0.22197194586272864,0.29030447355868383,0.03333333333333333,0.01652892561983471,0.022099447513812154,242,0.3982846421870812,0.7967828418230563,0.5310936383130808,1865,0.5132075471698113,0.0633147113594041,0.112722751761293,2148,0.9459734964322121,0.992867332382311,0.968853314772925,2804,0.4086922880902777,0.36008436330338056,0.466197096699226,0.11272275176129298,0.0,0.3474264579306408,-0.022881729128043427,-0.13901847851006222,0.022175130723703744,0.11272275176129298,0.0,0.3474264579306408,,
YAW90_LEFT,Bus A to Bus B,Bus A,Bus B,M+G,CAUSAL,INDUCTIVE_FIXED_TEST,14,False,0,83,7059,12,0,0.0,0.0,0.755772772347358,0.6942447351849708,0.6339593194966543,0.544344473007712,0.9927214628084502,0.5143719383927223,0.5981133809010775,0.2128,0.5495867768595041,0.30680507497116494,242,0.5903067020068156,0.8359249329758713,0.6919662671992899,1865,0.8786307053941909,0.39432029795158285,0.544344473007712,2148,0.9883351007423118,0.9971469329529244,0.9927214628084502,2804,0.6339593194966543,0.526912766431001,0.7632786090934764,0.544344473007712,0.28581201304534837,0.7639324069810252,0.20238530227833318,0.11423403407880763,0.2946927575119548,0.544344473007712,0.28581201304534837,0.7639324069810252,254.0,12.0
YAW90_LEFT,Bus A to Bus B,Bus A,Bus B,M+G,RAW,INDUCTIVE_FIXED_TEST,18,False,0,83,7059,12,0,0.0,0.0,0.6349341266468338,0.5301316803944139,0.4315740172183211,0.0,0.9948407756626935,0.243818431070197,0.25894441033099264,0.09077380952380952,0.25206611570247933,0.13347921225382933,242,0.45518207282913165,0.871313672922252,0.5979760809567617,1865,0.0,0.0,0.0,2148,0.9925452609158679,0.9971469329529244,0.9948407756626935,2804,0.4315740172183211,0.38358541396438756,0.5507179624426781,0.0,0.0,0.0,0.0,0.0,0.0,0.0,0.0,0.0,,
YAW90_LEFT,Bus A to Bus B,Bus A,Bus B,M+G,ZSCORE,INDUCTIVE_FIXED_TEST,18,True,18,83,7059,12,6262,104.36666666666666,197.27287666666666,0.6352174528970109,0.48400555192194206,0.39858113617971846,0.0,0.9742759489116748,0.20668286526906632,0.23914868170783107,0.018656716417910446,0.02066115702479339,0.0196078431372549,242,0.43901834407535945,0.9495978552278821,0.600440752669944,1865,0.0,0.0,0.0,2148,0.9829401088929219,0.9657631954350927,0.9742759489116748,2804,0.39858113617971846,0.37677506414821604,0.4132640802713134,0.0,0.0,0.0,-0.03299288103860265,-0.15464934900958818,0.009079561023883534,0.0,0.0,0.0,,
YAW90_LEFT,Bus A to Bus B,Bus A,Bus B,M+G,QUANTILE,INDUCTIVE_FIXED_TEST,18,True,18,83,7059,12,6262,104.36666666666666,197.27287666666666,0.6285592860178496,0.5064735908291718,0.4227888412841345,0.0,0.9806264711207677,0.23684296467192345,0.2536733047704807,0.10192837465564739,0.15289256198347106,0.12231404958677686,242,0.4351851851851852,0.9072386058981233,0.5882148444289935,1865,0.0,0.0,0.0,2148,0.9959543949981611,0.9657631954350927,0.9806264711207677,2804,0.4227888412841345,0.3825719943797098,0.4586286878441807,0.0,0.0,0.0,-0.008785175934186595,-0.13175802253103525,0.03193190299632868,0.0,0.0,0.0,,
YAW90_LEFT,Bus A to Bus B,Bus A,Bus B,M+G,CORAL,INDUCTIVE_FIXED_TEST,18,True,18,83,7059,12,6262,104.36666666666666,197.27287666666666,0.6163762572602351,0.462855280192165,0.38360509271702237,0.0,0.9749430523917996,0.18649243949209668,0.23016305563021341,0.026737967914438502,0.02066115702479339,0.023310023310023312,242,0.3940539178634417,0.8386058981233244,0.5361672951662667,1865,0.0,0.0,0.0,2148,0.9583189803651395,0.9921540656205421,0.9749430523917996,2804,0.38360509271702237,0.3512636581366052,0.4100733167311104,0.0,0.0,0.0,-0.04796892450129875,-0.15771563822857806,-0.016257767210554917,0.0,0.0,0.0,,
YAW90_LEFT,Bus A to Bus B,Bus A,Bus B,M+G,CAUSAL,INDUCTIVE_FIXED_TEST,18,False,0,83,7059,12,0,0.0,0.0,0.755772772347358,0.6942447351849708,0.6339593194966543,0.544344473007712,0.9927214628084502,0.5143719383927223,0.5981133809010775,0.2128,0.5495867768595041,0.30680507497116494,242,0.5903067020068156,0.8359249329758713,0.6919662671992899,1865,0.8786307053941909,0.39432029795158285,0.544344473007712,2148,0.9883351007423118,0.9971469329529244,0.9927214628084502,2804,0.6339593194966543,0.526912766431001,0.7632786090934764,0.544344473007712,0.28581201304534837,0.7639324069810252,0.20238530227833318,0.11423403407880763,0.2946927575119548,0.544344473007712,0.28581201304534837,0.7639324069810252,254.0,12.0
YAW90_LEFT,Bus A to Bus B,Bus A,Bus B,A+M+G,RAW,INDUCTIVE_FIXED_TEST,1,False,0,137,7059,12,0,0.0,0.0,0.9090522736931577,0.8709025158783147,0.8345919856210803,0.895040924410207,0.9874580462815757,0.7836366320675818,0.8587715611367309,0.48704663212435234,0.7768595041322314,0.5987261146496815,242,0.8701657458563536,0.8445040214477212,0.8571428571428571,1865,0.9267198404785643,0.8654562383612663,0.895040924410207,2148,0.9782989149457473,0.9967902995720399,0.9874580462815757,2804,0.8345919856210803,0.7208473322575197,0.9260351772010155,0.895040924410207,0.7597717254867618,0.9677128724443759,0.0,0.0,0.0,0.0,0.0,0.0,,
YAW90_LEFT,Bus A to Bus B,Bus A,Bus B,A+M+G,ZSCORE,INDUCTIVE_FIXED_TEST,1,True,1,137,7059,12,81,1.35,4.197950277777777,0.3972234027482646,0.25,0.14214741964919395,0.0,0.5685896785967758,0.0,0.08528845178951637,0.0,0.0,0.0,242,0.0,0.0,0.0,1865,0.0,0.0,0.0,2148,0.3972234027482646,1.0,0.5685896785967758,2804,0.14214741964919395,0.13297195920443425,0.15158041730058683,0.0,0.0,0.0,-0.6924445659718863,-0.7820380574077072,-0.5890213737912882,-0.895040924410207,-0.9651487826616326,-0.7841586016781278,,
YAW90_LEFT,Bus A to Bus B,Bus A,Bus B,A+M+G,QUANTILE,INDUCTIVE_FIXED_TEST,1,True,1,137,7059,12,81,1.35,4.197950277777777,0.40728148462955094,0.31435701149934636,0.21548333153683938,0.0,0.5930626057529611,0.08962357346479881,0.12928999892210363,0.2663755458515284,0.25206611570247933,0.25902335456475584,242,0.060240963855421686,0.005361930294906166,0.009847365829640572,1865,0.0,0.0,0.0,2148,0.4215273601924233,1.0,0.5930626057529611,2804,0.21548333153683938,0.16513579408107737,0.2783864371366373,0.0,0.0,0.0,-0.6191086540842409,-0.7089677767097192,-0.5237908860655114,-0.895040924410207,-0.9677937856438532,-0.7718739604551442,,
YAW90_LEFT,Bus A to Bus B,Bus A,Bus B,A+M+G,CORAL,INDUCTIVE_FIXED_TEST,1,True,1,137,7059,12,81,1.35,4.197950277777777,0.5080039665675025,0.3960346766205306,0.3188901477894597,0.0,0.7794998966728663,0.16535356482832408,0.1913340886736758,0.0,0.0,0.0,242,0.34074964922830225,0.9115281501340483,0.49606069448497225,1865,0.0,0.0,0.0,2148,0.9267813267813267,0.6726105563480742,0.7794998966728663,2804,0.3188901477894596,0.28410517850799943,0.34568161282739357,0.0,0.0,0.0,-0.5157018378316207,-0.6017559361507072,-0.416031028018075,-0.895040924410207,-0.9660951667238369,-0.7722304087292255,,
YAW90_LEFT,Bus A to Bus B,Bus A,Bus B,A+M+G,CAUSAL,INDUCTIVE_FIXED_TEST,1,False,0,137,7059,12,0,0.0,0.0,0.7655475279784673,0.7489516192995849,0.6697895779016739,0.5805680119581464,0.9886845827439887,0.5634912429542357,0.6341009515242629,0.294770206022187,0.768595041322314,0.4261168384879725,242,0.6099201345102985,0.7780160857908848,0.6837888784165881,1865,0.8111946532999165,0.452048417132216,0.5805680119581464,2148,0.9803646563814866,0.9971469329529244,0.9886845827439887,2804,0.6697895779016739,0.5969727403191335,0.7533634323750497,0.5805680119581464,0.3530973816824705,0.7622456657465386,-0.16480240771940635,-0.23574783164612276,-0.09650772150828042,-0.31447291245206055,-0.4872506956371335,-0.1750027370262545,254.0,12.0
YAW90_LEFT,Bus A to Bus B,Bus A,Bus B,A+M+G,RAW,INDUCTIVE_FIXED_TEST,3,False,0,137,7059,12,0,0.0,0.0,0.9090522736931577,0.8709025158783147,0.8345919856210803,0.895040924410207,0.9874580462815757,0.7836366320675818,0.8587715611367309,0.48704663212435234,0.7768595041322314,0.5987261146496815,242,0.8701657458563536,0.8445040214477212,0.8571428571428571,1865,0.9267198404785643,0.8654562383612663,0.895040924410207,2148,0.9782989149457473,0.9967902995720399,0.9874580462815757,2804,0.8345919856210803,0.7208473322575197,0.9260351772010155,0.895040924410207,0.7597717254867618,0.9677128724443759,0.0,0.0,0.0,0.0,0.0,0.0,,
YAW90_LEFT,Bus A to Bus B,Bus A,Bus B,A+M+G,ZSCORE,INDUCTIVE_FIXED_TEST,3,True,3,137,7059,12,210,3.5,24.16194833333333,0.4142229777588894,0.2660857908847185,0.17421831012902636,0.0,0.5835587929240375,0.03777148253068933,0.10453098607741582,0.0,0.0,0.0,242,0.4743083003952569,0.064343163538874,0.11331444759206799,1865,0.0,0.0,0.0,2148,0.41198942109903025,1.0,0.5835587929240375,2804,0.17421831012902636,0.15280535477666074,0.19552042338676606,0.0,0.0,0.0,-0.660373675492054,-0.7470255939181293,-0.5597813263130422,-0.895040924410207,-0.966243322798785,-0.7686196364323393,,
YAW90_LEFT,Bus A to Bus B,Bus A,Bus B,A+M+G,QUANTILE,INDUCTIVE_FIXED_TEST,3,True,3,137,7059,12,210,3.5,24.16194833333333,0.5692024366057515,0.430759666239894,0.37085759379353433,0.0,0.8912559618441971,0.19739147110998012,0.2225145562761206,0.7692307692307693,0.08264462809917356,0.14925373134328357,242,0.3384310393656188,0.6407506702412868,0.4429206819866568,1865,0.0,0.0,0.0,2148,0.8040734366035571,0.9996433666191156,0.8912559618441971,2804,0.37085759379353433,0.3356380609090194,0.41379977715963623,0.0,0.0,0.0,-0.46373439182754594,-0.5677284827466381,-0.34578660484366763,-0.895040924410207,-0.9666273230309212,-0.7637871602565441,,
YAW90_LEFT,Bus A to Bus B,Bus A,Bus B,A+M+G,CORAL,INDUCTIVE_FIXED_TEST,3,True,3,137,7059,12,210,3.5,24.16194833333333,0.6010766397506729,0.5032188649726425,0.4083340705867623,0.0,0.9285832642916322,0.23491767268513897,0.24500044235205737,0.12430426716141002,0.2768595041322314,0.17157490396927016,242,0.4177561568865917,0.7367292225201072,0.5331781140861467,1865,0.0,0.0,0.0,2148,0.8672237697307336,0.9992867332382311,0.9285832642916322,2804,0.4083340705867623,0.35298495539258634,0.5221281904608025,0.0,0.0,0.0,-0.426257915034318,-0.5263728587085702,-0.3286773816834756,-0.895040924410207,-0.9659191240052555,-0.7746404312075461,,
YAW90_LEFT,Bus A to Bus B,Bus A,Bus B,A+M+G,CAUSAL,INDUCTIVE_FIXED_TEST,3,False,0,137,7059,12,0,0.0,0.0,0.7655475279784673,0.7489516192995849,0.6697895779016739,0.5805680119581464,0.9886845827439887,0.5634912429542357,0.6341009515242629,0.294770206022187,0.768595041322314,0.4261168384879725,242,0.6099201345102985,0.7780160857908848,0.6837888784165881,1865,0.8111946532999165,0.452048417132216,0.5805680119581464,2148,0.9803646563814866,0.9971469329529244,0.9886845827439887,2804,0.6697895779016739,0.5969727403191335,0.7533634323750497,0.5805680119581464,0.3530973816824705,0.7622456657465386,-0.16480240771940635,-0.23574783164612276,-0.09650772150828042,-0.31447291245206055,-0.4872506956371335,-0.1750027370262545,254.0,12.0
YAW90_LEFT,Bus A to Bus B,Bus A,Bus B,A+M+G,RAW,INDUCTIVE_FIXED_TEST,7,False,0,137,7059,12,0,0.0,0.0,0.9090522736931577,0.8709025158783147,0.8345919856210803,0.895040924410207,0.9874580462815757,0.7836366320675818,0.8587715611367309,0.48704663212435234,0.7768595041322314,0.5987261146496815,242,0.8701657458563536,0.8445040214477212,0.8571428571428571,1865,0.9267198404785643,0.8654562383612663,0.895040924410207,2148,0.9782989149457473,0.9967902995720399,0.9874580462815757,2804,0.8345919856210803,0.7208473322575197,0.9260351772010155,0.895040924410207,0.7597717254867618,0.9677128724443759,0.0,0.0,0.0,0.0,0.0,0.0,,
YAW90_LEFT,Bus A to Bus B,Bus A,Bus B,A+M+G,ZSCORE,INDUCTIVE_FIXED_TEST,7,True,7,137,7059,12,1334,22.233333333333334,63.876666666666665,0.640742314775464,0.5018693035891101,0.4295602461838728,0.0,0.970572871321609,0.24922270447129402,0.25773614771032366,0.9583333333333334,0.09504132231404959,0.17293233082706766,242,0.418212890625,0.9184986595174263,0.5747357825868143,1865,0.0,0.0,0.0,2148,0.9482817284790745,0.9939372325249644,0.970572871321609,2804,0.42956024618387273,0.37416409663685396,0.5165093145453826,0.0,0.0,0.0,-0.40503173943720755,-0.5254409627423949,-0.2554300631097792,-0.895040924410207,-0.9656161317957485,-0.7695832125503304,,
YAW90_LEFT,Bus A to Bus B,Bus A,Bus B,A+M+G,QUANTILE,INDUCTIVE_FIXED_TEST,7,True,7,137,7059,12,1334,22.233333333333334,63.876666666666665,0.8073381498795863,0.6556814765239686,0.652144912538236,0.7725612936880543,0.9529106414534668,0.5518896695664924,0.7003114649981634,0.0625,0.15289256198347106,0.08872901678657075,242,0.7352806937471474,0.8638069705093834,0.7943786982248521,1865,0.8784104389086596,0.6894785847299814,0.7725612936880543,2148,0.9922779922779923,0.9165477888730386,0.9529106414534668,2804,0.652144912538236,0.553516258438864,0.7725708481439164,0.7725612936880543,0.4579188832319744,0.9389181212097197,-0.18244707308284425,-0.26777538534907996,-0.09423163724854686,-0.12247963072215273,-0.34570827719942304,-0.004052609871413832,,
YAW90_LEFT,Bus A to Bus B,Bus A,Bus B,A+M+G,CORAL,INDUCTIVE_FIXED_TEST,7,True,7,137,7059,12,1334,22.233333333333334,63.876666666666665,0.6883411248052133,0.5229968991956009,0.5085092722207076,0.40540540540540543,0.9728654124457308,0.35372389214569994,0.4672677254945867,0.005145797598627788,0.012396694214876033,0.007272727272727273,242,0.5248838752488387,0.8482573726541555,0.648493543758967,1865,0.7926829268292683,0.2723463687150838,0.40540540540540543,2148,0.987151248164464,0.9589871611982882,0.9728654124457308,2804,0.5085092722207076,0.43699776175082194,0.5764937277274775,0.40540540540540543,0.13540197979362578,0.6356829348182115,-0.32608271340037265,-0.41387031489408266,-0.2463768529871639,-0.48963551900480157,-0.7167139223139121,-0.2874841273091507,,
YAW90_LEFT,Bus A to Bus B,Bus A,Bus B,A+M+G,CAUSAL,INDUCTIVE_FIXED_TEST,7,False,0,137,7059,12,0,0.0,0.0,0.7655475279784673,0.7489516192995849,0.6697895779016739,0.5805680119581464,0.9886845827439887,0.5634912429542357,0.6341009515242629,0.294770206022187,0.768595041322314,0.4261168384879725,242,0.6099201345102985,0.7780160857908848,0.6837888784165881,1865,0.8111946532999165,0.452048417132216,0.5805680119581464,2148,0.9803646563814866,0.9971469329529244,0.9886845827439887,2804,0.6697895779016739,0.5969727403191335,0.7533634323750497,0.5805680119581464,0.3530973816824705,0.7622456657465386,-0.16480240771940635,-0.23574783164612276,-0.09650772150828042,-0.31447291245206055,-0.4872506956371335,-0.1750027370262545,254.0,12.0
YAW90_LEFT,Bus A to Bus B,Bus A,Bus B,A+M+G,RAW,INDUCTIVE_FIXED_TEST,14,False,0,137,7059,12,0,0.0,0.0,0.9090522736931577,0.8709025158783147,0.8345919856210803,0.895040924410207,0.9874580462815757,0.7836366320675818,0.8587715611367309,0.48704663212435234,0.7768595041322314,0.5987261146496815,242,0.8701657458563536,0.8445040214477212,0.8571428571428571,1865,0.9267198404785643,0.8654562383612663,0.895040924410207,2148,0.9782989149457473,0.9967902995720399,0.9874580462815757,2804,0.8345919856210803,0.7208473322575197,0.9260351772010155,0.895040924410207,0.7597717254867618,0.9677128724443759,0.0,0.0,0.0,0.0,0.0,0.0,,
YAW90_LEFT,Bus A to Bus B,Bus A,Bus B,A+M+G,ZSCORE,INDUCTIVE_FIXED_TEST,14,True,14,137,7059,12,4438,73.96666666666667,152.33323388888888,0.6360674316475421,0.47726349082137426,0.38645277872405526,0.0,0.9689828452607867,0.19227608987847813,0.23187166723443314,1.0,0.004132231404958678,0.00823045267489712,242,0.41393643031784844,0.9077747989276139,0.5685978169605374,1865,0.0,0.0,0.0,2148,0.942366026289181,0.9971469329529244,0.9689828452607867,2804,0.3864527787240553,0.36517116687911383,0.4040147614199627,0.0,0.0,0.0,-0.44813920689702497,-0.5520489656325636,-0.3341902126605364,-0.895040924410207,-0.9648099694090925,-0.7710166351340098,,
YAW90_LEFT,Bus A to Bus B,Bus A,Bus B,A+M+G,QUANTILE,INDUCTIVE_FIXED_TEST,14,True,14,137,7059,12,4438,73.96666666666667,152.33323388888888,0.8212211361382632,0.6927250834808841,0.6750201208059073,0.7579933847850056,0.9785932721712538,0.5738290703507919,0.7082094263975467,0.10518292682926829,0.28512396694214875,0.15367483296213807,242,0.7532287822878229,0.8756032171581769,0.8098189933052319,1865,0.9290540540540541,0.6401303538175046,0.7579933847850056,2148,0.9872958257713249,0.9700427960057061,0.9785932721712538,2804,0.6750201208059072,0.5607757073438377,0.8242273464481987,0.7579933847850054,0.40576471947025305,0.9418041702305345,-0.15957186481517305,-0.24149928543367705,-0.05299476169565734,-0.13704753962520155,-0.40127782462011413,-0.0030947455591150306,,
YAW90_LEFT,Bus A to Bus B,Bus A,Bus B,A+M+G,CORAL,INDUCTIVE_FIXED_TEST,14,True,14,137,7059,12,4438,73.96666666666667,152.33323388888888,0.6743164754214478,0.5632754287748095,0.5380130065236122,0.3716935760906905,0.9743311641359363,0.39257362065283746,0.47148523435044354,0.22382671480144403,0.256198347107438,0.23892100192678228,242,0.44424187177149804,0.7839142091152815,0.5671062839410396,1865,0.709043250327654,0.25186219739292365,0.3716935760906905,2148,0.9879032258064516,0.9611269614835949,0.9743311641359363,2804,0.5380130065236122,0.4329486641939878,0.6173545122933282,0.37169357609069054,0.0,0.6899684849114809,-0.2965789790974681,-0.481064573784322,-0.14209577340449242,-0.5233473483195165,-0.9676128839628961,-0.07789167639131764,,
YAW90_LEFT,Bus A to Bus B,Bus A,Bus B,A+M+G,CAUSAL,INDUCTIVE_FIXED_TEST,14,False,0,137,7059,12,0,0.0,0.0,0.7655475279784673,0.7489516192995849,0.6697895779016739,0.5805680119581464,0.9886845827439887,0.5634912429542357,0.6341009515242629,0.294770206022187,0.768595041322314,0.4261168384879725,242,0.6099201345102985,0.7780160857908848,0.6837888784165881,1865,0.8111946532999165,0.452048417132216,0.5805680119581464,2148,0.9803646563814866,0.9971469329529244,0.9886845827439887,2804,0.6697895779016739,0.5969727403191335,0.7533634323750497,0.5805680119581464,0.3530973816824705,0.7622456657465386,-0.16480240771940635,-0.23574783164612276,-0.09650772150828042,-0.31447291245206055,-0.4872506956371335,-0.1750027370262545,254.0,12.0
YAW90_LEFT,Bus A to Bus B,Bus A,Bus B,A+M+G,RAW,INDUCTIVE_FIXED_TEST,18,False,0,137,7059,12,0,0.0,0.0,0.9090522736931577,0.8709025158783147,0.8345919856210803,0.895040924410207,0.9874580462815757,0.7836366320675818,0.8587715611367309,0.48704663212435234,0.7768595041322314,0.5987261146496815,242,0.8701657458563536,0.8445040214477212,0.8571428571428571,1865,0.9267198404785643,0.8654562383612663,0.895040924410207,2148,0.9782989149457473,0.9967902995720399,0.9874580462815757,2804,0.8345919856210803,0.7208473322575197,0.9260351772010155,0.895040924410207,0.7597717254867618,0.9677128724443759,0.0,0.0,0.0,0.0,0.0,0.0,,
YAW90_LEFT,Bus A to Bus B,Bus A,Bus B,A+M+G,ZSCORE,INDUCTIVE_FIXED_TEST,18,True,18,137,7059,12,6262,104.36666666666666,197.27287666666666,0.8277376398923361,0.671795122223406,0.6884678918518641,0.7348260048556784,0.9791044776119403,0.5915890299318387,0.7070111370533898,0.9767441860465116,0.17355371900826447,0.29473684210526313,242,0.6434138737334373,0.885254691689008,0.7452042428345745,1865,0.8736369467607441,0.6340782122905028,0.7348260048556784,2148,0.9643721895537876,0.9942938659058488,0.9791044776119403,2804,0.6884678918518641,0.5600049171878119,0.7987381694696621,0.7348260048556785,0.3563406291186941,0.9113874383027202,-0.1461240937692162,-0.2816685022748439,-0.008232672024009534,-0.1602149195545285,-0.46242361225755485,-0.04404018001788437,,
YAW90_LEFT,Bus A to Bus B,Bus A,Bus B,A+M+G,QUANTILE,INDUCTIVE_FIXED_TEST,18,True,18,137,7059,12,6262,104.36666666666666,197.27287666666666,0.8305709023941068,0.7018567579211721,0.6891927778441134,0.8277886497064579,0.9642398679625894,0.597510414471288,0.7446311265890512,0.09329829172141918,0.29338842975206614,0.1415752741774676,242,0.8607372732592159,0.788739946380697,0.8231673195299385,1865,0.8721649484536083,0.7877094972067039,0.8277886497064579,2148,0.9924499811249529,0.9375891583452212,0.9642398679625894,2804,0.6891927778441134,0.583581718016633,0.8240275318565798,0.8277886497064579,0.5561290649668374,0.9502242166271251,-0.1453992077769669,-0.2234778828028045,-0.04262368355640352,-0.06725227470374906,-0.2190800924430711,0.0010051106149690109,,
YAW90_LEFT,Bus A to Bus B,Bus A,Bus B,A+M+G,CORAL,INDUCTIVE_FIXED_TEST,18,True,18,137,7059,12,6262,104.36666666666666,197.27287666666666,0.651508712282193,0.516945096933827,0.49517631927217776,0.37578726382085376,0.9540844550986539,0.34220694066335233,0.4474206970916481,0.08841463414634146,0.11983471074380166,0.10175438596491228,242,0.42504409171075835,0.7753351206434317,0.5490791722042909,1865,0.7563380281690141,0.25,0.37578726382085376,2148,0.9877815960290187,0.9226105563480742,0.9540844550986539,2804,0.49517631927217765,0.40403527150259816,0.5676377236799807,0.3757872638208537,0.0,0.7136360009546922,-0.33941566634890263,-0.5048417906191136,-0.18908399376184032,-0.5192536605893533,-0.9688927249641189,-0.05065148241818456,,
YAW90_LEFT,Bus A to Bus B,Bus A,Bus B,A+M+G,CAUSAL,INDUCTIVE_FIXED_TEST,18,False,0,137,7059,12,0,0.0,0.0,0.7655475279784673,0.7489516192995849,0.6697895779016739,0.5805680119581464,0.9886845827439887,0.5634912429542357,0.6341009515242629,0.294770206022187,0.768595041322314,0.4261168384879725,242,0.6099201345102985,0.7780160857908848,0.6837888784165881,1865,0.8111946532999165,0.452048417132216,0.5805680119581464,2148,0.9803646563814866,0.9971469329529244,0.9886845827439887,2804,0.6697895779016739,0.5969727403191335,0.7533634323750497,0.5805680119581464,0.3530973816824705,0.7622456657465386,-0.16480240771940635,-0.23574783164612276,-0.09650772150828042,-0.31447291245206055,-0.4872506956371335,-0.1750027370262545,254.0,12.0
YAW90_LEFT,Bus B to Bus A,Bus B,Bus A,A,RAW,INDUCTIVE_FIXED_TEST,1,False,0,54,98280,236,0,0.0,0.0,0.7251729751729752,0.5728906012130988,0.5423865501599675,0.03622271433090794,0.9957004051324297,0.3912819318358134,0.33992101582834366,0.41012239497188224,0.6243327626145634,0.4950487142628973,19858,0.6318834275772075,0.6536332958380202,0.6425743669136349,22225,0.2796092796092796,0.019365750528541226,0.03622271433090794,11825,0.9971745665785131,0.9942305958712702,0.9957004051324297,44372,0.5423865501599675,0.5252294424665875,0.5588748866359705,0.036222714330907936,0.015462804851781435,0.06210068314131387,0.0,0.0,0.0,0.0,0.0,0.0,,
YAW90_LEFT,Bus B to Bus A,Bus B,Bus A,A,ZSCORE,INDUCTIVE_FIXED_TEST,1,True,1,54,98280,236,15,0.25,1.8072222222222223,0.27289377289377287,0.2866178032835711,0.17070399161662309,0.0,0.2688312658795397,0.1379949001956509,0.10242239496997385,0.21710246537555314,0.951203545170712,0.35351805582849066,19858,0.3473336479471449,0.03311586051743532,0.06046664475846204,22225,0.0,0.0,0.0,11825,0.7858235037134119,0.1621518074461372,0.2688312658795397,44372,0.17070399161662309,0.1571344987234083,0.1842079109420399,0.0,0.0,0.0,-0.3716825585433444,-0.3923018640949978,-0.34810443692960547,-0.036222714330907936,-0.06120713732766713,-0.015599996249128913,,
YAW90_LEFT,Bus B to Bus A,Bus B,Bus A,A,QUANTILE,INDUCTIVE_FIXED_TEST,1,True,1,54,98280,236,15,0.25,1.8072222222222223,0.2861111111111111,0.27845124808153027,0.17604976896818791,0.0,0.34811234403352975,0.11869557727974062,0.10562986138091275,0.21602940991325587,0.8640850035250277,0.3456444448920805,19858,0.12736842105263158,0.0054443194600674915,0.010442286947141315,22225,0.0,0.0,0.0,11825,0.6054968996145467,0.24427566934102588,0.34811234403352975,44372,0.17604976896818791,0.16431093726758453,0.18825867170301658,0.0,0.0,0.0,-0.3663367811917796,-0.3849932179788666,-0.3462694214447434,-0.036222714330907936,-0.06092515756509667,-0.015474346464770325,,
YAW90_LEFT,Bus B to Bus A,Bus B,Bus A,A,CORAL,INDUCTIVE_FIXED_TEST,1,True,1,54,98280,236,15,0.25,1.8072222222222223,0.2168905168905169,0.24496437335269988,0.12699065966487477,0.0,0.13261582235417826,0.12511560543510694,0.07619439579892485,0.1971973565977001,0.8730486453822137,0.3217258176757133,19858,0.12239332691690728,0.034330708661417325,0.05362099862960751,22225,0.0,0.0,0.0,11825,0.7788810850084766,0.07247813936716849,0.13261582235417826,44372,0.12699065966487477,0.11371673732771628,0.1405169247301016,0.0,0.0,0.0,-0.41539589049509273,-0.43694808474894636,-0.3917347442650059,-0.036222714330907936,-0.05877890752266793,-0.014913173340332408,,
YAW90_LEFT,Bus B to Bus A,Bus B,Bus A,A,CAUSAL,INDUCTIVE_FIXED_TEST,1,False,0,54,98280,236,0,0.0,0.0,0.7334249084249084,0.5827823523945334,0.5550831377495307,0.07488782299241838,0.9956661098821724,0.40822214703865006,0.36300501184668577,0.4297421158924965,0.5572061637627153,0.4852431697583651,19858,0.6037721975072613,0.7388976377952756,0.6645354483651668,22225,0.4396003633060854,0.04093023255813953,0.07488782299241838,11825,0.9972418158799059,0.9940953754620031,0.9956661098821724,44372,0.5550831377495307,0.5375628474178111,0.5733012757065675,0.07488782299241838,0.04492506544245388,0.10632429418030483,0.012696587589563157,0.0007394768593847828,0.02425442238610872,0.03866510866151044,0.007833869368131288,0.0704540835363822,30.0,236.0
YAW90_LEFT,Bus B to Bus A,Bus B,Bus A,A,RAW,INDUCTIVE_FIXED_TEST,3,False,0,54,98280,236,0,0.0,0.0,0.7251729751729752,0.5728906012130988,0.5423865501599675,0.03622271433090794,0.9957004051324297,0.3912819318358134,0.33992101582834366,0.41012239497188224,0.6243327626145634,0.4950487142628973,19858,0.6318834275772075,0.6536332958380202,0.6425743669136349,22225,0.2796092796092796,0.019365750528541226,0.03622271433090794,11825,0.9971745665785131,0.9942305958712702,0.9957004051324297,44372,0.5423865501599675,0.5252294424665875,0.5588748866359705,0.036222714330907936,0.015462804851781435,0.06210068314131387,0.0,0.0,0.0,0.0,0.0,0.0,,
YAW90_LEFT,Bus B to Bus A,Bus B,Bus A,A,ZSCORE,INDUCTIVE_FIXED_TEST,3,True,3,54,98280,236,244,4.066666666666666,8.927528333333333,0.6648148148148149,0.508643771008267,0.4665907197631567,0.0,0.913956257441875,0.3174688738702506,0.279954431857894,0.3917321229581714,0.7258032027394501,0.5088347955022859,19858,0.7090046456459425,0.3227446569178853,0.4435718261084658,22225,0.0,0.0,0.0,11825,0.8517033287911232,0.9860272243757324,0.913956257441875,44372,0.4665907197631567,0.45258961060804137,0.4798379858862833,0.0,0.0,0.0,-0.07579583039681081,-0.08950383835944851,-0.06200755303721933,-0.036222714330907936,-0.0609670013570154,-0.015911397949399702,,
YAW90_LEFT,Bus B to Bus A,Bus B,Bus A,A,QUANTILE,INDUCTIVE_FIXED_TEST,3,True,3,54,98280,236,244,4.066666666666666,8.927528333333333,0.6847680097680098,0.5305645903417358,0.5212040931263445,0.13313027476362713,0.9154034532998543,0.38980430640184127,0.3659745657812576,0.529802911399988,0.4453620707019841,0.4839265683565429,19858,0.5192886565272496,0.5899212598425196,0.5523560760853538,22225,0.2666497203863752,0.08871035940803383,0.13313027476362713,11825,0.845243774449003,0.9982646714144054,0.9154034532998543,44372,0.5212040931263445,0.4966867661781516,0.5459330344430267,0.13313027476362713,0.08285691930667319,0.18556216852981366,-0.02118245703362298,-0.041938228541888625,-0.0015197842976402741,0.0969075604327192,0.045149560163265275,0.1516967483486113,,
YAW90_LEFT,Bus B to Bus A,Bus B,Bus A,A,CORAL,INDUCTIVE_FIXED_TEST,3,True,3,54,98280,236,244,4.066666666666666,8.927528333333333,0.6625864875864876,0.5045182147498142,0.46939350455104906,0.0,0.9176227433777627,0.3199837582754778,0.28163610273062945,0.40394645051988176,0.6123476684459663,0.48677968815676226,19858,0.5334198938692559,0.42515185601799776,0.47317158666967124,22225,0.0,0.0,0.0,11825,0.8622671422909235,0.9805733345352925,0.9176227433777627,44372,0.46939350455104906,0.45551071712901736,0.4824523153572824,0.0,0.0,0.0,-0.07299304560891845,-0.08894597884115175,-0.058177184452765755,-0.036222714330907936,-0.06131624984588928,-0.014515571184483171,,
YAW90_LEFT,Bus B to Bus A,Bus B,Bus A,A,CAUSAL,INDUCTIVE_FIXED_TEST,3,False,0,54,98280,236,0,0.0,0.0,0.7334249084249084,0.5827823523945334,0.5550831377495307,0.07488782299241838,0.9956661098821724,0.40822214703865006,0.36300501184668577,0.4297421158924965,0.5572061637627153,0.4852431697583651,19858,0.6037721975072613,0.7388976377952756,0.6645354483651668,22225,0.4396003633060854,0.04093023255813953,0.07488782299241838,11825,0.9972418158799059,0.9940953754620031,0.9956661098821724,44372,0.5550831377495307,0.5375628474178111,0.5733012757065675,0.07488782299241838,0.04492506544245388,0.10632429418030483,0.012696587589563157,0.0007394768593847828,0.02425442238610872,0.03866510866151044,0.007833869368131288,0.0704540835363822,30.0,236.0
YAW90_LEFT,Bus B to Bus A,Bus B,Bus A,A,RAW,INDUCTIVE_FIXED_TEST,7,False,0,54,98280,236,0,0.0,0.0,0.7251729751729752,0.5728906012130988,0.5423865501599675,0.03622271433090794,0.9957004051324297,0.3912819318358134,0.33992101582834366,0.41012239497188224,0.6243327626145634,0.4950487142628973,19858,0.6318834275772075,0.6536332958380202,0.6425743669136349,22225,0.2796092796092796,0.019365750528541226,0.03622271433090794,11825,0.9971745665785131,0.9942305958712702,0.9957004051324297,44372,0.5423865501599675,0.5252294424665875,0.5588748866359705,0.036222714330907936,0.015462804851781435,0.06210068314131387,0.0,0.0,0.0,0.0,0.0,0.0,,
YAW90_LEFT,Bus B to Bus A,Bus B,Bus A,A,ZSCORE,INDUCTIVE_FIXED_TEST,7,True,7,54,98280,236,324,5.4,53.62360916666666,0.6923382173382173,0.5315414963634792,0.4992218801594033,0.0,0.9150555199437563,0.36061066689795224,0.299533128095642,0.4459498178543654,0.5486453822137174,0.4919957551536499,19858,0.5997953393181078,0.5802024746906637,0.5898362455402067,22225,0.0,0.0,0.0,11825,0.8453295128939828,0.9973181285495357,0.9150555199437563,44372,0.4992218801594033,0.48241610774046945,0.5149779346049141,0.0,0.0,0.0,-0.04316467000056423,-0.057094458822420195,-0.030580671440241115,-0.036222714330907936,-0.06085456578527829,-0.01538729500906994,,
YAW90_LEFT,Bus B to Bus A,Bus B,Bus A,A,QUANTILE,INDUCTIVE_FIXED_TEST,7,True,7,54,98280,236,324,5.4,53.62360916666666,0.6720695970695971,0.519122423398537,0.5100290379729921,0.13628598544764314,0.9053319274742087,0.3782614081392534,0.3605318169628525,0.4555932568535574,0.42597441837043004,0.44028627195836045,19858,0.5445714041169171,0.5725534308211474,0.5582119670117565,22225,0.2706030150753769,0.09107822410147992,0.13628598544764314,11825,0.8362296146354505,0.9868836203010908,0.9053319274742087,44372,0.5100290379729923,0.488386363469678,0.5317134470160305,0.13628598544764314,0.09166163611195216,0.18684690024883838,-0.032357512186975246,-0.05071752196540827,-0.012997562871792467,0.10006327111673521,0.0567921742879266,0.14673044896332305,,
YAW90_LEFT,Bus B to Bus A,Bus B,Bus A,A,CORAL,INDUCTIVE_FIXED_TEST,7,True,7,54,98280,236,324,5.4,53.62360916666666,0.6602462352462353,0.5066379700070828,0.47431150470616656,0.000168449423060726,0.8864881823886216,0.33691927881201483,0.2846542825929242,0.44742436631234667,0.5511129016013697,0.49388510311837175,19858,0.513274729177766,0.5201799775028122,0.5167042838946122,22225,0.020833333333333332,8.456659619450317e-05,0.000168449423060726,11825,0.8270176397127693,0.9551744343279546,0.8864881823886216,44372,0.47431150470616656,0.45855161959856555,0.49038543091950476,0.00016844942306072598,0.0,0.0005697816725274725,-0.06807504545380094,-0.08336073243810785,-0.053517551006040796,-0.03605426490784721,-0.0611916254900544,-0.014894331161086098,,
YAW90_LEFT,Bus B to Bus A,Bus B,Bus A,A,CAUSAL,INDUCTIVE_FIXED_TEST,7,False,0,54,98280,236,0,0.0,0.0,0.7334249084249084,0.5827823523945334,0.5550831377495307,0.07488782299241838,0.9956661098821724,0.40822214703865006,0.36300501184668577,0.4297421158924965,0.5572061637627153,0.4852431697583651,19858,0.6037721975072613,0.7388976377952756,0.6645354483651668,22225,0.4396003633060854,0.04093023255813953,0.07488782299241838,11825,0.9972418158799059,0.9940953754620031,0.9956661098821724,44372,0.5550831377495307,0.5375628474178111,0.5733012757065675,0.07488782299241838,0.04492506544245388,0.10632429418030483,0.012696587589563157,0.0007394768593847828,0.02425442238610872,0.03866510866151044,0.007833869368131288,0.0704540835363822,30.0,236.0
YAW90_LEFT,Bus B to Bus A,Bus B,Bus A,A,RAW,INDUCTIVE_FIXED_TEST,14,False,0,54,98280,236,0,0.0,0.0,0.7251729751729752,0.5728906012130988,0.5423865501599675,0.03622271433090794,0.9957004051324297,0.3912819318358134,0.33992101582834366,0.41012239497188224,0.6243327626145634,0.4950487142628973,19858,0.6318834275772075,0.6536332958380202,0.6425743669136349,22225,0.2796092796092796,0.019365750528541226,0.03622271433090794,11825,0.9971745665785131,0.9942305958712702,0.9957004051324297,44372,0.5423865501599675,0.5252294424665875,0.5588748866359705,0.036222714330907936,0.015462804851781435,0.06210068314131387,0.0,0.0,0.0,0.0,0.0,0.0,,
YAW90_LEFT,Bus B to Bus A,Bus B,Bus A,A,ZSCORE,INDUCTIVE_FIXED_TEST,14,True,14,54,98280,236,1288,21.466666666666665,166.9603975,0.6630748880748881,0.48563011642863174,0.39993804651362663,0.0,0.9787182266663716,0.207011319796045,0.23996282790817597,0.5684292379471229,0.036811360660690906,0.06914491108588725,19858,0.39629120879120877,0.9086614173228347,0.5518890483022477,22225,0.0,0.0,0.0,11825,0.9610505278707042,0.9970476877310015,0.9787182266663716,44372,0.39993804651362663,0.3856300679062798,0.4168976536581084,0.0,0.0,0.0,-0.14244850364634087,-0.16157454842396127,-0.12225182945102459,-0.036222714330907936,-0.061018066955512144,-0.014931653619466589,,
YAW90_LEFT,Bus B to Bus A,Bus B,Bus A,A,QUANTILE,INDUCTIVE_FIXED_TEST,14,True,14,54,98280,236,1288,21.466666666666665,166.9603975,0.6656491656491657,0.5037148676952907,0.4702914364491891,0.0,0.8877990191172055,0.3311222422265169,0.28217486186951346,0.4099875889999347,0.6321381810857085,0.4973848957920596,19858,0.7027807574882416,0.38321709786276714,0.49598183088749126,22225,0.0,0.0,0.0,11825,0.7985523425402428,0.9995041918326872,0.8877990191172055,44372,0.470291436449189,0.4546109951424117,0.48566853648643016,0.0,0.0,0.0,-0.07209511371077848,-0.08464460458709787,-0.059174367732325185,-0.036222714330907936,-0.06130686446492732,-0.015444021059581354,,
YAW90_LEFT,Bus B to Bus A,Bus B,Bus A,A,CORAL,INDUCTIVE_FIXED_TEST,14,True,14,54,98280,236,1288,21.466666666666665,166.9603975,0.6914428164428165,0.5484846075902087,0.5192950940372817,0.23814846472483397,0.9731035114224237,0.36802562157556773,0.4068364423123026,0.5372490706319702,0.18194178668546682,0.2718278599104691,19858,0.44320471098713776,0.9007874015748032,0.5941005400914001,22225,0.5351654846335697,0.15315010570824525,0.23814846472483397,11825,0.9886279069767442,0.9580591363923194,0.9731035114224237,44372,0.5192950940372817,0.4944879333384895,0.5442628104686967,0.23814846472483397,0.18324968856551538,0.2955285173502129,-0.023091456122685816,-0.053443313527355776,0.007197451096758407,0.20192575039392605,0.14596988529485297,0.2631926963107463,,
YAW90_LEFT,Bus B to Bus A,Bus B,Bus A,A,CAUSAL,INDUCTIVE_FIXED_TEST,14,False,0,54,98280,236,0,0.0,0.0,0.7334249084249084,0.5827823523945334,0.5550831377495307,0.07488782299241838,0.9956661098821724,0.40822214703865006,0.36300501184668577,0.4297421158924965,0.5572061637627153,0.4852431697583651,19858,0.6037721975072613,0.7388976377952756,0.6645354483651668,22225,0.4396003633060854,0.04093023255813953,0.07488782299241838,11825,0.9972418158799059,0.9940953754620031,0.9956661098821724,44372,0.5550831377495307,0.5375628474178111,0.5733012757065675,0.07488782299241838,0.04492506544245388,0.10632429418030483,0.012696587589563157,0.0007394768593847828,0.02425442238610872,0.03866510866151044,0.007833869368131288,0.0704540835363822,30.0,236.0
YAW90_LEFT,Bus B to Bus A,Bus B,Bus A,A,RAW,INDUCTIVE_FIXED_TEST,18,False,0,54,98280,236,0,0.0,0.0,0.7251729751729752,0.5728906012130988,0.5423865501599675,0.03622271433090794,0.9957004051324297,0.3912819318358134,0.33992101582834366,0.41012239497188224,0.6243327626145634,0.4950487142628973,19858,0.6318834275772075,0.6536332958380202,0.6425743669136349,22225,0.2796092796092796,0.019365750528541226,0.03622271433090794,11825,0.9971745665785131,0.9942305958712702,0.9957004051324297,44372,0.5423865501599675,0.5252294424665875,0.5588748866359705,0.036222714330907936,0.015462804851781435,0.06210068314131387,0.0,0.0,0.0,0.0,0.0,0.0,,
YAW90_LEFT,Bus B to Bus A,Bus B,Bus A,A,ZSCORE,INDUCTIVE_FIXED_TEST,18,True,18,54,98280,236,1599,26.65,226.04062027777778,0.6742673992673993,0.4981103377504318,0.41308507712670994,0.0,0.9887266720242879,0.221204545494184,0.24785104627602594,0.6723796967699407,0.05136468929398731,0.09543859649122807,19858,0.4065889292019945,0.9429021372328459,0.5681750399913239,22225,0.0,0.0,0.0,11825,0.9794559929234852,0.9981745244748941,0.9887266720242879,44372,0.41308507712670994,0.39335973372067184,0.4347406805551822,0.0,0.0,0.0,-0.12930147303325756,-0.15106711416666652,-0.10637388811349859,-0.036222714330907936,-0.06131266307573006,-0.014728059390823172,,
YAW90_LEFT,Bus B to Bus A,Bus B,Bus A,A,QUANTILE,INDUCTIVE_FIXED_TEST,18,True,18,54,98280,236,1599,26.65,226.04062027777778,0.6788665038665038,0.5185257735387776,0.48639219551423496,0.0015183466891606917,0.9050096928884808,0.3468530297228197,0.2924426559842052,0.4089923283591752,0.6362674992446369,0.4979212232271285,19858,0.7088709089583789,0.437570303712036,0.5411195192521701,22225,0.3,0.0007610993657505285,0.0015183466891606917,11825,0.8268391811775234,0.9995041918326872,0.9050096928884808,44372,0.48639219551423496,0.47054425426871443,0.5005802891911995,0.0015183466891606917,0.0,0.0036232349305250445,-0.05599435464573255,-0.06802600928922771,-0.04381551377744102,-0.034704367641747245,-0.059010340157399165,-0.013764383721096321,,
YAW90_LEFT,Bus B to Bus A,Bus B,Bus A,A,CORAL,INDUCTIVE_FIXED_TEST,18,True,18,54,98280,236,1599,26.65,226.04062027777778,0.6932844932844933,0.5395359822134532,0.500584234505303,0.1507920320891971,0.9830527752502275,0.3397613875903281,0.36066735353886065,0.511165538106901,0.17866854668143822,0.26478599947759246,19858,0.4512436813859755,0.9117660292463442,0.6037061312041947,22225,0.3845353675450763,0.09378435517970402,0.1507920320891971,11825,0.9923532653623588,0.9739249977463265,0.9830527752502275,44372,0.5005842345053029,0.47874448375499284,0.5223507889714454,0.1507920320891971,0.10478097415757388,0.19910542289229188,-0.041802315654664635,-0.06756403467469242,-0.015078430026310005,0.11456931775828916,0.06040289657169291,0.17104495096915068,,
YAW90_LEFT,Bus B to Bus A,Bus B,Bus A,A,CAUSAL,INDUCTIVE_FIXED_TEST,18,False,0,54,98280,236,0,0.0,0.0,0.7334249084249084,0.5827823523945334,0.5550831377495307,0.07488782299241838,0.9956661098821724,0.40822214703865006,0.36300501184668577,0.4297421158924965,0.5572061637627153,0.4852431697583651,19858,0.6037721975072613,0.7388976377952756,0.6645354483651668,22225,0.4396003633060854,0.04093023255813953,0.07488782299241838,11825,0.9972418158799059,0.9940953754620031,0.9956661098821724,44372,0.5550831377495307,0.5375628474178111,0.5733012757065675,0.07488782299241838,0.04492506544245388,0.10632429418030483,0.012696587589563157,0.0007394768593847828,0.02425442238610872,0.03866510866151044,0.007833869368131288,0.0704540835363822,30.0,236.0
YAW90_LEFT,Bus B to Bus A,Bus B,Bus A,M,RAW,INDUCTIVE_FIXED_TEST,1,False,0,41,98280,236,0,0.0,0.0,0.5002747252747253,0.40092511936998754,0.3799934952547967,0.021302154240410025,0.7845408025855104,0.24514439281122546,0.236516958849042,0.2648496571127132,0.3792426226206063,0.31188785124138074,19858,0.3148746659880392,0.5567154105736782,0.40224317295188555,22225,0.20090634441087613,0.011247357293868922,0.021302154240410025,11825,0.9746386509635975,0.6564950869917966,0.7845408025855104,44372,0.3799934952547967,0.3616760209443948,0.3984587335642397,0.02130215424041003,0.0076127296996365505,0.03898407552455251,0.0,0.0,0.0,0.0,0.0,0.0,,
YAW90_LEFT,Bus B to Bus A,Bus B,Bus A,M,ZSCORE,INDUCTIVE_FIXED_TEST,1,True,1,41,98280,236,15,0.25,1.8072222222222223,0.20208587708587708,0.2482814938890115,0.0966873706432882,0.0017777777777777779,0.007647927009258017,0.12636718518796491,0.05872353349708403,0.20666329157555716,0.9661597341121966,0.3404942544034784,19858,0.10842313613371454,0.022182227221597302,0.036829523382638577,22225,0.02,0.0009302325581395349,0.0017777777777777779,11825,0.49421965317919075,0.0038537816641125034,0.007647927009258017,44372,0.0966873706432882,0.08292534909268087,0.1119239890993389,0.001777777777777778,0.0005565177786272929,0.0032356960875134207,-0.2833061246115085,-0.30569394883180345,-0.2595853388175246,-0.01952437646263225,-0.03583161046460917,-0.006181748076720009,,
YAW90_LEFT,Bus B to Bus A,Bus B,Bus A,M,QUANTILE,INDUCTIVE_FIXED_TEST,1,True,1,41,98280,236,15,0.25,1.8072222222222223,0.20857753357753359,0.2541443065450608,0.09953774157738372,0.0006294751750727831,0.02222516790385295,0.12530859946856066,0.05997443501645935,0.21167395660511518,0.9894249169100614,0.34873979410720624,19858,0.09342748506246605,0.015478065241844769,0.026556529123402943,22225,0.004524886877828055,0.00033826638477801266,0.0006294751750727831,11825,0.5639013452914798,0.011335977643559002,0.02222516790385295,44372,0.09953774157738374,0.08571450637686183,0.11381005276260854,0.000629475175072783,0.00014401466725463445,0.0013228417869676258,-0.28045575367741293,-0.3032691090978914,-0.25562907369635535,-0.020672679065337245,-0.03827101605756983,-0.00711528155310834,,
YAW90_LEFT,Bus B to Bus A,Bus B,Bus A,M,CORAL,INDUCTIVE_FIXED_TEST,1,True,1,41,98280,236,15,0.25,1.8072222222222223,0.19659137159137158,0.2371695444620884,0.14002198517185047,0.021065969747366752,0.003777148253068933,0.1854369308114443,0.09243957900205697,0.18467007852482714,0.7141202538019942,0.293453631180871,19858,0.26642474137464117,0.2213273340832396,0.24179119150609515,22225,0.1658354114713217,0.011247357293868922,0.021065969747366752,11825,0.039568345323741004,0.001983232669250879,0.003777148253068933,44372,0.14002198517185047,0.12538129760654323,0.15630997785715556,0.021065969747366756,0.007529727546760541,0.03803392517096654,-0.23997151008294623,-0.26026483655828275,-0.21769841567470752,-0.00023618449304327327,-0.02193788973535536,0.0217846772834379,,
YAW90_LEFT,Bus B to Bus A,Bus B,Bus A,M,CAUSAL,INDUCTIVE_FIXED_TEST,1,False,0,41,98280,236,0,0.0,0.0,0.5517297517297517,0.43927844015706174,0.4227106603076244,0.09536784741144415,0.8384549966363302,0.2841292148647225,0.2917735351491523,0.3067925517964857,0.29454124282405075,0.3005420959329959,19858,0.34916207776109087,0.6590326209223847,0.4564777012497273,22225,0.24518388791593695,0.05919661733615222,0.09536784741144415,11825,0.9598093632849961,0.7443432795456594,0.8384549966363302,44372,0.4227106603076244,0.4042247173496616,0.4412933348427863,0.09536784741144415,0.062338866423518664,0.1338892205780229,0.04271716505282769,0.022858631117876435,0.06222776351358602,0.07406569317103412,0.035183225538771914,0.11635436972130894,30.0,236.0
YAW90_LEFT,Bus B to Bus A,Bus B,Bus A,M,RAW,INDUCTIVE_FIXED_TEST,3,False,0,41,98280,236,0,0.0,0.0,0.5002747252747253,0.40092511936998754,0.3799934952547967,0.021302154240410025,0.7845408025855104,0.24514439281122546,0.236516958849042,0.2648496571127132,0.3792426226206063,0.31188785124138074,19858,0.3148746659880392,0.5567154105736782,0.40224317295188555,22225,0.20090634441087613,0.011247357293868922,0.021302154240410025,11825,0.9746386509635975,0.6564950869917966,0.7845408025855104,44372,0.3799934952547967,0.3616760209443948,0.3984587335642397,0.02130215424041003,0.0076127296996365505,0.03898407552455251,0.0,0.0,0.0,0.0,0.0,0.0,,
YAW90_LEFT,Bus B to Bus A,Bus B,Bus A,M,ZSCORE,INDUCTIVE_FIXED_TEST,3,True,3,41,98280,236,244,4.066666666666666,8.927528333333333,0.24888074888074888,0.24888607873146715,0.1627585104169695,0.0,0.24789345741428423,0.13438019475119795,0.0976551062501817,0.20996289092138118,0.7664417363279283,0.3296263008002426,19858,0.30469006231551327,0.04179977502812148,0.07351428345335127,22225,0.0,0.0,0.0,11825,0.3664300515850271,0.1873028035698188,0.24789345741428423,44372,0.1627585104169695,0.14011734699502426,0.18590465067818945,0.0,0.0,0.0,-0.2172349848378272,-0.2463738031554839,-0.1851986132062078,-0.02130215424041003,-0.039765881071859265,-0.007934825627343257,,
YAW90_LEFT,Bus B to Bus A,Bus B,Bus A,M,QUANTILE,INDUCTIVE_FIXED_TEST,3,True,3,41,98280,236,244,4.066666666666666,8.927528333333333,0.3210927960927961,0.3073984587738336,0.20994104616522144,0.0005070993914807302,0.40030095459034126,0.14648774335684817,0.12616746745572516,0.23292448916087544,0.9046731795749824,0.3704658404305776,19858,0.47674418604651164,0.03689538807649044,0.06849029024848612,22225,0.42857142857142855,0.0002536997885835095,0.0005070993914807302,11825,0.6573487773487774,0.2877715676552781,0.40030095459034126,44372,0.20994104616522147,0.18471068182911837,0.23468103728735562,0.0005070993914807302,0.0,0.0013533891222934375,-0.17005244908957523,-0.19826286964591988,-0.13903560182294253,-0.0207950548489293,-0.03832519477892059,-0.0071153078903854645,,
YAW90_LEFT,Bus B to Bus A,Bus B,Bus A,M,CORAL,INDUCTIVE_FIXED_TEST,3,True,3,41,98280,236,244,4.066666666666666,8.927528333333333,0.3806980056980057,0.3481661195984104,0.30822578549610175,0.0,0.5165154556403051,0.23879589544803395,0.18493547129766105,0.21703682878830474,0.6608923355826367,0.32676435071644655,19858,0.41229656419529837,0.3693138357705287,0.3896233356276553,22225,0.0,0.0,0.0,11825,0.8983410601575155,0.362458307040476,0.5165154556403051,44372,0.3082257854961017,0.27635434175430396,0.33783579734502367,0.0,0.0,0.0,-0.07176770975869501,-0.10260565621642541,-0.04039752739879244,-0.02130215424041003,-0.039499174585768126,-0.007945614628530762,,
YAW90_LEFT,Bus B to Bus A,Bus B,Bus A,M,CAUSAL,INDUCTIVE_FIXED_TEST,3,False,0,41,98280,236,0,0.0,0.0,0.5517297517297517,0.43927844015706174,0.4227106603076244,0.09536784741144415,0.8384549966363302,0.2841292148647225,0.2917735351491523,0.3067925517964857,0.29454124282405075,0.3005420959329959,19858,0.34916207776109087,0.6590326209223847,0.4564777012497273,22225,0.24518388791593695,0.05919661733615222,0.09536784741144415,11825,0.9598093632849961,0.7443432795456594,0.8384549966363302,44372,0.4227106603076244,0.4042247173496616,0.4412933348427863,0.09536784741144415,0.062338866423518664,0.1338892205780229,0.04271716505282769,0.022858631117876435,0.06222776351358602,0.07406569317103412,0.035183225538771914,0.11635436972130894,30.0,236.0
YAW90_LEFT,Bus B to Bus A,Bus B,Bus A,M,RAW,INDUCTIVE_FIXED_TEST,7,False,0,41,98280,236,0,0.0,0.0,0.5002747252747253,0.40092511936998754,0.3799934952547967,0.021302154240410025,0.7845408025855104,0.24514439281122546,0.236516958849042,0.2648496571127132,0.3792426226206063,0.31188785124138074,19858,0.3148746659880392,0.5567154105736782,0.40224317295188555,22225,0.20090634441087613,0.011247357293868922,0.021302154240410025,11825,0.9746386509635975,0.6564950869917966,0.7845408025855104,44372,0.3799934952547967,0.3616760209443948,0.3984587335642397,0.02130215424041003,0.0076127296996365505,0.03898407552455251,0.0,0.0,0.0,0.0,0.0,0.0,,
YAW90_LEFT,Bus B to Bus A,Bus B,Bus A,M,ZSCORE,INDUCTIVE_FIXED_TEST,7,True,7,41,98280,236,324,5.4,53.62360916666666,0.3390720390720391,0.28702465002582855,0.23456346471709622,0.00016641704110500916,0.4690517750178946,0.15640069461683012,0.14080464564669973,0.22872637515089275,0.6392889515560479,0.33691166518490995,19858,0.2665574218216578,0.08782902137232845,0.13212400162447543,22225,0.0051813471502590676,8.456659619450317e-05,0.00016641704110500916,11825,0.5296503218853691,0.42089606057874335,0.4690517750178946,44372,0.23456346471709627,0.21503784986587626,0.25455248104018274,0.00016641704110500916,0.0,0.0005308020174552756,-0.14543003053770043,-0.1682182090645829,-0.12246581279213586,-0.02113573719930502,-0.03921459887431624,-0.008040293034267433,,
YAW90_LEFT,Bus B to Bus A,Bus B,Bus A,M,QUANTILE,INDUCTIVE_FIXED_TEST,7,True,7,41,98280,236,324,5.4,53.62360916666666,0.4100834350834351,0.33142961869108356,0.29699930915590256,0.0,0.593450158699274,0.1981823593081121,0.17819958549354153,0.24920177383592018,0.5659683754658072,0.34603897903260566,19858,0.3046175951929985,0.20985376827896512,0.24850809889173062,22225,0.0,0.0,0.0,11825,0.6444966850682796,0.5498963310195619,0.593450158699274,44372,0.29699930915590256,0.2713010081309751,0.3202771406971355,0.0,0.0,0.0,-0.08299418609889414,-0.10691744117130336,-0.05925064427306453,-0.02130215424041003,-0.037797740048372996,-0.007618908798423662,,
YAW90_LEFT,Bus B to Bus A,Bus B,Bus A,M,CORAL,INDUCTIVE_FIXED_TEST,7,True,7,41,98280,236,324,5.4,53.62360916666666,0.4260887260887261,0.35501020668451566,0.32607797836421915,0.0,0.6140391442133754,0.23009092308116705,0.19564678701853147,0.27944524218120687,0.4018027998791419,0.3296358265683419,19858,0.27908810844115833,0.5095163104611924,0.3606369426751592,22225,0.0,0.0,0.0,11825,0.7743473637268018,0.5087217163977283,0.6140391442133754,44372,0.32607797836421915,0.2975874869119381,0.35389493042502085,0.0,0.0,0.0,-0.05391551689057755,-0.07986121761344642,-0.026500972305613477,-0.02130215424041003,-0.039155673743590524,-0.007946007519294775,,
YAW90_LEFT,Bus B to Bus A,Bus B,Bus A,M,CAUSAL,INDUCTIVE_FIXED_TEST,7,False,0,41,98280,236,0,0.0,0.0,0.5517297517297517,0.43927844015706174,0.4227106603076244,0.09536784741144415,0.8384549966363302,0.2841292148647225,0.2917735351491523,0.3067925517964857,0.29454124282405075,0.3005420959329959,19858,0.34916207776109087,0.6590326209223847,0.4564777012497273,22225,0.24518388791593695,0.05919661733615222,0.09536784741144415,11825,0.9598093632849961,0.7443432795456594,0.8384549966363302,44372,0.4227106603076244,0.4042247173496616,0.4412933348427863,0.09536784741144415,0.062338866423518664,0.1338892205780229,0.04271716505282769,0.022858631117876435,0.06222776351358602,0.07406569317103412,0.035183225538771914,0.11635436972130894,30.0,236.0
YAW90_LEFT,Bus B to Bus A,Bus B,Bus A,M,RAW,INDUCTIVE_FIXED_TEST,14,False,0,41,98280,236,0,0.0,0.0,0.5002747252747253,0.40092511936998754,0.3799934952547967,0.021302154240410025,0.7845408025855104,0.24514439281122546,0.236516958849042,0.2648496571127132,0.3792426226206063,0.31188785124138074,19858,0.3148746659880392,0.5567154105736782,0.40224317295188555,22225,0.20090634441087613,0.011247357293868922,0.021302154240410025,11825,0.9746386509635975,0.6564950869917966,0.7845408025855104,44372,0.3799934952547967,0.3616760209443948,0.3984587335642397,0.02130215424041003,0.0076127296996365505,0.03898407552455251,0.0,0.0,0.0,0.0,0.0,0.0,,
YAW90_LEFT,Bus B to Bus A,Bus B,Bus A,M,ZSCORE,INDUCTIVE_FIXED_TEST,14,True,14,41,98280,236,1288,21.466666666666665,166.9603975,0.3978021978021978,0.3505834180412253,0.3125257492264757,0.00033621921492813314,0.5821038396669351,0.22266638574632258,0.18764993722185666,0.22447136853165223,0.6885386242320476,0.33856629936857746,19858,0.39520655944497,0.2819347581552306,0.3290966386554622,22225,0.027777777777777776,0.00016913319238900633,0.00033621921492813314,11825,0.8933818385336505,0.43169115658523394,0.5821038396669351,44372,0.3125257492264757,0.28496616267453306,0.342305652979233,0.00033621921492813314,0.0,0.0011337235704524731,-0.06746774602832101,-0.09409011581550092,-0.03885324451920545,-0.020965935025481896,-0.037549753660769083,-0.0072451977572505835,,
YAW90_LEFT,Bus B to Bus A,Bus B,Bus A,M,QUANTILE,INDUCTIVE_FIXED_TEST,14,True,14,41,98280,236,1288,21.466666666666665,166.9603975,0.40651200651200653,0.3531020388214393,0.32191966128623783,0.037191019729382414,0.6144667936205666,0.2244039505081283,0.20802820466349564,0.26358595194085027,0.6462886494108168,0.3744529380871798,19858,0.24548180885486545,0.27991001124859394,0.26156789370782263,22225,0.1752136752136752,0.02080338266384778,0.037191019729382414,11825,0.9040010506040974,0.46540611196249887,0.6144667936205666,44372,0.32191966128623783,0.29577402581394696,0.34677159494698556,0.037191019729382414,0.019116373831856236,0.058546659366679014,-0.05807383396855886,-0.08314487460754393,-0.033898391308394706,0.015888865488972385,-0.00876454972171667,0.040527464184081895,,
YAW90_LEFT,Bus B to Bus A,Bus B,Bus A,M,CORAL,INDUCTIVE_FIXED_TEST,14,True,14,41,98280,236,1288,21.466666666666665,166.9603975,0.43205128205128207,0.36153942160302344,0.3320235913828936,0.004390600861858687,0.6053782276720645,0.24090537928650327,0.20097039517447965,0.2966686451995845,0.4027092355725652,0.341649933780493,19858,0.29184697940107324,0.5310236220472441,0.37667560321715815,22225,0.056962025316455694,0.0022832980972515857,0.004390600861858687,11825,0.7443359310775706,0.5101415306950329,0.6053782276720645,44372,0.3320235913828936,0.30651542926265996,0.3553279179992766,0.004390600861858687,0.0013248608301859774,0.008161611577772726,-0.047969903871903086,-0.07190707109817468,-0.026721744842749758,-0.016911553378551342,-0.03415140836935448,-0.0036156194602398844,,
YAW90_LEFT,Bus B to Bus A,Bus B,Bus A,M,CAUSAL,INDUCTIVE_FIXED_TEST,14,False,0,41,98280,236,0,0.0,0.0,0.5517297517297517,0.43927844015706174,0.4227106603076244,0.09536784741144415,0.8384549966363302,0.2841292148647225,0.2917735351491523,0.3067925517964857,0.29454124282405075,0.3005420959329959,19858,0.34916207776109087,0.6590326209223847,0.4564777012497273,22225,0.24518388791593695,0.05919661733615222,0.09536784741144415,11825,0.9598093632849961,0.7443432795456594,0.8384549966363302,44372,0.4227106603076244,0.4042247173496616,0.4412933348427863,0.09536784741144415,0.062338866423518664,0.1338892205780229,0.04271716505282769,0.022858631117876435,0.06222776351358602,0.07406569317103412,0.035183225538771914,0.11635436972130894,30.0,236.0
YAW90_LEFT,Bus B to Bus A,Bus B,Bus A,M,RAW,INDUCTIVE_FIXED_TEST,18,False,0,41,98280,236,0,0.0,0.0,0.5002747252747253,0.40092511936998754,0.3799934952547967,0.021302154240410025,0.7845408025855104,0.24514439281122546,0.236516958849042,0.2648496571127132,0.3792426226206063,0.31188785124138074,19858,0.3148746659880392,0.5567154105736782,0.40224317295188555,22225,0.20090634441087613,0.011247357293868922,0.021302154240410025,11825,0.9746386509635975,0.6564950869917966,0.7845408025855104,44372,0.3799934952547967,0.3616760209443948,0.3984587335642397,0.02130215424041003,0.0076127296996365505,0.03898407552455251,0.0,0.0,0.0,0.0,0.0,0.0,,
YAW90_LEFT,Bus B to Bus A,Bus B,Bus A,M,ZSCORE,INDUCTIVE_FIXED_TEST,18,True,18,41,98280,236,1599,26.65,226.04062027777778,0.39182946682946684,0.3425008311461004,0.301769660506511,0.0008411843876177658,0.6016435652723601,0.20181169225122797,0.1813982700589537,0.22573849839998714,0.7069191257931312,0.34220244987506854,19858,0.3187930257993952,0.22294713160854893,0.26239144249099766,22225,0.07936507936507936,0.00042283298097251583,0.0008411843876177658,11825,0.9523600331917802,0.4397142342017489,0.6016435652723601,44372,0.301769660506511,0.2759410229891068,0.3285126662509386,0.0008411843876177658,0.0,0.0021664169564434405,-0.0782238347482857,-0.10232210960029271,-0.054839406716829665,-0.020460969852792263,-0.03848084485693025,-0.00664564127194105,,
YAW90_LEFT,Bus B to Bus A,Bus B,Bus A,M,QUANTILE,INDUCTIVE_FIXED_TEST,18,True,18,41,98280,236,1599,26.65,226.04062027777778,0.4124236874236874,0.35671227613129014,0.3251357184482319,0.034724337496192505,0.623052225396919,0.2258302161320029,0.20897116606741614,0.2654865432963772,0.6487561687984691,0.3767840430510061,19858,0.2515950403274347,0.28211473565804274,0.26598226784881007,22225,0.17444529456771232,0.019281183932346724,0.034724337496192505,11825,0.899090368103375,0.47669701613630217,0.623052225396919,44372,0.32513571844823186,0.2998479417801016,0.35018000897992535,0.03472433749619251,0.016469048758507594,0.056438490224393775,-0.05485777680656484,-0.07845801938178079,-0.031179103842114905,0.013422183255782483,-0.011819140501332415,0.037615388414575,,
YAW90_LEFT,Bus B to Bus A,Bus B,Bus A,M,CORAL,INDUCTIVE_FIXED_TEST,18,True,18,41,98280,236,1599,26.65,226.04062027777778,0.4393976393976394,0.38273626979017683,0.34520803843863757,0.011111111111111112,0.6398852223816356,0.24698231045763822,0.21156926750762697,0.28888063127062885,0.6655252291268002,0.40288383861478194,19858,0.29168283990260774,0.3719235095613048,0.3269519816470216,22225,0.0743455497382199,0.006004228329809725,0.011111111111111112,11825,0.930886086844257,0.48749211214279276,0.6398852223816356,44372,0.34520803843863757,0.31739986923029007,0.37186693536274673,0.011111111111111112,0.005046310514019857,0.018147490548930105,-0.03478545681615913,-0.05968778611536253,-0.010150903779654805,-0.010191043129298917,-0.02921526092207781,0.005074734545130363,,
YAW90_LEFT,Bus B to Bus A,Bus B,Bus A,M,CAUSAL,INDUCTIVE_FIXED_TEST,18,False,0,41,98280,236,0,0.0,0.0,0.5517297517297517,0.43927844015706174,0.4227106603076244,0.09536784741144415,0.8384549966363302,0.2841292148647225,0.2917735351491523,0.3067925517964857,0.29454124282405075,0.3005420959329959,19858,0.34916207776109087,0.6590326209223847,0.4564777012497273,22225,0.24518388791593695,0.05919661733615222,0.09536784741144415,11825,0.9598093632849961,0.7443432795456594,0.8384549966363302,44372,0.4227106603076244,0.4042247173496616,0.4412933348427863,0.09536784741144415,0.062338866423518664,0.1338892205780229,0.04271716505282769,0.022858631117876435,0.06222776351358602,0.07406569317103412,0.035183225538771914,0.11635436972130894,30.0,236.0
YAW90_LEFT,Bus B to Bus A,Bus B,Bus A,G,RAW,INDUCTIVE_FIXED_TEST,1,False,0,42,98280,236,0,0.0,0.0,0.702971102971103,0.5496294851684743,0.5061521614705713,0.005343129069961597,0.9955902535604203,0.3430061307739549,0.30582854851032737,0.4292255290635993,0.7741967972605499,0.5522666858251312,19858,0.5302186990498678,0.42434195725534307,0.47140857742677195,22225,0.20915032679738563,0.0027061310782241013,0.005343129069961597,11825,0.9939131216028031,0.99727305507978,0.9955902535604203,44372,0.5061521614705713,0.4926700434282634,0.5184841648107009,0.005343129069961596,0.0012348027837255661,0.011082218184345892,0.0,0.0,0.0,0.0,0.0,0.0,,
YAW90_LEFT,Bus B to Bus A,Bus B,Bus A,G,ZSCORE,INDUCTIVE_FIXED_TEST,1,True,1,42,98280,236,15,0.25,1.8072222222222223,0.6381054131054131,0.47758229118622464,0.40863959345390405,0.0036749352710264763,0.8648864710986321,0.25655730090566137,0.246653730180753,0.43450479233226835,0.7875919025078054,0.5600415376076486,19858,0.6844512195121951,0.121214848143982,0.20595542983830895,22225,0.14864864864864866,0.0018604651162790699,0.0036749352710264763,11825,0.7621346712255803,0.9996619489768322,0.8648864710986321,44372,0.4086395934539041,0.3964655440512408,0.41978464922082986,0.0036749352710264763,0.0,0.009680327197429044,-0.09751256801666719,-0.10903270316056103,-0.0864536786114067,-0.0016681937989351196,-0.008740458760773452,0.005841374405533419,,
YAW90_LEFT,Bus B to Bus A,Bus B,Bus A,G,QUANTILE,INDUCTIVE_FIXED_TEST,1,True,1,42,98280,236,15,0.25,1.8072222222222223,0.6451159951159952,0.48740874594260686,0.46244940759800546,0.08977624784853701,0.8624229580230591,0.3291248907896542,0.31338014369821804,0.4681899641577061,0.6314835330849028,0.5377127910466961,19858,0.5681421083284799,0.2633520809898763,0.35988563347372954,22225,0.2414814814814815,0.05513742071881607,0.08977624784853701,11825,0.7583170923513523,0.9996619489768322,0.8624229580230591,44372,0.46244940759800546,0.4471411689679987,0.4775501872916005,0.08977624784853701,0.06090011041666372,0.126715530250254,-0.043702753872565836,-0.060055344770044816,-0.02784662908500601,0.08443311877857541,0.05469206338154658,0.12060225467318086,,
YAW90_LEFT,Bus B to Bus A,Bus B,Bus A,G,CORAL,INDUCTIVE_FIXED_TEST,1,True,1,42,98280,236,15,0.25,1.8072222222222223,0.6126170126170126,0.47005721394276223,0.4223624485269013,0.186493969684171,0.8875563745202439,0.26729780652912044,0.32801505698980915,0.41289743351599023,0.6716184912881459,0.511397841216281,19858,0.48977272727272725,0.058177727784026995,0.10400160868690932,22225,0.2095107549557149,0.1680338266384778,0.186493969684171,11825,0.8094141676724538,0.9823988100603984,0.8875563745202439,44372,0.4223624485269013,0.4102019204902954,0.4327888006206485,0.186493969684171,0.1608123066364328,0.21112654057085986,-0.08378971294366999,-0.09985845347637755,-0.06743645660150367,0.1811508406142094,0.15411295810268,0.20611192162856862,,
YAW90_LEFT,Bus B to Bus A,Bus B,Bus A,G,CAUSAL,INDUCTIVE_FIXED_TEST,1,False,0,42,98280,236,0,0.0,0.0,0.7007326007326007,0.5483028561245662,0.49940496358434855,0.0027013337835556307,0.9954456002249086,0.3340580847041619,0.3007235116640314,0.42877328867490055,0.8251586262463491,0.5643144952991012,19858,0.5297611362169141,0.3692238470191226,0.435158425029829,22225,0.7619047619047619,0.0013530655391120507,0.0027013337835556307,11825,0.9934235629475008,0.9974758856936807,0.9954456002249086,44372,0.4994049635843486,0.4861802997303914,0.5120400495248384,0.0027013337835556307,0.00016934007677537946,0.006380419578186274,-0.006747197886222689,-0.012068328403081639,-0.001487876488620922,-0.002641795286405965,-0.0071827891534521566,0.0018399468958039545,30.0,236.0
YAW90_LEFT,Bus B to Bus A,Bus B,Bus A,G,RAW,INDUCTIVE_FIXED_TEST,3,False,0,42,98280,236,0,0.0,0.0,0.702971102971103,0.5496294851684743,0.5061521614705713,0.005343129069961597,0.9955902535604203,0.3430061307739549,0.30582854851032737,0.4292255290635993,0.7741967972605499,0.5522666858251312,19858,0.5302186990498678,0.42434195725534307,0.47140857742677195,22225,0.20915032679738563,0.0027061310782241013,0.005343129069961597,11825,0.9939131216028031,0.99727305507978,0.9955902535604203,44372,0.5061521614705713,0.4926700434282634,0.5184841648107009,0.005343129069961596,0.0012348027837255661,0.011082218184345892,0.0,0.0,0.0,0.0,0.0,0.0,,
YAW90_LEFT,Bus B to Bus A,Bus B,Bus A,G,ZSCORE,INDUCTIVE_FIXED_TEST,3,True,3,42,98280,236,244,4.066666666666666,8.927528333333333,0.6207264957264957,0.43719582262846163,0.3505866544801325,0.0,0.8783660700142563,0.17466018263542452,0.2103519926880795,0.23684210526315788,0.0013596535401349582,0.0027037852994191867,19858,0.4001203948952564,0.7476715410573679,0.5212767626068544,22225,0.0,0.0,0.0,11825,0.783265061091885,0.9997520959163436,0.8783660700142563,44372,0.3505866544801325,0.3385216513298607,0.36190902803016484,0.0,0.0,0.0,-0.1555655069904388,-0.1780902363580053,-0.13318839543453354,-0.005343129069961596,-0.011161489932301328,-0.0011817958178031416,,
YAW90_LEFT,Bus B to Bus A,Bus B,Bus A,G,QUANTILE,INDUCTIVE_FIXED_TEST,3,True,3,42,98280,236,244,4.066666666666666,8.927528333333333,0.6177045177045177,0.45600534510948587,0.4439342894644368,0.19313989979628915,0.8677470146991227,0.3026633810528749,0.3436165335971777,0.39986737400530503,0.1821935743780844,0.25032865149103994,19858,0.43861682990205875,0.4936782902137233,0.4645215918712955,22225,0.27674345219312085,0.14832980972515855,0.19313989979628915,11825,0.7664956201731198,0.9998197061209771,0.8677470146991227,44372,0.4439342894644368,0.42994792341619975,0.4562347290491581,0.19313989979628912,0.17110699275304084,0.2141445256559785,-0.06221787200613449,-0.08381658254755249,-0.04154718131189489,0.18779677072632753,0.16589210216714692,0.2085497359969392,,
YAW90_LEFT,Bus B to Bus A,Bus B,Bus A,G,CORAL,INDUCTIVE_FIXED_TEST,3,True,3,42,98280,236,244,4.066666666666666,8.927528333333333,0.5157102157102157,0.3465530953683145,0.3046289195759393,0.18687979884154282,0.7454660108462605,0.15768322248583225,0.25752927128218067,0.302441113490364,0.17781246852653843,0.22395585577014557,19858,0.4642857142857143,0.03334083239595051,0.06221401284580832,22225,0.19921501053034654,0.1759830866807611,0.18687979884154282,11825,0.5945442109357187,0.9990759938700081,0.7454660108462605,44372,0.3046289195759393,0.28405143564188606,0.32448690757687454,0.18687979884154282,0.13507839586622716,0.2348850662686613,-0.201523241894632,-0.22653064584818056,-0.17516699682093298,0.18153666977158123,0.13028849428345385,0.22897005345226495,,
YAW90_LEFT,Bus B to Bus A,Bus B,Bus A,G,CAUSAL,INDUCTIVE_FIXED_TEST,3,False,0,42,98280,236,0,0.0,0.0,0.7007326007326007,0.5483028561245662,0.49940496358434855,0.0027013337835556307,0.9954456002249086,0.3340580847041619,0.3007235116640314,0.42877328867490055,0.8251586262463491,0.5643144952991012,19858,0.5297611362169141,0.3692238470191226,0.435158425029829,22225,0.7619047619047619,0.0013530655391120507,0.0027013337835556307,11825,0.9934235629475008,0.9974758856936807,0.9954456002249086,44372,0.4994049635843486,0.4861802997303914,0.5120400495248384,0.0027013337835556307,0.00016934007677537946,0.006380419578186274,-0.006747197886222689,-0.012068328403081639,-0.001487876488620922,-0.002641795286405965,-0.0071827891534521566,0.0018399468958039545,30.0,236.0
YAW90_LEFT,Bus B to Bus A,Bus B,Bus A,G,RAW,INDUCTIVE_FIXED_TEST,7,False,0,42,98280,236,0,0.0,0.0,0.702971102971103,0.5496294851684743,0.5061521614705713,0.005343129069961597,0.9955902535604203,0.3430061307739549,0.30582854851032737,0.4292255290635993,0.7741967972605499,0.5522666858251312,19858,0.5302186990498678,0.42434195725534307,0.47140857742677195,22225,0.20915032679738563,0.0027061310782241013,0.005343129069961597,11825,0.9939131216028031,0.99727305507978,0.9955902535604203,44372,0.5061521614705713,0.4926700434282634,0.5184841648107009,0.005343129069961596,0.0012348027837255661,0.011082218184345892,0.0,0.0,0.0,0.0,0.0,0.0,,
YAW90_LEFT,Bus B to Bus A,Bus B,Bus A,G,ZSCORE,INDUCTIVE_FIXED_TEST,7,True,7,42,98280,236,324,5.4,53.62360916666666,0.6183964183964183,0.43478288403693965,0.3513751599417247,0.0,0.8768742648730392,0.17620879163128653,0.21082509596503482,0.26877470355731226,0.006848625239198308,0.013356904340993911,19858,0.3973836428867791,0.7325984251968504,0.5152694705528656,22225,0.0,0.0,0.0,11825,0.7809369553352934,0.9996844857117101,0.8768742648730392,44372,0.3513751599417247,0.33930771595051357,0.3627599655382118,0.0,0.0,0.0,-0.1547770015288466,-0.17661304813312675,-0.13241733506573752,-0.005343129069961596,-0.011159031316479495,-0.0010203663124852135,,
YAW90_LEFT,Bus B to Bus A,Bus B,Bus A,G,QUANTILE,INDUCTIVE_FIXED_TEST,7,True,7,42,98280,236,324,5.4,53.62360916666666,0.6195054945054945,0.45036575845212845,0.4331423674096557,0.07039367774037758,0.8674482043861279,0.288373755084165,0.28804289154194446,0.40798882681564247,0.3677611038372444,0.3868319296572912,19858,0.42362120771542117,0.3932958380202475,0.4078956578548263,22225,0.2612710483432917,0.040676532769556024,0.07039367774037758,11825,0.7660823763060185,0.9997295591814658,0.8674482043861279,44372,0.4331423674096557,0.41832895479517795,0.446984171261721,0.07039367774037758,0.04972180735553262,0.09170512401643197,-0.07300979406091557,-0.09288558845941862,-0.054239975864648564,0.06505054867041599,0.043799335165967325,0.08646439925576282,,
YAW90_LEFT,Bus B to Bus A,Bus B,Bus A,G,CORAL,INDUCTIVE_FIXED_TEST,7,True,7,42,98280,236,324,5.4,53.62360916666666,0.586965811965812,0.4132321192459514,0.3709425479806674,0.0,0.7929347583061307,0.23027847787217962,0.22256552878840044,0.4168955753708321,0.49677711753449494,0.4533443624916707,19858,0.4866183440200725,0.1570753655793026,0.2374910711248682,22225,0.0,0.0,0.0,11825,0.6573106178550776,0.9990759938700081,0.7929347583061307,44372,0.3709425479806674,0.3489776914736599,0.3914418103897104,0.0,0.0,0.0,-0.1352096134899039,-0.15947027097019928,-0.1112167308381612,-0.005343129069961596,-0.01128431548869614,-0.0011508783360399206,,
YAW90_LEFT,Bus B to Bus A,Bus B,Bus A,G,CAUSAL,INDUCTIVE_FIXED_TEST,7,False,0,42,98280,236,0,0.0,0.0,0.7007326007326007,0.5483028561245662,0.49940496358434855,0.0027013337835556307,0.9954456002249086,0.3340580847041619,0.3007235116640314,0.42877328867490055,0.8251586262463491,0.5643144952991012,19858,0.5297611362169141,0.3692238470191226,0.435158425029829,22225,0.7619047619047619,0.0013530655391120507,0.0027013337835556307,11825,0.9934235629475008,0.9974758856936807,0.9954456002249086,44372,0.4994049635843486,0.4861802997303914,0.5120400495248384,0.0027013337835556307,0.00016934007677537946,0.006380419578186274,-0.006747197886222689,-0.012068328403081639,-0.001487876488620922,-0.002641795286405965,-0.0071827891534521566,0.0018399468958039545,30.0,236.0
YAW90_LEFT,Bus B to Bus A,Bus B,Bus A,G,RAW,INDUCTIVE_FIXED_TEST,14,False,0,42,98280,236,0,0.0,0.0,0.702971102971103,0.5496294851684743,0.5061521614705713,0.005343129069961597,0.9955902535604203,0.3430061307739549,0.30582854851032737,0.4292255290635993,0.7741967972605499,0.5522666858251312,19858,0.5302186990498678,0.42434195725534307,0.47140857742677195,22225,0.20915032679738563,0.0027061310782241013,0.005343129069961597,11825,0.9939131216028031,0.99727305507978,0.9955902535604203,44372,0.5061521614705713,0.4926700434282634,0.5184841648107009,0.005343129069961596,0.0012348027837255661,0.011082218184345892,0.0,0.0,0.0,0.0,0.0,0.0,,
YAW90_LEFT,Bus B to Bus A,Bus B,Bus A,G,ZSCORE,INDUCTIVE_FIXED_TEST,14,True,14,42,98280,236,1288,21.466666666666665,166.9603975,0.5982091982091982,0.45835125753536576,0.3794804884640916,0.00016826518593303046,0.842392444910808,0.2251765029818528,0.22775559915282817,0.37441949162048777,0.8404169604189747,0.5180425571541649,19858,0.7218543046357616,0.08827896512935883,0.15731868660546044,22225,0.01639344262295082,8.456659619450317e-05,0.00016826518593303046,11825,0.7881715362865221,0.904624537996935,0.842392444910808,44372,0.3794804884640916,0.36235555624954424,0.39561756180596275,0.00016826518593303044,0.0,0.0005939755211785673,-0.1266716730064797,-0.14163780655738906,-0.111613255241753,-0.005174863884028566,-0.011165162581532677,-0.0008460946006316414,,
YAW90_LEFT,Bus B to Bus A,Bus B,Bus A,G,QUANTILE,INDUCTIVE_FIXED_TEST,14,True,14,42,98280,236,1288,21.466666666666665,166.9603975,0.6138481888481888,0.44060475439998137,0.40855683687091193,0.10558510638297873,0.8673857557769976,0.2556138639022167,0.2873681446757387,0.4066259808195292,0.11743377983684157,0.18223733052006408,19858,0.40880323124383805,0.5783577052868392,0.47901915480360735,22225,0.24696734059097977,0.06714587737843551,0.10558510638297873,11825,0.7661305647209218,0.9994816550978094,0.8673857557769976,44372,0.40855683687091193,0.391977766804479,0.425045272293909,0.10558510638297872,0.08070907094724108,0.13105164470210792,-0.09759532459965936,-0.1219660147853315,-0.07199791767124217,0.10024197731301712,0.07449276561063697,0.1261446149052315,,
YAW90_LEFT,Bus B to Bus A,Bus B,Bus A,G,CORAL,INDUCTIVE_FIXED_TEST,14,True,14,42,98280,236,1288,21.466666666666665,166.9603975,0.5883190883190883,0.4553940005875666,0.4262202826657545,0.004297520661157025,0.8126112160347595,0.2974233048760862,0.2574511778639155,0.3595988034488826,0.5145533286332964,0.42334224100428813,19858,0.4632172085327132,0.46605174353205847,0.46463015296281346,22225,0.09454545454545454,0.0021987315010570823,0.004297520661157025,11825,0.7880327764720828,0.8387721986838547,0.8126112160347595,44372,0.4262202826657545,0.4107738772312608,0.4419297480200231,0.004297520661157025,0.0011807001065737837,0.008523755093900458,-0.07993187880481678,-0.09881239493475653,-0.061980421661353646,-0.0010456084088045709,-0.007123493548139048,0.004941721355507801,,
YAW90_LEFT,Bus B to Bus A,Bus B,Bus A,G,CAUSAL,INDUCTIVE_FIXED_TEST,14,False,0,42,98280,236,0,0.0,0.0,0.7007326007326007,0.5483028561245662,0.49940496358434855,0.0027013337835556307,0.9954456002249086,0.3340580847041619,0.3007235116640314,0.42877328867490055,0.8251586262463491,0.5643144952991012,19858,0.5297611362169141,0.3692238470191226,0.435158425029829,22225,0.7619047619047619,0.0013530655391120507,0.0027013337835556307,11825,0.9934235629475008,0.9974758856936807,0.9954456002249086,44372,0.4994049635843486,0.4861802997303914,0.5120400495248384,0.0027013337835556307,0.00016934007677537946,0.006380419578186274,-0.006747197886222689,-0.012068328403081639,-0.001487876488620922,-0.002641795286405965,-0.0071827891534521566,0.0018399468958039545,30.0,236.0
YAW90_LEFT,Bus B to Bus A,Bus B,Bus A,G,RAW,INDUCTIVE_FIXED_TEST,18,False,0,42,98280,236,0,0.0,0.0,0.702971102971103,0.5496294851684743,0.5061521614705713,0.005343129069961597,0.9955902535604203,0.3430061307739549,0.30582854851032737,0.4292255290635993,0.7741967972605499,0.5522666858251312,19858,0.5302186990498678,0.42434195725534307,0.47140857742677195,22225,0.20915032679738563,0.0027061310782241013,0.005343129069961597,11825,0.9939131216028031,0.99727305507978,0.9955902535604203,44372,0.5061521614705713,0.4926700434282634,0.5184841648107009,0.005343129069961596,0.0012348027837255661,0.011082218184345892,0.0,0.0,0.0,0.0,0.0,0.0,,
YAW90_LEFT,Bus B to Bus A,Bus B,Bus A,G,ZSCORE,INDUCTIVE_FIXED_TEST,18,True,18,42,98280,236,1599,26.65,226.04062027777778,0.64002849002849,0.5116186499929396,0.4544513117199279,0.02692856011405037,0.9363031694558194,0.2938340258079641,0.2834422110775769,0.36728202443983654,0.9187229328230436,0.5247731227797673,19858,0.6418532014575742,0.22191226096737907,0.32980039453007454,22225,0.21223470661672908,0.01437632135306554,0.02692856011405037,11825,0.9858930262698768,0.8914630848282701,0.9363031694558194,44372,0.4544513117199279,0.43506878713907116,0.4731861851726351,0.02692856011405037,0.0049071714344684336,0.06099029422035487,-0.051700849750643374,-0.06601609123604006,-0.0361823148322678,0.021585431044088776,-0.001867047912033359,0.05603514180531347,,
YAW90_LEFT,Bus B to Bus A,Bus B,Bus A,G,QUANTILE,INDUCTIVE_FIXED_TEST,18,True,18,42,98280,236,1599,26.65,226.04062027777778,0.6213980463980464,0.450805815720302,0.4213575921578372,0.1188020994133992,0.8775859510264655,0.2692814725349611,0.300335395060062,0.41180371352785144,0.12508812569241615,0.19188876013904982,19858,0.42578989574979953,0.5972553430821147,0.49715355805243444,22225,0.22013729977116706,0.08135306553911205,0.1188020994133992,11825,0.7821632012415569,0.9995267285675651,0.8775859510264655,44372,0.4213575921578372,0.40520568003649915,0.43743901685311265,0.1188020994133992,0.0925491166232718,0.14509367701544013,-0.0847945693127341,-0.10907654053965682,-0.060077597229001925,0.1134589703434376,0.08762521474092957,0.13968809575783558,,
YAW90_LEFT,Bus B to Bus A,Bus B,Bus A,G,CORAL,INDUCTIVE_FIXED_TEST,18,True,18,42,98280,236,1599,26.65,226.04062027777778,0.6540903540903541,0.5047520778297053,0.4925747296006183,0.13379864357674326,0.9288215705231496,0.3471591159597746,0.3490642951910683,0.43798703961939134,0.5377681538926378,0.4827757685352622,19858,0.42886607388394904,0.4210123734533183,0.4249029357673183,22225,0.30220107079119574,0.08591966173361522,0.13379864357674326,11825,0.8873927501128946,0.97430812223925,0.9288215705231496,44372,0.4925747296006183,0.47170017634763994,0.5129403559458626,0.1337986435767433,0.07492153700044007,0.19330110586364668,-0.013577431869952972,-0.03607559584121503,0.0074518658605516735,0.1284555145067817,0.06874484724956827,0.18754692275206472,,
YAW90_LEFT,Bus B to Bus A,Bus B,Bus A,G,CAUSAL,INDUCTIVE_FIXED_TEST,18,False,0,42,98280,236,0,0.0,0.0,0.7007326007326007,0.5483028561245662,0.49940496358434855,0.0027013337835556307,0.9954456002249086,0.3340580847041619,0.3007235116640314,0.42877328867490055,0.8251586262463491,0.5643144952991012,19858,0.5297611362169141,0.3692238470191226,0.435158425029829,22225,0.7619047619047619,0.0013530655391120507,0.0027013337835556307,11825,0.9934235629475008,0.9974758856936807,0.9954456002249086,44372,0.4994049635843486,0.4861802997303914,0.5120400495248384,0.0027013337835556307,0.00016934007677537946,0.006380419578186274,-0.006747197886222689,-0.012068328403081639,-0.001487876488620922,-0.002641795286405965,-0.0071827891534521566,0.0018399468958039545,30.0,236.0
YAW90_LEFT,Bus B to Bus A,Bus B,Bus A,A+M,RAW,INDUCTIVE_FIXED_TEST,1,False,0,95,98280,236,0,0.0,0.0,0.7163105413105413,0.564951920786562,0.5317559520478562,0.020323550930818633,0.989643137299485,0.3791268902973133,0.32718299160104114,0.4001126424595812,0.6081679927485144,0.48267455337516485,19858,0.6105447130789396,0.6601574803149606,0.6343825665859564,22225,0.26260504201680673,0.010570824524312896,0.020323550930818633,11825,0.9985317396590883,0.9809113855584602,0.989643137299485,44372,0.5317559520478562,0.5153589671025559,0.5478911075748222,0.020323550930818633,0.003958108067569705,0.04030932168378211,0.0,0.0,0.0,0.0,0.0,0.0,,
YAW90_LEFT,Bus B to Bus A,Bus B,Bus A,A+M,ZSCORE,INDUCTIVE_FIXED_TEST,1,True,1,95,98280,236,15,0.25,1.8072222222222223,0.28867521367521365,0.2999867559653082,0.21127646969077069,0.0028277433037467597,0.2886965763303727,0.18546976747757002,0.12789697913596113,0.22588710826672195,0.8780340416960419,0.3593310457819407,19858,0.2790560471976401,0.1489763779527559,0.1942505133470226,22225,0.019867549668874173,0.001522198731501057,0.0028277433037467597,11825,0.9141826923076923,0.17141440548093392,0.2886965763303727,44372,0.21127646969077069,0.19722213089271276,0.2263953273171359,0.0028277433037467597,0.0013242542353781577,0.004575468332720124,-0.3204794823570855,-0.34185727482062284,-0.29742762513712834,-0.017495807627071872,-0.038735586119357485,-0.0010930161546392596,,
YAW90_LEFT,Bus B to Bus A,Bus B,Bus A,A+M,QUANTILE,INDUCTIVE_FIXED_TEST,1,True,1,95,98280,236,15,0.25,1.8072222222222223,0.25905575905575906,0.28254963816377204,0.1994320437112237,0.003836378458734954,0.18407470629581282,0.20455115618302733,0.12119377761022819,0.2618666492437359,0.807332057609024,0.3954612728169709,19858,0.21254478701287213,0.21619797525309337,0.21435581727337616,22225,0.004430660168365086,0.0033826638477801266,0.003836378458734954,11825,0.8451041858749769,0.10328585594519066,0.18407470629581282,44372,0.1994320437112237,0.18460362403864336,0.2140647156133162,0.0038363784587349533,0.0020489852596365103,0.006404459905572932,-0.3323239083366325,-0.35476810489152466,-0.31143406904725746,-0.01648717247208368,-0.038712505245093516,0.0001925053460109164,,
YAW90_LEFT,Bus B to Bus A,Bus B,Bus A,A+M,CORAL,INDUCTIVE_FIXED_TEST,1,True,1,95,98280,236,15,0.25,1.8072222222222223,0.17725885225885227,0.21644437416169618,0.09733799688295627,0.0,0.007979890675497746,0.12712403228544245,0.05840279812977376,0.18566013388176467,0.8114613757679524,0.30218188296406034,19858,0.19309262166405022,0.04980877390326209,0.07919021389226698,22225,0.0,0.0,0.0,11825,0.03475842891901286,0.004507346975570179,0.007979890675497746,44372,0.09733799688295627,0.08643051258213558,0.10941843583882917,0.0,0.0,0.0,-0.4344179551648999,-0.45338765388229746,-0.4129274869385623,-0.020323550930818633,-0.04137137831601225,-0.004033609510870573,,
YAW90_LEFT,Bus B to Bus A,Bus B,Bus A,A+M,CAUSAL,INDUCTIVE_FIXED_TEST,1,False,0,95,98280,236,0,0.0,0.0,0.7203805453805454,0.568379233442514,0.532760643406968,0.008585816890943614,0.9906208838624699,0.38014056325513407,0.3230907128005583,0.4045695364238411,0.6152684056803304,0.4881537416596748,19858,0.6186918990703851,0.6707761529808773,0.6436821312147838,22225,0.18055555555555555,0.004397463002114165,0.008585816890943614,11825,0.9982835957524716,0.9830749121067339,0.9906208838624699,44372,0.532760643406968,0.5179902743811854,0.5466799045538148,0.008585816890943614,0.0028621448954314144,0.015609546742026716,0.0010046913591118534,-0.007729168373950499,0.009314496851029069,-0.01173773403987502,-0.02931909972752141,0.0019897337133799806,30.0,236.0
YAW90_LEFT,Bus B to Bus A,Bus B,Bus A,A+M,RAW,INDUCTIVE_FIXED_TEST,3,False,0,95,98280,236,0,0.0,0.0,0.7163105413105413,0.564951920786562,0.5317559520478562,0.020323550930818633,0.989643137299485,0.3791268902973133,0.32718299160104114,0.4001126424595812,0.6081679927485144,0.48267455337516485,19858,0.6105447130789396,0.6601574803149606,0.6343825665859564,22225,0.26260504201680673,0.010570824524312896,0.020323550930818633,11825,0.9985317396590883,0.9809113855584602,0.989643137299485,44372,0.5317559520478562,0.5153589671025559,0.5478911075748222,0.020323550930818633,0.003958108067569705,0.04030932168378211,0.0,0.0,0.0,0.0,0.0,0.0,,
YAW90_LEFT,Bus B to Bus A,Bus B,Bus A,A+M,ZSCORE,INDUCTIVE_FIXED_TEST,3,True,3,95,98280,236,244,4.066666666666666,8.927528333333333,0.43597883597883597,0.36111832699080004,0.3238735265493461,0.0,0.6382466281310212,0.21908249268878768,0.19432411592960766,0.36946335425691806,0.2104441534897774,0.2681510475151593,19858,0.26571423868854616,0.7263892013498313,0.38909643055120385,22225,0.0,0.0,0.0,11825,0.8593392339386541,0.5076399531235914,0.6382466281310212,44372,0.3238735265493461,0.3038100619942911,0.3431797499639503,0.0,0.0,0.0,-0.2078824254985101,-0.233703194929358,-0.18194636718375934,-0.020323550930818633,-0.04155862171390419,-0.004686213014691424,,
YAW90_LEFT,Bus B to Bus A,Bus B,Bus A,A+M,QUANTILE,INDUCTIVE_FIXED_TEST,3,True,3,95,98280,236,244,4.066666666666666,8.927528333333333,0.6152421652421652,0.4940524140866639,0.4579912858160885,0.0,0.8330384579569793,0.3329755617691249,0.2747947714896531,0.4523068098008686,0.5558968677611038,0.4987800469907826,19858,0.42197890569422536,0.6138582677165354,0.5001466383165921,22225,0.0,0.0,0.0,11825,0.8614347616754935,0.8064545208690165,0.8330384579569793,44372,0.4579912858160885,0.4386716093537291,0.4761960982410944,0.0,0.0,0.0,-0.0737646662317677,-0.090463622312349,-0.05692221434520753,-0.020323550930818633,-0.041698579576533897,-0.004038763233596252,,
YAW90_LEFT,Bus B to Bus A,Bus B,Bus A,A+M,CORAL,INDUCTIVE_FIXED_TEST,3,True,3,95,98280,236,244,4.066666666666666,8.927528333333333,0.5731176231176232,0.47640238571065,0.43591078283010465,0.0,0.7803289366552679,0.32110473155505026,0.2615464696980628,0.35518169582772546,0.6644677208178065,0.4629174852652259,19858,0.46682769098913085,0.5391676040494938,0.5003967093999249,22225,0.0,0.0,0.0,11825,0.8783734243253152,0.7019742179752997,0.7803289366552679,44372,0.43591078283010465,0.41912475780660463,0.4521175336882804,0.0,0.0,0.0,-0.09584516921775155,-0.11641560768197225,-0.07335435456285308,-0.020323550930818633,-0.041461142642185,-0.00365147208575664,,
YAW90_LEFT,Bus B to Bus A,Bus B,Bus A,A+M,CAUSAL,INDUCTIVE_FIXED_TEST,3,False,0,95,98280,236,0,0.0,0.0,0.7203805453805454,0.568379233442514,0.532760643406968,0.008585816890943614,0.9906208838624699,0.38014056325513407,0.3230907128005583,0.4045695364238411,0.6152684056803304,0.4881537416596748,19858,0.6186918990703851,0.6707761529808773,0.6436821312147838,22225,0.18055555555555555,0.004397463002114165,0.008585816890943614,11825,0.9982835957524716,0.9830749121067339,0.9906208838624699,44372,0.532760643406968,0.5179902743811854,0.5466799045538148,0.008585816890943614,0.0028621448954314144,0.015609546742026716,0.0010046913591118534,-0.007729168373950499,0.009314496851029069,-0.01173773403987502,-0.02931909972752141,0.0019897337133799806,30.0,236.0
YAW90_LEFT,Bus B to Bus A,Bus B,Bus A,A+M,RAW,INDUCTIVE_FIXED_TEST,7,False,0,95,98280,236,0,0.0,0.0,0.7163105413105413,0.564951920786562,0.5317559520478562,0.020323550930818633,0.989643137299485,0.3791268902973133,0.32718299160104114,0.4001126424595812,0.6081679927485144,0.48267455337516485,19858,0.6105447130789396,0.6601574803149606,0.6343825665859564,22225,0.26260504201680673,0.010570824524312896,0.020323550930818633,11825,0.9985317396590883,0.9809113855584602,0.989643137299485,44372,0.5317559520478562,0.5153589671025559,0.5478911075748222,0.020323550930818633,0.003958108067569705,0.04030932168378211,0.0,0.0,0.0,0.0,0.0,0.0,,
YAW90_LEFT,Bus B to Bus A,Bus B,Bus A,A+M,ZSCORE,INDUCTIVE_FIXED_TEST,7,True,7,95,98280,236,324,5.4,53.62360916666666,0.5891941391941392,0.45868739535276565,0.42796451715156136,0.0,0.8153858237676866,0.2988240816128529,0.2567787102909368,0.43846073950976316,0.4251686977540538,0.43171243033185047,19858,0.3830712222449158,0.5907311586051743,0.4647598145067082,22225,0.0,0.0,0.0,11825,0.8119511050526269,0.8188497250518345,0.8153858237676866,44372,0.42796451715156136,0.4082219969874527,0.44818843292565475,0.0,0.0,0.0,-0.10379143489629483,-0.12296389387176979,-0.08453575103312927,-0.020323550930818633,-0.041634662641516246,-0.00449557466340353,,
YAW90_LEFT,Bus B to Bus A,Bus B,Bus A,A+M,QUANTILE,INDUCTIVE_FIXED_TEST,7,True,7,95,98280,236,324,5.4,53.62360916666666,0.6067053317053317,0.48238078966718767,0.45250251728557156,0.022386857787083266,0.8231755940853478,0.32894482501897954,0.2804562534861762,0.43078276165347407,0.49330244737637224,0.45992769613596884,19858,0.43003456257729017,0.6102137232845894,0.5045199211338864,22225,0.23440134907251264,0.011754756871035941,0.022386857787083266,11825,0.8322967058281502,0.8142522311367529,0.8231755940853478,44372,0.4525025172855716,0.43352903525211034,0.47026211210401186,0.022386857787083266,0.0008536031107274121,0.052194538015520285,-0.07925343476228458,-0.09329316057985387,-0.06418839052704678,0.002063306856264633,-0.010111954167478447,0.014417025849874308,,
YAW90_LEFT,Bus B to Bus A,Bus B,Bus A,A+M,CORAL,INDUCTIVE_FIXED_TEST,7,True,7,95,98280,236,324,5.4,53.62360916666666,0.5266178266178266,0.4367674322369272,0.39969586671182994,0.0,0.73134214733423,0.28914710650436326,0.23981752002709794,0.32571398124467177,0.6156712659885185,0.4260375649022546,19858,0.4071933693255266,0.4818897637795276,0.4414037546108352,22225,0.0,0.0,0.0,11825,0.8367690610301376,0.6495086991796628,0.73134214733423,44372,0.39969586671182994,0.37994789875339313,0.41853700765701674,0.0,0.0,0.0,-0.13206008533602626,-0.15708129616539862,-0.10865383421871831,-0.020323550930818633,-0.04125872591569246,-0.0037194830653663725,,
YAW90_LEFT,Bus B to Bus A,Bus B,Bus A,A+M,CAUSAL,INDUCTIVE_FIXED_TEST,7,False,0,95,98280,236,0,0.0,0.0,0.7203805453805454,0.568379233442514,0.532760643406968,0.008585816890943614,0.9906208838624699,0.38014056325513407,0.3230907128005583,0.4045695364238411,0.6152684056803304,0.4881537416596748,19858,0.6186918990703851,0.6707761529808773,0.6436821312147838,22225,0.18055555555555555,0.004397463002114165,0.008585816890943614,11825,0.9982835957524716,0.9830749121067339,0.9906208838624699,44372,0.532760643406968,0.5179902743811854,0.5466799045538148,0.008585816890943614,0.0028621448954314144,0.015609546742026716,0.0010046913591118534,-0.007729168373950499,0.009314496851029069,-0.01173773403987502,-0.02931909972752141,0.0019897337133799806,30.0,236.0
YAW90_LEFT,Bus B to Bus A,Bus B,Bus A,A+M,RAW,INDUCTIVE_FIXED_TEST,14,False,0,95,98280,236,0,0.0,0.0,0.7163105413105413,0.564951920786562,0.5317559520478562,0.020323550930818633,0.989643137299485,0.3791268902973133,0.32718299160104114,0.4001126424595812,0.6081679927485144,0.48267455337516485,19858,0.6105447130789396,0.6601574803149606,0.6343825665859564,22225,0.26260504201680673,0.010570824524312896,0.020323550930818633,11825,0.9985317396590883,0.9809113855584602,0.989643137299485,44372,0.5317559520478562,0.5153589671025559,0.5478911075748222,0.020323550930818633,0.003958108067569705,0.04030932168378211,0.0,0.0,0.0,0.0,0.0,0.0,,
YAW90_LEFT,Bus B to Bus A,Bus B,Bus A,A+M,ZSCORE,INDUCTIVE_FIXED_TEST,14,True,14,95,98280,236,1288,21.466666666666665,166.9603975,0.6654660154660155,0.48977319471423697,0.41368982251393066,0.0,0.9779210564215051,0.2256127445447392,0.24821389350835837,0.5961214165261383,0.071205559472253,0.12721547458389565,19858,0.39694061187762447,0.8931833520809899,0.5496227590503219,22225,0.0,0.0,0.0,11825,0.9616951737662055,0.9947038673037051,0.9779210564215051,44372,0.4136898225139306,0.3983241836302383,0.43137624029488725,0.0,0.0,0.0,-0.11806612953392559,-0.13610659189898375,-0.0991164931795441,-0.020323550930818633,-0.04124989282017111,-0.004648959807190987,,
YAW90_LEFT,Bus B to Bus A,Bus B,Bus A,A+M,QUANTILE,INDUCTIVE_FIXED_TEST,14,True,14,95,98280,236,1288,21.466666666666665,166.9603975,0.6745624745624745,0.5166715083603348,0.48049391251275353,0.0,0.9101759248725294,0.3372665750594949,0.2882963475076521,0.40787152503193624,0.6752945916003625,0.5085709951456311,19858,0.6790491477489873,0.39973003374578175,0.5032287300328537,22225,0.0,0.0,0.0,11825,0.8410650457786188,0.9916614080951952,0.9101759248725294,44372,0.4804939125127536,0.46600166796055564,0.49511142082007376,0.0,0.0,0.0,-0.05126203953510261,-0.06125080448414709,-0.04131356089602224,-0.020323550930818633,-0.03987455749034302,-0.0044926467717311454,,
YAW90_LEFT,Bus B to Bus A,Bus B,Bus A,A+M,CORAL,INDUCTIVE_FIXED_TEST,14,True,14,95,98280,236,1288,21.466666666666665,166.9603975,0.48811558811558814,0.4248299813643087,0.42476825411629915,0.24918717135632,0.7521516475855967,0.3156404562931999,0.35453582101230746,0.34503487341528266,0.45090139993957096,0.390927546988583,19858,0.2708914848892105,0.3537007874015748,0.30680665053469675,22225,0.2371638141809291,0.2624947145877378,0.24918717135632,11825,0.9282310899344848,0.6322230235283512,0.7521516475855967,44372,0.42476825411629915,0.3911988957802554,0.457425130946196,0.24918717135632,0.19797368982432226,0.2957252785754398,-0.10698769793155705,-0.14390033095124638,-0.06963510505881855,0.22886362042550135,0.17214575515250552,0.2804506091847095,,
YAW90_LEFT,Bus B to Bus A,Bus B,Bus A,A+M,CAUSAL,INDUCTIVE_FIXED_TEST,14,False,0,95,98280,236,0,0.0,0.0,0.7203805453805454,0.568379233442514,0.532760643406968,0.008585816890943614,0.9906208838624699,0.38014056325513407,0.3230907128005583,0.4045695364238411,0.6152684056803304,0.4881537416596748,19858,0.6186918990703851,0.6707761529808773,0.6436821312147838,22225,0.18055555555555555,0.004397463002114165,0.008585816890943614,11825,0.9982835957524716,0.9830749121067339,0.9906208838624699,44372,0.532760643406968,0.5179902743811854,0.5466799045538148,0.008585816890943614,0.0028621448954314144,0.015609546742026716,0.0010046913591118534,-0.007729168373950499,0.009314496851029069,-0.01173773403987502,-0.02931909972752141,0.0019897337133799806,30.0,236.0
YAW90_LEFT,Bus B to Bus A,Bus B,Bus A,A+M,RAW,INDUCTIVE_FIXED_TEST,18,False,0,95,98280,236,0,0.0,0.0,0.7163105413105413,0.564951920786562,0.5317559520478562,0.020323550930818633,0.989643137299485,0.3791268902973133,0.32718299160104114,0.4001126424595812,0.6081679927485144,0.48267455337516485,19858,0.6105447130789396,0.6601574803149606,0.6343825665859564,22225,0.26260504201680673,0.010570824524312896,0.020323550930818633,11825,0.9985317396590883,0.9809113855584602,0.989643137299485,44372,0.5317559520478562,0.5153589671025559,0.5478911075748222,0.020323550930818633,0.003958108067569705,0.04030932168378211,0.0,0.0,0.0,0.0,0.0,0.0,,
YAW90_LEFT,Bus B to Bus A,Bus B,Bus A,A+M,ZSCORE,INDUCTIVE_FIXED_TEST,18,True,18,95,98280,236,1599,26.65,226.04062027777778,0.6732804232804233,0.4978959224974604,0.418842931324369,0.0,0.9893827685354039,0.22866298558735734,0.2513057587946214,0.5634035522511359,0.06868768254607714,0.12244714753804031,19858,0.40493657193431015,0.9263892013498313,0.5635418092240317,22225,0.0,0.0,0.0,11825,0.9823598675879229,0.9965068060939332,0.9893827685354039,44372,0.41884293132436895,0.400222185210791,0.4388624267964987,0.0,0.0,0.0,-0.11291302072348725,-0.13591101726365412,-0.09068125688158532,-0.020323550930818633,-0.041791336728150406,-0.004273382376429987,,
YAW90_LEFT,Bus B to Bus A,Bus B,Bus A,A+M,QUANTILE,INDUCTIVE_FIXED_TEST,18,True,18,95,98280,236,1599,26.65,226.04062027777778,0.6853988603988604,0.5274766825004149,0.492110972647835,0.00016907599966184801,0.9255643110539039,0.34762652651247866,0.29533421398856574,0.40685963161237637,0.6774096082183503,0.5083804160919105,19858,0.6905033509197205,0.4357705286839145,0.5343300874458635,22225,0.25,8.456659619450317e-05,0.00016907599966184801,11825,0.8639498310117804,0.9966420265032002,0.9255643110539039,44372,0.492110972647835,0.47773581366597206,0.5071011676666698,0.000169075999661848,0.0,0.0005630284522537193,-0.03964497940002121,-0.0498552628057388,-0.02999323719550249,-0.020154474931156786,-0.04202683742085854,-0.003719425944433178,,
YAW90_LEFT,Bus B to Bus A,Bus B,Bus A,A+M,CORAL,INDUCTIVE_FIXED_TEST,18,True,18,95,98280,236,1599,26.65,226.04062027777778,0.5821225071225071,0.4653274459251191,0.4585894545830818,0.1317750989233459,0.9046478081220508,0.3099033367367588,0.32786371231918743,0.371356311403651,0.5767448887098399,0.45180378311209296,19858,0.3644278606965174,0.3295838020247469,0.34613112817483754,22225,0.14451508729437884,0.12109936575052854,0.1317750989233459,11825,0.9885386053967405,0.833881727215361,0.9046478081220508,44372,0.45858945458308176,0.4390132335246382,0.4780477578085436,0.1317750989233459,0.1008560849437504,0.16312187623280308,-0.07316649746477444,-0.09856945846963872,-0.04670164376864731,0.11145154799252727,0.07213057419286013,0.14737482058710508,,
YAW90_LEFT,Bus B to Bus A,Bus B,Bus A,A+M,CAUSAL,INDUCTIVE_FIXED_TEST,18,False,0,95,98280,236,0,0.0,0.0,0.7203805453805454,0.568379233442514,0.532760643406968,0.008585816890943614,0.9906208838624699,0.38014056325513407,0.3230907128005583,0.4045695364238411,0.6152684056803304,0.4881537416596748,19858,0.6186918990703851,0.6707761529808773,0.6436821312147838,22225,0.18055555555555555,0.004397463002114165,0.008585816890943614,11825,0.9982835957524716,0.9830749121067339,0.9906208838624699,44372,0.532760643406968,0.5179902743811854,0.5466799045538148,0.008585816890943614,0.0028621448954314144,0.015609546742026716,0.0010046913591118534,-0.007729168373950499,0.009314496851029069,-0.01173773403987502,-0.02931909972752141,0.0019897337133799806,30.0,236.0
YAW90_LEFT,Bus B to Bus A,Bus B,Bus A,A+G,RAW,INDUCTIVE_FIXED_TEST,1,False,0,96,98280,236,0,0.0,0.0,0.7277879527879528,0.5721050699985537,0.5362234713365714,0.008441612182405031,0.9973559558500883,0.3825126431653991,0.3251107276749049,0.41109026474880134,0.5958303958102528,0.48651315789473687,19858,0.6194962196256014,0.6894038245219347,0.6525831594190553,22225,0.19767441860465115,0.004312896405919662,0.008441612182405031,11825,0.9958433504841935,0.9988731632561074,0.9973559558500883,44372,0.5362234713365713,0.5201105382155407,0.5509780909781233,0.008441612182405031,0.0035479344020000786,0.014507351370329663,0.0,0.0,0.0,0.0,0.0,0.0,,
YAW90_LEFT,Bus B to Bus A,Bus B,Bus A,A+G,ZSCORE,INDUCTIVE_FIXED_TEST,1,True,1,96,98280,236,15,0.25,1.8072222222222223,0.2806166056166056,0.27402096675949844,0.23319722742563131,0.0,0.3007438894792774,0.21068167340774932,0.1399183364553788,0.17171748942393886,0.5498539631382818,0.2617053148780634,19858,0.40360934182590236,0.34213723284589426,0.37033970534518446,22225,0.0,0.0,0.0,11825,0.5712843805198082,0.20409267105381773,0.3007438894792774,44372,0.23319722742563131,0.2097437805845282,0.2565551346623271,0.0,0.0,0.0,-0.30302624391094,-0.32899214506742813,-0.2765370738549902,-0.008441612182405031,-0.014468349785534459,-0.003617170369934791,,
YAW90_LEFT,Bus B to Bus A,Bus B,Bus A,A+G,QUANTILE,INDUCTIVE_FIXED_TEST,1,True,1,96,98280,236,15,0.25,1.8072222222222223,0.6270350020350021,0.4592501452404246,0.42292001128689627,0.0,0.9004627510806,0.26373909802232837,0.2537520067721378,0.3977571595558153,0.5483432369825763,0.46106618114070375,19858,0.3815114152557371,0.29097862767154103,0.3301511129262814,22225,0.0,0.0,0.0,11825,0.8205104442755732,0.9976787163075813,0.9004627510806,44372,0.42292001128689627,0.40466566660652686,0.43891545158645606,0.0,0.0,0.0,-0.11330346004967506,-0.13081633579665816,-0.09603561290051936,-0.008441612182405031,-0.014423572801917351,-0.0034862650345149704,,
YAW90_LEFT,Bus B to Bus A,Bus B,Bus A,A+G,CORAL,INDUCTIVE_FIXED_TEST,1,True,1,96,98280,236,15,0.25,1.8072222222222223,0.29584859584859585,0.30011026797800167,0.1919281978948726,0.0,0.3462252245564546,0.14049585567434522,0.11515691873692355,0.2205225443208785,0.9546278577903112,0.35828088677212677,19858,0.28209700427960055,0.03559055118110236,0.06320668025090895,22225,0.0,0.0,0.0,11825,0.9806560134566863,0.21022266294059316,0.3462252245564546,44372,0.1919281978948726,0.177494298703169,0.20603407852021693,0.0,0.0,0.0,-0.34429527344169875,-0.36586401203917696,-0.3212949219161856,-0.008441612182405031,-0.014041745608071527,-0.0034952600475654625,,
YAW90_LEFT,Bus B to Bus A,Bus B,Bus A,A+G,CAUSAL,INDUCTIVE_FIXED_TEST,1,False,0,96,98280,236,0,0.0,0.0,0.7253764753764754,0.5698264536185311,0.5347442078002538,0.010734043431591116,0.9977029613782231,0.3804246232742641,0.3251401420527887,0.4070790424878947,0.6011682948937456,0.4854424202992843,19858,0.6184069335534461,0.6741957255343082,0.6450974060919169,22225,0.22727272727272727,0.0054968287526427064,0.010734043431591116,11825,0.9969620594986273,0.9984449652934283,0.9977029613782231,44372,0.5347442078002538,0.5202996459606668,0.549129852483545,0.010734043431591116,0.004771940949096458,0.018573988294464314,-0.0014792635363175544,-0.008018722736133122,0.004281218282132601,0.0022924312491860842,-0.0031028508200431648,0.007758096508651293,30.0,236.0
YAW90_LEFT,Bus B to Bus A,Bus B,Bus A,A+G,RAW,INDUCTIVE_FIXED_TEST,3,False,0,96,98280,236,0,0.0,0.0,0.7277879527879528,0.5721050699985537,0.5362234713365714,0.008441612182405031,0.9973559558500883,0.3825126431653991,0.3251107276749049,0.41109026474880134,0.5958303958102528,0.48651315789473687,19858,0.6194962196256014,0.6894038245219347,0.6525831594190553,22225,0.19767441860465115,0.004312896405919662,0.008441612182405031,11825,0.9958433504841935,0.9988731632561074,0.9973559558500883,44372,0.5362234713365713,0.5201105382155407,0.5509780909781233,0.008441612182405031,0.0035479344020000786,0.014507351370329663,0.0,0.0,0.0,0.0,0.0,0.0,,
YAW90_LEFT,Bus B to Bus A,Bus B,Bus A,A+G,ZSCORE,INDUCTIVE_FIXED_TEST,3,True,3,96,98280,236,244,4.066666666666666,8.927528333333333,0.7116198616198616,0.5547326933445282,0.5187295689855003,0.0,0.9588007695134341,0.37203916880952237,0.31123774139130017,0.4295258984309094,0.6410011078658475,0.514375770310953,19858,0.627202186325704,0.5782677165354331,0.6017417361176141,22225,0.0,0.0,0.0,11825,0.9211488142210408,0.9996619489768322,0.9588007695134341,44372,0.5187295689855003,0.5023598627027619,0.5349664412071827,0.0,0.0,0.0,-0.017493902351071067,-0.028934443607348544,-0.005308672760227437,-0.008441612182405031,-0.014151519275360203,-0.0035674347789232106,,
YAW90_LEFT,Bus B to Bus A,Bus B,Bus A,A+G,QUANTILE,INDUCTIVE_FIXED_TEST,3,True,3,96,98280,236,244,4.066666666666666,8.927528333333333,0.6962047212047212,0.5352936702887185,0.5006775257493268,0.0005019240421616195,0.9562902200040961,0.34880662766440357,0.3006072850664607,0.4645712827492344,0.5500553932923758,0.5037122434862809,19858,0.5007240853658537,0.5911811023622047,0.5422057154647684,22225,0.023255813953488372,0.0002536997885835095,0.0005019240421616195,11825,0.9165065393913098,0.9996844857117101,0.9562902200040961,44372,0.5006775257493268,0.48414109632743807,0.5157195563788953,0.0005019240421616195,0.0,0.0013330483449950166,-0.035545945587244554,-0.048225692946827346,-0.021969402140243555,-0.007939688140243413,-0.014086768078743341,-0.0028566540384580264,,
YAW90_LEFT,Bus B to Bus A,Bus B,Bus A,A+G,CORAL,INDUCTIVE_FIXED_TEST,3,True,3,96,98280,236,244,4.066666666666666,8.927528333333333,0.5530626780626781,0.44348689702592,0.34829199928696686,0.0,0.8563729386052057,0.17893168618088728,0.2089751995721801,0.3143302948180997,0.9637425722630678,0.4740472858328276,19858,0.5964343598055105,0.03311586051743532,0.06274777270983418,22225,0.0,0.0,0.0,11825,0.9536729726739683,0.7770891553231768,0.8563729386052057,44372,0.34829199928696686,0.33336337321687376,0.36424157010596203,0.0,0.0,0.0,-0.18793147204960448,-0.20984687635835456,-0.16602736897826442,-0.008441612182405031,-0.014274668780502334,-0.0034982304688463274,,
YAW90_LEFT,Bus B to Bus A,Bus B,Bus A,A+G,CAUSAL,INDUCTIVE_FIXED_TEST,3,False,0,96,98280,236,0,0.0,0.0,0.7253764753764754,0.5698264536185311,0.5347442078002538,0.010734043431591116,0.9977029613782231,0.3804246232742641,0.3251401420527887,0.4070790424878947,0.6011682948937456,0.4854424202992843,19858,0.6184069335534461,0.6741957255343082,0.6450974060919169,22225,0.22727272727272727,0.0054968287526427064,0.010734043431591116,11825,0.9969620594986273,0.9984449652934283,0.9977029613782231,44372,0.5347442078002538,0.5202996459606668,0.549129852483545,0.010734043431591116,0.004771940949096458,0.018573988294464314,-0.0014792635363175544,-0.008018722736133122,0.004281218282132601,0.0022924312491860842,-0.0031028508200431648,0.007758096508651293,30.0,236.0
YAW90_LEFT,Bus B to Bus A,Bus B,Bus A,A+G,RAW,INDUCTIVE_FIXED_TEST,7,False,0,96,98280,236,0,0.0,0.0,0.7277879527879528,0.5721050699985537,0.5362234713365714,0.008441612182405031,0.9973559558500883,0.3825126431653991,0.3251107276749049,0.41109026474880134,0.5958303958102528,0.48651315789473687,19858,0.6194962196256014,0.6894038245219347,0.6525831594190553,22225,0.19767441860465115,0.004312896405919662,0.008441612182405031,11825,0.9958433504841935,0.9988731632561074,0.9973559558500883,44372,0.5362234713365713,0.5201105382155407,0.5509780909781233,0.008441612182405031,0.0035479344020000786,0.014507351370329663,0.0,0.0,0.0,0.0,0.0,0.0,,
YAW90_LEFT,Bus B to Bus A,Bus B,Bus A,A+G,ZSCORE,INDUCTIVE_FIXED_TEST,7,True,7,96,98280,236,324,5.4,53.62360916666666,0.7068681318681319,0.5480299539815782,0.5124599295461827,0.0,0.95278804020964,0.3656838926583636,0.3074759577277096,0.44280611081553545,0.5867660388760197,0.5047214762193537,19858,0.5795660036166366,0.6056692913385827,0.5923302017557369,22225,0.0,0.0,0.0,11825,0.9100943783340172,0.9996844857117101,0.95278804020964,44372,0.5124599295461827,0.4958188362981469,0.5284762953378831,0.0,0.0,0.0,-0.023763541790388643,-0.03474045086350959,-0.013361001700831434,-0.008441612182405031,-0.014340419585686636,-0.0037857900930956786,,
YAW90_LEFT,Bus B to Bus A,Bus B,Bus A,A+G,QUANTILE,INDUCTIVE_FIXED_TEST,7,True,7,96,98280,236,324,5.4,53.62360916666666,0.7073667073667074,0.5498062290154578,0.5171108420860624,0.0186407126360937,0.9537561688905136,0.371562399817912,0.31772279030607486,0.4536158345276368,0.5897371336489072,0.5127969348659004,19858,0.5670874240299205,0.6003599550056243,0.5832495519517419,22225,0.3779264214046823,0.009556025369978858,0.0186407126360937,11825,0.9119564099928036,0.9995718020373209,0.9537561688905136,44372,0.5171108420860624,0.502613162761768,0.5313937688585687,0.0186407126360937,0.004602456714788285,0.038962323844551575,-0.01911262925050894,-0.030201788875532102,-0.00819823074851417,0.010199100453688667,-0.0050116235308762455,0.030401640718242258,,
YAW90_LEFT,Bus B to Bus A,Bus B,Bus A,A+G,CORAL,INDUCTIVE_FIXED_TEST,7,True,7,96,98280,236,324,5.4,53.62360916666666,0.6165852665852666,0.45215637926989327,0.3900835403431868,0.0001682935038707506,0.8892377358490566,0.22369880850789683,0.2341174416074604,0.38811365164761263,0.6975022660892336,0.4987217801461851,19858,0.3402390438247012,0.1152755905511811,0.17220635187363467,22225,0.01694915254237288,8.456659619450317e-05,0.0001682935038707506,11825,0.8033016380924677,0.995763093842964,0.8892377358490566,44372,0.3900835403431868,0.3745596283043904,0.4039933120545271,0.00016829350387075057,0.0,0.000544480686024419,-0.14613993099338451,-0.1651918217800006,-0.1281444263690598,-0.00827331867853428,-0.014310326143812321,-0.003409924665357489,,
YAW90_LEFT,Bus B to Bus A,Bus B,Bus A,A+G,CAUSAL,INDUCTIVE_FIXED_TEST,7,False,0,96,98280,236,0,0.0,0.0,0.7253764753764754,0.5698264536185311,0.5347442078002538,0.010734043431591116,0.9977029613782231,0.3804246232742641,0.3251401420527887,0.4070790424878947,0.6011682948937456,0.4854424202992843,19858,0.6184069335534461,0.6741957255343082,0.6450974060919169,22225,0.22727272727272727,0.0054968287526427064,0.010734043431591116,11825,0.9969620594986273,0.9984449652934283,0.9977029613782231,44372,0.5347442078002538,0.5202996459606668,0.549129852483545,0.010734043431591116,0.004771940949096458,0.018573988294464314,-0.0014792635363175544,-0.008018722736133122,0.004281218282132601,0.0022924312491860842,-0.0031028508200431648,0.007758096508651293,30.0,236.0
YAW90_LEFT,Bus B to Bus A,Bus B,Bus A,A+G,RAW,INDUCTIVE_FIXED_TEST,14,False,0,96,98280,236,0,0.0,0.0,0.7277879527879528,0.5721050699985537,0.5362234713365714,0.008441612182405031,0.9973559558500883,0.3825126431653991,0.3251107276749049,0.41109026474880134,0.5958303958102528,0.48651315789473687,19858,0.6194962196256014,0.6894038245219347,0.6525831594190553,22225,0.19767441860465115,0.004312896405919662,0.008441612182405031,11825,0.9958433504841935,0.9988731632561074,0.9973559558500883,44372,0.5362234713365713,0.5201105382155407,0.5509780909781233,0.008441612182405031,0.0035479344020000786,0.014507351370329663,0.0,0.0,0.0,0.0,0.0,0.0,,
YAW90_LEFT,Bus B to Bus A,Bus B,Bus A,A+G,ZSCORE,INDUCTIVE_FIXED_TEST,14,True,14,96,98280,236,1288,21.466666666666665,166.9603975,0.6563899063899064,0.476988090819085,0.38339160999066635,0.0,0.9733943846010256,0.18672401845387995,0.2300349659943998,0.3877005347593583,0.007301843085909961,0.014333728746540134,19858,0.39137227332200675,0.9017322834645669,0.5458383266150997,22225,0.0,0.0,0.0,11825,0.9491423799224823,0.9989182367258631,0.9733943846010256,44372,0.38339160999066635,0.37412281719147766,0.3927016037906165,0.0,0.0,0.0,-0.15283186134590498,-0.16943346401144857,-0.13617863677067793,-0.008441612182405031,-0.014256051243940963,-0.0033607320694347322,,
YAW90_LEFT,Bus B to Bus A,Bus B,Bus A,A+G,QUANTILE,INDUCTIVE_FIXED_TEST,14,True,14,96,98280,236,1288,21.466666666666665,166.9603975,0.6821937321937321,0.5221328768904996,0.48646317632497366,0.0,0.9379413879139002,0.3359704391286648,0.2918779057949842,0.40972805374329824,0.6388357337093363,0.4992522628886265,19858,0.584922213124342,0.44998875140607425,0.5086590544973679,22225,0.0,0.0,0.0,11825,0.8833638680898518,0.9997070224465879,0.9379413879139002,44372,0.4864631763249737,0.47149612927372214,0.5020756809023298,0.0,0.0,0.0,-0.04976029501159762,-0.059761855346671125,-0.03937895773807482,-0.008441612182405031,-0.014288447374009446,-0.0034045278497770214,,
YAW90_LEFT,Bus B to Bus A,Bus B,Bus A,A+G,CORAL,INDUCTIVE_FIXED_TEST,14,True,14,96,98280,236,1288,21.466666666666665,166.9603975,0.701017501017501,0.5417464781345883,0.507097493622384,0.11933568798376794,0.991421665073922,0.34565610313853795,0.3519927713669375,0.46403779406093326,0.2423708329136872,0.31842540522659607,19858,0.4587006905120302,0.8638020247469066,0.5992072162052499,22225,0.5357624831309041,0.06714587737843551,0.11933568798376794,11825,0.9891862786888924,0.9936671774993239,0.991421665073922,44372,0.507097493622384,0.4822391619276244,0.5302645134061232,0.11933568798376792,0.07220252133130078,0.17021296400257593,-0.029125977714187345,-0.05361655594197908,-0.0053900159604911985,0.11089407580136289,0.062331080984397845,0.16305191956861778,,
YAW90_LEFT,Bus B to Bus A,Bus B,Bus A,A+G,CAUSAL,INDUCTIVE_FIXED_TEST,14,False,0,96,98280,236,0,0.0,0.0,0.7253764753764754,0.5698264536185311,0.5347442078002538,0.010734043431591116,0.9977029613782231,0.3804246232742641,0.3251401420527887,0.4070790424878947,0.6011682948937456,0.4854424202992843,19858,0.6184069335534461,0.6741957255343082,0.6450974060919169,22225,0.22727272727272727,0.0054968287526427064,0.010734043431591116,11825,0.9969620594986273,0.9984449652934283,0.9977029613782231,44372,0.5347442078002538,0.5202996459606668,0.549129852483545,0.010734043431591116,0.004771940949096458,0.018573988294464314,-0.0014792635363175544,-0.008018722736133122,0.004281218282132601,0.0022924312491860842,-0.0031028508200431648,0.007758096508651293,30.0,236.0
YAW90_LEFT,Bus B to Bus A,Bus B,Bus A,A+G,RAW,INDUCTIVE_FIXED_TEST,18,False,0,96,98280,236,0,0.0,0.0,0.7277879527879528,0.5721050699985537,0.5362234713365714,0.008441612182405031,0.9973559558500883,0.3825126431653991,0.3251107276749049,0.41109026474880134,0.5958303958102528,0.48651315789473687,19858,0.6194962196256014,0.6894038245219347,0.6525831594190553,22225,0.19767441860465115,0.004312896405919662,0.008441612182405031,11825,0.9958433504841935,0.9988731632561074,0.9973559558500883,44372,0.5362234713365713,0.5201105382155407,0.5509780909781233,0.008441612182405031,0.0035479344020000786,0.014507351370329663,0.0,0.0,0.0,0.0,0.0,0.0,,
YAW90_LEFT,Bus B to Bus A,Bus B,Bus A,A+G,ZSCORE,INDUCTIVE_FIXED_TEST,18,True,18,96,98280,236,1599,26.65,226.04062027777778,0.6783170533170533,0.5018753582742577,0.40894633501599786,0.0011819333051920641,0.9943818334735072,0.2138011688634948,0.24584057433167553,0.8108108108108109,0.031725249269815695,0.06106130361037073,19858,0.41175018982536066,0.9759730033745782,0.5791602696749215,22225,0.35,0.0005919661733615222,0.0011819333051920641,11825,0.9895989107872241,0.9992112142792752,0.9943818334735072,44372,0.40894633501599786,0.3938729941859825,0.4250223860774549,0.0011819333051920641,0.0,0.0031283743028161217,-0.12727713632057347,-0.1449748954113617,-0.10786913549817984,-0.0072596788772129675,-0.013097747789923663,-0.00192901200287769,,
YAW90_LEFT,Bus B to Bus A,Bus B,Bus A,A+G,QUANTILE,INDUCTIVE_FIXED_TEST,18,True,18,96,98280,236,1599,26.65,226.04062027777778,0.6891229141229142,0.5297618336983677,0.49439718447895226,0.00016903313049357674,0.9481096792118142,0.3431596862346649,0.2967059239395688,0.4078007337323808,0.638130728170007,0.49760464933637005,19858,0.5943076324420479,0.48103487064116984,0.5317053762371313,22225,0.14285714285714285,8.456659619450317e-05,0.00016903313049357674,11825,0.9015037593984963,0.9997971693860993,0.9481096792118142,44372,0.4943971844789523,0.4787446596455118,0.5097313873788518,0.00016903313049357674,0.0,0.0005638290063705104,-0.04182628685761902,-0.05195459595524531,-0.03195045274177756,-0.008272579051911455,-0.014243815873978483,-0.0034987075819455527,,
YAW90_LEFT,Bus B to Bus A,Bus B,Bus A,A+G,CORAL,INDUCTIVE_FIXED_TEST,18,True,18,96,98280,236,1599,26.65,226.04062027777778,0.7074481074481075,0.5501916266201301,0.5191224745480516,0.09844366669148857,0.9929981478971857,0.3611639167650069,0.3508509514054264,0.4809805579036348,0.31518783361869274,0.3808220011560342,19858,0.4721553929141236,0.8388751406074241,0.6042260824474981,22225,0.41209476309226933,0.0558985200845666,0.09844366669148857,11825,0.9952010141253169,0.9908050121698369,0.9929981478971857,44372,0.5191224745480516,0.4985966642487236,0.5379193122118577,0.09844366669148857,0.05803935267183584,0.14315270414869344,-0.01710099678851973,-0.03910577032428037,0.004049477681979045,0.09000205450908354,0.048673122954657415,0.13645310560559448,,
YAW90_LEFT,Bus B to Bus A,Bus B,Bus A,A+G,CAUSAL,INDUCTIVE_FIXED_TEST,18,False,0,96,98280,236,0,0.0,0.0,0.7253764753764754,0.5698264536185311,0.5347442078002538,0.010734043431591116,0.9977029613782231,0.3804246232742641,0.3251401420527887,0.4070790424878947,0.6011682948937456,0.4854424202992843,19858,0.6184069335534461,0.6741957255343082,0.6450974060919169,22225,0.22727272727272727,0.0054968287526427064,0.010734043431591116,11825,0.9969620594986273,0.9984449652934283,0.9977029613782231,44372,0.5347442078002538,0.5202996459606668,0.549129852483545,0.010734043431591116,0.004771940949096458,0.018573988294464314,-0.0014792635363175544,-0.008018722736133122,0.004281218282132601,0.0022924312491860842,-0.0031028508200431648,0.007758096508651293,30.0,236.0
YAW90_LEFT,Bus B to Bus A,Bus B,Bus A,M+G,RAW,INDUCTIVE_FIXED_TEST,1,False,0,83,98280,236,0,0.0,0.0,0.6885429385429386,0.5245884612342759,0.4915704156094597,0.015350334241148799,0.9952701412216742,0.3236705070720548,0.3010823830621353,0.40150491993054216,0.4191761506697553,0.41015028332101505,19858,0.45859774977773693,0.6730708661417323,0.5455109036540005,22225,0.3184931506849315,0.007864693446088795,0.015350334241148799,11825,0.9923157918318883,0.9982421346795276,0.9952701412216742,44372,0.49157041560945963,0.47451109646768125,0.5086343125390075,0.015350334241148797,0.0003315607141382079,0.03459444190559776,0.0,0.0,0.0,0.0,0.0,0.0,,
YAW90_LEFT,Bus B to Bus A,Bus B,Bus A,M+G,ZSCORE,INDUCTIVE_FIXED_TEST,1,True,1,83,98280,236,15,0.25,1.8072222222222223,0.24974562474562476,0.26090273739600967,0.1763539972464029,0.0,0.2175878664138836,0.162609374190576,0.10581239834784174,0.30063954425753747,0.8451002115016618,0.44350480318186025,19858,0.04177784858019037,0.04719910011248594,0.04432331938986775,22225,0.0,0.0,0.0,11825,0.38717490340810795,0.15131163796989092,0.2175878664138836,44372,0.17635399724640288,0.1613171428273107,0.19016620910132548,0.0,0.0,0.0,-0.31521641836305675,-0.3372612608816675,-0.2926755905064564,-0.015350334241148797,-0.03311257575269254,-0.0003353371264361471,,
YAW90_LEFT,Bus B to Bus A,Bus B,Bus A,M+G,QUANTILE,INDUCTIVE_FIXED_TEST,1,True,1,83,98280,236,15,0.25,1.8072222222222223,0.6233211233211233,0.4623752975581191,0.3668460246804726,0.0,0.8690815996233411,0.19943416636618314,0.22010761480828356,0.41389743331148204,0.8266693524020546,0.5516129032258065,19858,0.5246376811594203,0.024431946006749156,0.046689595872742906,22225,0.0,0.0,0.0,11825,0.7694218177397225,0.9983998918236726,0.8690815996233411,44372,0.3668460246804726,0.3535314492288723,0.3789780276215345,0.0,0.0,0.0,-0.12472439092898702,-0.14462062095870462,-0.1027059469183878,-0.015350334241148797,-0.031851037206282413,-0.000326148046884501,,
YAW90_LEFT,Bus B to Bus A,Bus B,Bus A,M+G,CORAL,INDUCTIVE_FIXED_TEST,1,True,1,83,98280,236,15,0.25,1.8072222222222223,0.17190679690679692,0.17788148593567912,0.14579805294499676,0.00033772374197906115,0.125,0.15273073725999567,0.08761392126378968,0.13139175336247735,0.4343841273038574,0.20175654024722545,19858,0.43399268974414107,0.18164229471316085,0.2560979477907825,22225,0.10526315789473684,0.00016913319238900633,0.00033772374197906115,11825,0.18148275270293462,0.09533038853330929,0.125,44372,0.14579805294499676,0.13175528875803813,0.16014850053416343,0.0003377237419790611,0.0,0.0011238434971329097,-0.3457723626644629,-0.3683915312037566,-0.3233909367951079,-0.015012610499169736,-0.033840726202049344,4.0511959264792935e-07,,
YAW90_LEFT,Bus B to Bus A,Bus B,Bus A,M+G,CAUSAL,INDUCTIVE_FIXED_TEST,1,False,0,83,98280,236,0,0.0,0.0,0.7108770858770859,0.5578147655477564,0.5375357497404122,0.09709430998786321,0.9955668571942932,0.3848587139224519,0.3613591738393926,0.4910147735529184,0.5104743680128915,0.5005555144063403,19858,0.4784322595237326,0.6662317210348706,0.5569263173731523,22225,0.31164069660861593,0.05750528541226216,0.09709430998786321,11825,0.994090418838756,0.9970476877310015,0.9955668571942932,44372,0.5375357497404122,0.5205667447225193,0.553507419921833,0.0970943099878632,0.05891772377380773,0.13864516091171566,0.04596533413095255,0.027848438814789617,0.06478663191007773,0.0817439757467144,0.04548388376120396,0.12307987668405256,30.0,236.0
YAW90_LEFT,Bus B to Bus A,Bus B,Bus A,M+G,RAW,INDUCTIVE_FIXED_TEST,3,False,0,83,98280,236,0,0.0,0.0,0.6885429385429386,0.5245884612342759,0.4915704156094597,0.015350334241148799,0.9952701412216742,0.3236705070720548,0.3010823830621353,0.40150491993054216,0.4191761506697553,0.41015028332101505,19858,0.45859774977773693,0.6730708661417323,0.5455109036540005,22225,0.3184931506849315,0.007864693446088795,0.015350334241148799,11825,0.9923157918318883,0.9982421346795276,0.9952701412216742,44372,0.49157041560945963,0.47451109646768125,0.5086343125390075,0.015350334241148797,0.0003315607141382079,0.03459444190559776,0.0,0.0,0.0,0.0,0.0,0.0,,
YAW90_LEFT,Bus B to Bus A,Bus B,Bus A,M+G,ZSCORE,INDUCTIVE_FIXED_TEST,3,True,3,83,98280,236,244,4.066666666666666,8.927528333333333,0.6359279609279609,0.48070501854233505,0.4145525760070706,0.0,0.9007565458338089,0.25248458606482443,0.24873154560424232,0.41123258638959964,0.8012387954476785,0.5435105638012605,19858,0.4199578725645076,0.1435320584926884,0.21394319439321283,22225,0.0,0.0,0.0,11825,0.8347856194817935,0.9780492202289732,0.9007565458338089,44372,0.41455257600707063,0.4001891956858997,0.42805482871945855,0.0,0.0,0.0,-0.077017839602389,-0.09908364657193257,-0.05606439952947461,-0.015350334241148797,-0.03413681188815361,-0.00033633104366821053,,
YAW90_LEFT,Bus B to Bus A,Bus B,Bus A,M+G,QUANTILE,INDUCTIVE_FIXED_TEST,3,True,3,83,98280,236,244,4.066666666666666,8.927528333333333,0.6294464794464795,0.46819742727664226,0.3873770991347887,0.0,0.8736506185485777,0.22528592599685895,0.2324262594808732,0.41781757076090953,0.8013395105247255,0.5492544525748999,19858,0.5268533772652388,0.07194600674915635,0.12660332541567695,22225,0.0,0.0,0.0,11825,0.7759465322975716,0.9995041918326872,0.8736506185485777,44372,0.3873770991347886,0.37222388842387694,0.4015053510786869,0.0,0.0,0.0,-0.104193316474671,-0.12697149435662414,-0.08159600518402807,-0.015350334241148797,-0.03366800500977539,-0.00034316060692140713,,
YAW90_LEFT,Bus B to Bus A,Bus B,Bus A,M+G,CORAL,INDUCTIVE_FIXED_TEST,3,True,3,83,98280,236,244,4.066666666666666,8.927528333333333,0.2661172161172161,0.2941035994887724,0.21336951935669574,0.0,0.152238559392037,0.23374650601158198,0.12802171161401743,0.19089858745480973,0.7737939369523618,0.30624507977000726,19858,0.5170731707317073,0.3195500562429696,0.3949944382647386,22225,0.0,0.0,0.0,11825,0.9096742349457059,0.08307040475975841,0.152238559392037,44372,0.21336951935669574,0.18467641400765925,0.24071943615489996,0.0,0.0,0.0,-0.2782008962527639,-0.31073053613214846,-0.24435095690226719,-0.015350334241148797,-0.034494861765559284,-0.00033672018548197173,,
YAW90_LEFT,Bus B to Bus A,Bus B,Bus A,M+G,CAUSAL,INDUCTIVE_FIXED_TEST,3,False,0,83,98280,236,0,0.0,0.0,0.7108770858770859,0.5578147655477564,0.5375357497404122,0.09709430998786321,0.9955668571942932,0.3848587139224519,0.3613591738393926,0.4910147735529184,0.5104743680128915,0.5005555144063403,19858,0.4784322595237326,0.6662317210348706,0.5569263173731523,22225,0.31164069660861593,0.05750528541226216,0.09709430998786321,11825,0.994090418838756,0.9970476877310015,0.9955668571942932,44372,0.5375357497404122,0.5205667447225193,0.553507419921833,0.0970943099878632,0.05891772377380773,0.13864516091171566,0.04596533413095255,0.027848438814789617,0.06478663191007773,0.0817439757467144,0.04548388376120396,0.12307987668405256,30.0,236.0
YAW90_LEFT,Bus B to Bus A,Bus B,Bus A,M+G,RAW,INDUCTIVE_FIXED_TEST,7,False,0,83,98280,236,0,0.0,0.0,0.6885429385429386,0.5245884612342759,0.4915704156094597,0.015350334241148799,0.9952701412216742,0.3236705070720548,0.3010823830621353,0.40150491993054216,0.4191761506697553,0.41015028332101505,19858,0.45859774977773693,0.6730708661417323,0.5455109036540005,22225,0.3184931506849315,0.007864693446088795,0.015350334241148799,11825,0.9923157918318883,0.9982421346795276,0.9952701412216742,44372,0.49157041560945963,0.47451109646768125,0.5086343125390075,0.015350334241148797,0.0003315607141382079,0.03459444190559776,0.0,0.0,0.0,0.0,0.0,0.0,,
YAW90_LEFT,Bus B to Bus A,Bus B,Bus A,M+G,ZSCORE,INDUCTIVE_FIXED_TEST,7,True,7,83,98280,236,324,5.4,53.62360916666666,0.591035816035816,0.44108598613436467,0.41122456855403833,0.0,0.8368206946907271,0.26935919317514206,0.246734741132423,0.3671436748712078,0.48448987813475675,0.4177322362850878,19858,0.40601759587809266,0.37583802024746904,0.3903453432403383,22225,0.0,0.0,0.0,11825,0.7789234533379937,0.904016046155233,0.8368206946907271,44372,0.4112245685540383,0.39098473291529934,0.43054378340735217,0.0,0.0,0.0,-0.08034584705542136,-0.09916878751214092,-0.061099153304050594,-0.015350334241148797,-0.03352224710712359,-0.00031704915645402136,,
YAW90_LEFT,Bus B to Bus A,Bus B,Bus A,M+G,QUANTILE,INDUCTIVE_FIXED_TEST,7,True,7,83,98280,236,324,5.4,53.62360916666666,0.6064713064713064,0.4312178595657665,0.40175793076115707,0.0,0.8703776399466122,0.24555136103267197,0.24105475845669422,0.3665082895268904,0.3651425118340216,0.36582412592704705,19858,0.3819265617548879,0.3603599550056243,0.37082995717096884,22225,0.0,0.0,0.0,11825,0.7708782421250261,0.9993689714234202,0.8703776399466122,44372,0.40175793076115707,0.38444579360508985,0.41953290063478615,0.0,0.0,0.0,-0.08981248484830257,-0.10882961815744199,-0.070791330896814,-0.015350334241148797,-0.03398283584813136,-0.00033463353683388283,,
YAW90_LEFT,Bus B to Bus A,Bus B,Bus A,M+G,CORAL,INDUCTIVE_FIXED_TEST,7,True,7,83,98280,236,324,5.4,53.62360916666666,0.5898555148555149,0.4237177381234024,0.39162638800461025,0.0008451656524678837,0.8666763594068043,0.23327639753721227,0.23531389906375327,0.24727891156462586,0.21965958303958102,0.23265240812843352,19858,0.41364538710688536,0.5343982002249719,0.46633161883073543,22225,0.7142857142857143,0.00042283298097251583,0.0008451656524678837,11825,0.8036787365177196,0.9403903362480843,0.8666763594068043,44372,0.39162638800461025,0.37350219242957877,0.40980225018015337,0.0008451656524678836,0.0,0.0021230285805418263,-0.09994402760484938,-0.1238850565882516,-0.07631747458572898,-0.014505168588680914,-0.03405647465098281,0.0006357810980334346,,
YAW90_LEFT,Bus B to Bus A,Bus B,Bus A,M+G,CAUSAL,INDUCTIVE_FIXED_TEST,7,False,0,83,98280,236,0,0.0,0.0,0.7108770858770859,0.5578147655477564,0.5375357497404122,0.09709430998786321,0.9955668571942932,0.3848587139224519,0.3613591738393926,0.4910147735529184,0.5104743680128915,0.5005555144063403,19858,0.4784322595237326,0.6662317210348706,0.5569263173731523,22225,0.31164069660861593,0.05750528541226216,0.09709430998786321,11825,0.994090418838756,0.9970476877310015,0.9955668571942932,44372,0.5375357497404122,0.5205667447225193,0.553507419921833,0.0970943099878632,0.05891772377380773,0.13864516091171566,0.04596533413095255,0.027848438814789617,0.06478663191007773,0.0817439757467144,0.04548388376120396,0.12307987668405256,30.0,236.0
YAW90_LEFT,Bus B to Bus A,Bus B,Bus A,M+G,RAW,INDUCTIVE_FIXED_TEST,14,False,0,83,98280,236,0,0.0,0.0,0.6885429385429386,0.5245884612342759,0.4915704156094597,0.015350334241148799,0.9952701412216742,0.3236705070720548,0.3010823830621353,0.40150491993054216,0.4191761506697553,0.41015028332101505,19858,0.45859774977773693,0.6730708661417323,0.5455109036540005,22225,0.3184931506849315,0.007864693446088795,0.015350334241148799,11825,0.9923157918318883,0.9982421346795276,0.9952701412216742,44372,0.49157041560945963,0.47451109646768125,0.5086343125390075,0.015350334241148797,0.0003315607141382079,0.03459444190559776,0.0,0.0,0.0,0.0,0.0,0.0,,
YAW90_LEFT,Bus B to Bus A,Bus B,Bus A,M+G,ZSCORE,INDUCTIVE_FIXED_TEST,14,True,14,83,98280,236,1288,21.466666666666665,166.9603975,0.3964794464794465,0.3257085294353897,0.2992814526041033,0.0001691045911896508,0.590472172044145,0.20221787945742278,0.17963651339893785,0.22716491489163798,0.4919427938362373,0.3108078012153606,19858,0.28586431421970177,0.30618672665916763,0.295676732565718,22225,0.5,8.456659619450317e-05,0.0001691045911896508,11825,0.7115256283961995,0.5046200306499594,0.590472172044145,44372,0.2992814526041033,0.28026151523933923,0.31733560620109774,0.00016910459118965078,0.0,0.0005553100459336833,-0.1922889630053563,-0.21563724734398013,-0.16935095824613267,-0.015181229649959146,-0.03465208968895076,-0.00017917422458560255,,
YAW90_LEFT,Bus B to Bus A,Bus B,Bus A,M+G,QUANTILE,INDUCTIVE_FIXED_TEST,14,True,14,83,98280,236,1288,21.466666666666665,166.9603975,0.6194240944240944,0.4497283753467825,0.4205834840296547,0.004047927461139896,0.8709722030147974,0.2704539110346071,0.25396926140224874,0.4083718011921301,0.45885789102628666,0.432145313129876,19858,0.41199267951340296,0.3443869516310461,0.37516849251280543,22225,0.04743833017077799,0.0021141649048625794,0.004047927461139896,11825,0.7753156765502445,0.9935544938249347,0.8709722030147974,44372,0.4205834840296547,0.399369957358726,0.4396029644110635,0.004047927461139896,0.0009550293204388068,0.008847603066555533,-0.07098693157980496,-0.09087102109953828,-0.05180439153790847,-0.011302406780008902,-0.030546054416179556,0.004006667182627079,,
YAW90_LEFT,Bus B to Bus A,Bus B,Bus A,M+G,CORAL,INDUCTIVE_FIXED_TEST,14,True,14,83,98280,236,1288,21.466666666666665,166.9603975,0.6542938542938543,0.49062233961116297,0.4697110725941774,0.0549474136080704,0.9274627275705033,0.31712718760206876,0.3038056089997346,0.44551049963794354,0.3717897069191258,0.40532528136151524,19858,0.4318981117902141,0.5691338582677166,0.4911088678366206,22225,0.17843866171003717,0.032473572938689216,0.0549474136080704,11825,0.8730629214824246,0.9890922203191201,0.9274627275705033,44372,0.4697110725941774,0.45402093553901246,0.48565191642007355,0.05494741360807039,0.03225257105877638,0.08083486062044086,-0.02185934301528225,-0.039838017887093374,-0.004999187595858737,0.0395970793669216,0.012674277406687286,0.06885331241920528,,
YAW90_LEFT,Bus B to Bus A,Bus B,Bus A,M+G,CAUSAL,INDUCTIVE_FIXED_TEST,14,False,0,83,98280,236,0,0.0,0.0,0.7108770858770859,0.5578147655477564,0.5375357497404122,0.09709430998786321,0.9955668571942932,0.3848587139224519,0.3613591738393926,0.4910147735529184,0.5104743680128915,0.5005555144063403,19858,0.4784322595237326,0.6662317210348706,0.5569263173731523,22225,0.31164069660861593,0.05750528541226216,0.09709430998786321,11825,0.994090418838756,0.9970476877310015,0.9955668571942932,44372,0.5375357497404122,0.5205667447225193,0.553507419921833,0.0970943099878632,0.05891772377380773,0.13864516091171566,0.04596533413095255,0.027848438814789617,0.06478663191007773,0.0817439757467144,0.04548388376120396,0.12307987668405256,30.0,236.0
YAW90_LEFT,Bus B to Bus A,Bus B,Bus A,M+G,RAW,INDUCTIVE_FIXED_TEST,18,False,0,83,98280,236,0,0.0,0.0,0.6885429385429386,0.5245884612342759,0.4915704156094597,0.015350334241148799,0.9952701412216742,0.3236705070720548,0.3010823830621353,0.40150491993054216,0.4191761506697553,0.41015028332101505,19858,0.45859774977773693,0.6730708661417323,0.5455109036540005,22225,0.3184931506849315,0.007864693446088795,0.015350334241148799,11825,0.9923157918318883,0.9982421346795276,0.9952701412216742,44372,0.49157041560945963,0.47451109646768125,0.5086343125390075,0.015350334241148797,0.0003315607141382079,0.03459444190559776,0.0,0.0,0.0,0.0,0.0,0.0,,
YAW90_LEFT,Bus B to Bus A,Bus B,Bus A,M+G,ZSCORE,INDUCTIVE_FIXED_TEST,18,True,18,83,98280,236,1599,26.65,226.04062027777778,0.47043142043142044,0.3902862537670626,0.36396968287402964,0.0,0.7271669740388708,0.2429039191524159,0.21838180972441779,0.2413650749965598,0.5299627354214926,0.3316734951150331,19858,0.3530256338422748,0.4535883014623172,0.3970382623422146,22225,0.0,0.0,0.0,11825,0.9812772800367563,0.5775939781844407,0.7271669740388708,44372,0.36396968287402964,0.3441851069176119,0.38389025169214713,0.0,0.0,0.0,-0.12760073273543,-0.15102012055542813,-0.10559615399814863,-0.015350334241148797,-0.034483693073833296,-0.0003354082595356253,,
YAW90_LEFT,Bus B to Bus A,Bus B,Bus A,M+G,QUANTILE,INDUCTIVE_FIXED_TEST,18,True,18,83,98280,236,1599,26.65,226.04062027777778,0.6287647537647537,0.4593415964343243,0.43199686564663753,0.010569490455907871,0.8832932776209899,0.2815647283218535,0.2634259155703456,0.40622352993624894,0.45885789102628666,0.4309394878100688,19858,0.43627887486250067,0.3747581552305962,0.4031852066995837,22225,0.07854630715123095,0.005665961945031712,0.010569490455907871,11825,0.7921831678740721,0.9980843775353827,0.8832932776209899,44372,0.43199686564663753,0.4112010224842106,0.4515939922876208,0.010569490455907871,0.004494647963072121,0.018414771125238167,-0.0595735499628221,-0.07981265539029218,-0.04032339191823019,-0.004780843785240926,-0.025860815676506232,0.011113098390705095,,
YAW90_LEFT,Bus B to Bus A,Bus B,Bus A,M+G,CORAL,INDUCTIVE_FIXED_TEST,18,True,18,83,98280,236,1599,26.65,226.04062027777778,0.6601648351648352,0.5111603239954412,0.479502406870424,0.006813500237680241,0.9512358962097665,0.32225791042397656,0.2904268442173265,0.4129133971120427,0.5803202739450095,0.4825088450185274,19858,0.4418916331610186,0.5192350956130484,0.47745138601572196,22225,0.053952321204516936,0.0036363636363636364,0.006813500237680241,11825,0.9612278239259993,0.9414495627873434,0.9512358962097665,44372,0.479502406870424,0.4616723303600438,0.4950976335725486,0.00681350023768024,0.0021667750992011158,0.012019870015765429,-0.01206800873903563,-0.03201560197219751,0.0077865632128157275,-0.008536834003468557,-0.028165393628253002,0.006975370659894287,,
YAW90_LEFT,Bus B to Bus A,Bus B,Bus A,M+G,CAUSAL,INDUCTIVE_FIXED_TEST,18,False,0,83,98280,236,0,0.0,0.0,0.7108770858770859,0.5578147655477564,0.5375357497404122,0.09709430998786321,0.9955668571942932,0.3848587139224519,0.3613591738393926,0.4910147735529184,0.5104743680128915,0.5005555144063403,19858,0.4784322595237326,0.6662317210348706,0.5569263173731523,22225,0.31164069660861593,0.05750528541226216,0.09709430998786321,11825,0.994090418838756,0.9970476877310015,0.9955668571942932,44372,0.5375357497404122,0.5205667447225193,0.553507419921833,0.0970943099878632,0.05891772377380773,0.13864516091171566,0.04596533413095255,0.027848438814789617,0.06478663191007773,0.0817439757467144,0.04548388376120396,0.12307987668405256,30.0,236.0
YAW90_LEFT,Bus B to Bus A,Bus B,Bus A,A+M+G,RAW,INDUCTIVE_FIXED_TEST,1,False,0,137,98280,236,0,0.0,0.0,0.7232091982091982,0.5664972603757941,0.5304132554671559,0.003155884062785483,0.9976346023879252,0.3746728064935661,0.3195103069054077,0.4016616630594149,0.5794138382515862,0.4744350981362362,19858,0.6104358256697321,0.6869291338582677,0.6464274372816767,22225,0.08796296296296297,0.0016067653276955602,0.003155884062785483,11825,0.9972302287876058,0.998039304065627,0.9976346023879252,44372,0.5304132554671559,0.5148759856172505,0.5448073762339082,0.003155884062785483,0.0001697353402900153,0.007713752950292227,0.0,0.0,0.0,0.0,0.0,0.0,,
YAW90_LEFT,Bus B to Bus A,Bus B,Bus A,A+M+G,ZSCORE,INDUCTIVE_FIXED_TEST,1,True,1,137,98280,236,15,0.25,1.8072222222222223,0.41986161986161985,0.3739830191059783,0.33165305595546213,0.007779390420899855,0.5592934405080877,0.25577292777125366,0.2021035897416372,0.32051807879114946,0.74770873199718,0.4486952842875059,19858,0.3248479497743771,0.29799775028121483,0.31084410860535516,22225,0.012407407407407407,0.005665961945031712,0.007779390420899855,11825,0.7538502694233195,0.4445596322004868,0.5592934405080877,44372,0.33165305595546213,0.31678993379711146,0.34635758316560517,0.0077793904208998555,0.003969593465896807,0.01287647473939663,-0.19876019951169377,-0.21947445299437746,-0.17676737405712997,0.004623506358114373,-0.0015392015660585505,0.010850267439226296,,
YAW90_LEFT,Bus B to Bus A,Bus B,Bus A,A+M+G,QUANTILE,INDUCTIVE_FIXED_TEST,1,True,1,137,98280,236,15,0.25,1.8072222222222223,0.637983312983313,0.47747553362961465,0.46414140408691223,0.0672572997254804,0.8936048178950388,0.3209869328175367,0.3053877623423395,0.4712230215827338,0.44198811562090845,0.4561376156324706,19858,0.43994230855906613,0.4391901012373453,0.4395658830946591,22225,0.12824173209612183,0.045581395348837206,0.0672572997254804,11825,0.8190147191348753,0.9831425223113676,0.8936048178950388,44372,0.46414140408691223,0.44749395412258175,0.4797526375109649,0.0672572997254804,0.03902920665661073,0.0977706563487721,-0.06627185138024366,-0.0847627157902598,-0.0491768188595328,0.06410141566269492,0.035212146120124785,0.09481315481239629,,
YAW90_LEFT,Bus B to Bus A,Bus B,Bus A,A+M+G,CORAL,INDUCTIVE_FIXED_TEST,1,True,1,137,98280,236,15,0.25,1.8072222222222223,0.287026862026862,0.28295983119470336,0.1715868685106568,0.0,0.32412931438388254,0.12073938655291488,0.10295212110639408,0.22686445637515584,0.8979756269513546,0.36221815965874465,19858,0.0,0.0,0.0,22225,0.0,0.0,0.0,11825,0.5278766914233392,0.23386369782745875,0.32412931438388254,44372,0.1715868685106568,0.15895665372144402,0.1837805583578339,0.0,0.0,0.0,-0.3588263869564991,-0.3796926813894175,-0.3386506988663803,-0.003155884062785483,-0.007826161016140358,-0.00016137436119989358,,
YAW90_LEFT,Bus B to Bus A,Bus B,Bus A,A+M+G,CAUSAL,INDUCTIVE_FIXED_TEST,1,False,0,137,98280,236,0,0.0,0.0,0.7195970695970696,0.563734497436351,0.5311037254242589,0.016824395373291272,0.9974753167125017,0.37564652832817796,0.32539199340387187,0.39574699368163596,0.5866653237989727,0.47265498214865304,19858,0.6144789579158316,0.6622272215973003,0.6374602074625896,22225,0.19330855018587362,0.00879492600422833,0.016824395373291272,11825,0.9977002164502164,0.9972505183449022,0.9974753167125017,44372,0.5311037254242589,0.5156757485980378,0.5456867600268884,0.016824395373291272,0.006422801572841718,0.028362743183650216,0.0006904699571029793,-0.0038014836581123394,0.005319062458885734,0.013668511310505789,0.004728877116783913,0.02401087359066454,30.0,236.0
YAW90_LEFT,Bus B to Bus A,Bus B,Bus A,A+M+G,RAW,INDUCTIVE_FIXED_TEST,3,False,0,137,98280,236,0,0.0,0.0,0.7232091982091982,0.5664972603757941,0.5304132554671559,0.003155884062785483,0.9976346023879252,0.3746728064935661,0.3195103069054077,0.4016616630594149,0.5794138382515862,0.4744350981362362,19858,0.6104358256697321,0.6869291338582677,0.6464274372816767,22225,0.08796296296296297,0.0016067653276955602,0.003155884062785483,11825,0.9972302287876058,0.998039304065627,0.9976346023879252,44372,0.5304132554671559,0.5148759856172505,0.5448073762339082,0.003155884062785483,0.0001697353402900153,0.007713752950292227,0.0,0.0,0.0,0.0,0.0,0.0,,
YAW90_LEFT,Bus B to Bus A,Bus B,Bus A,A+M+G,ZSCORE,INDUCTIVE_FIXED_TEST,3,True,3,137,98280,236,244,4.066666666666666,8.927528333333333,0.6601648351648352,0.4936361811832294,0.4441647456821598,0.0001691045911896508,0.9574813661141395,0.2730592055381666,0.2665664892457717,0.4238355014687369,0.20344445563500857,0.27492344334807756,19858,0.41190894790413624,0.801169853768279,0.5440850686752327,22225,0.5,8.456659619450317e-05,0.0001691045911896508,11825,0.9454281822575684,0.9698458487334355,0.9574813661141395,44372,0.44416474568215986,0.42834002986285924,0.4599787426335879,0.00016910459118965078,0.0,0.0005529584567341387,-0.08624850978499604,-0.10546805668707997,-0.06707851846366397,-0.002986779471595832,-0.0076476814265125075,7.157463926462885e-06,,
YAW90_LEFT,Bus B to Bus A,Bus B,Bus A,A+M+G,QUANTILE,INDUCTIVE_FIXED_TEST,3,True,3,137,98280,236,244,4.066666666666666,8.927528333333333,0.7071428571428572,0.5444528308659397,0.5062418267420852,0.00016909029421711193,0.9657704375108942,0.3530656231524822,0.3038127321629379,0.5213390641079968,0.43367912176452816,0.4734859938972428,19858,0.4822645465664861,0.7451068616422947,0.5855417852659865,22225,0.3333333333333333,8.456659619450317e-05,0.00016909029421711193,11825,0.9347321805145509,0.9989407734607411,0.9657704375108942,44372,0.5062418267420852,0.4888037594512916,0.5239512704996465,0.00016909029421711193,0.0,0.0005788315635895115,-0.02417142872507072,-0.0354424664287217,-0.013024691796826023,-0.002986793768568371,-0.007674684443792214,6.170607694967017e-06,,
YAW90_LEFT,Bus B to Bus A,Bus B,Bus A,A+M+G,CORAL,INDUCTIVE_FIXED_TEST,3,True,3,137,98280,236,244,4.066666666666666,8.927528333333333,0.4721306471306471,0.4300856260005338,0.38171285623397216,0.0,0.6056218974288041,0.3070765091690282,0.22902771374038328,0.26882877343990164,0.7046026790210494,0.3891747559313548,19858,0.49755257077965304,0.5716985376827897,0.5320547715757297,22225,0.0,0.0,0.0,11825,0.9520657163566079,0.44404128729829623,0.6056218974288041,44372,0.38171285623397216,0.3630793339304378,0.40062882076661105,0.0,0.0,0.0,-0.14870039923318373,-0.16970597270152893,-0.1256708155534676,-0.003155884062785483,-0.008079414333525608,-0.0001665747211175395,,
YAW90_LEFT,Bus B to Bus A,Bus B,Bus A,A+M+G,CAUSAL,INDUCTIVE_FIXED_TEST,3,False,0,137,98280,236,0,0.0,0.0,0.7195970695970696,0.563734497436351,0.5311037254242589,0.016824395373291272,0.9974753167125017,0.37564652832817796,0.32539199340387187,0.39574699368163596,0.5866653237989727,0.47265498214865304,19858,0.6144789579158316,0.6622272215973003,0.6374602074625896,22225,0.19330855018587362,0.00879492600422833,0.016824395373291272,11825,0.9977002164502164,0.9972505183449022,0.9974753167125017,44372,0.5311037254242589,0.5156757485980378,0.5456867600268884,0.016824395373291272,0.006422801572841718,0.028362743183650216,0.0006904699571029793,-0.0038014836581123394,0.005319062458885734,0.013668511310505789,0.004728877116783913,0.02401087359066454,30.0,236.0
YAW90_LEFT,Bus B to Bus A,Bus B,Bus A,A+M+G,RAW,INDUCTIVE_FIXED_TEST,7,False,0,137,98280,236,0,0.0,0.0,0.7232091982091982,0.5664972603757941,0.5304132554671559,0.003155884062785483,0.9976346023879252,0.3746728064935661,0.3195103069054077,0.4016616630594149,0.5794138382515862,0.4744350981362362,19858,0.6104358256697321,0.6869291338582677,0.6464274372816767,22225,0.08796296296296297,0.0016067653276955602,0.003155884062785483,11825,0.9972302287876058,0.998039304065627,0.9976346023879252,44372,0.5304132554671559,0.5148759856172505,0.5448073762339082,0.003155884062785483,0.0001697353402900153,0.007713752950292227,0.0,0.0,0.0,0.0,0.0,0.0,,
YAW90_LEFT,Bus B to Bus A,Bus B,Bus A,A+M+G,ZSCORE,INDUCTIVE_FIXED_TEST,7,True,7,137,98280,236,324,5.4,53.62360916666666,0.6707977207977208,0.5171988706711085,0.47917608640517617,0.0,0.933889738125258,0.3276048691651489,0.28750565184310567,0.4472908637497166,0.3974216940275959,0.4208842195082929,19858,0.45746184284906727,0.7282339707536558,0.5619303879871539,22225,0.0,0.0,0.0,11825,0.9248193410090385,0.9431398179031821,0.933889738125258,44372,0.47917608640517617,0.4599393033892953,0.49798569724015296,0.0,0.0,0.0,-0.051237169061979726,-0.0647217052487922,-0.03775945451849212,-0.003155884062785483,-0.007737455812671635,-0.00016642118005742596,,
YAW90_LEFT,Bus B to Bus A,Bus B,Bus A,A+M+G,QUANTILE,INDUCTIVE_FIXED_TEST,7,True,7,137,98280,236,324,5.4,53.62360916666666,0.6973951973951974,0.5358209211760776,0.5041882862093725,0.0342278643740961,0.9604906110930207,0.35208751124815635,0.3162041174752619,0.46743898324148014,0.41857186020747306,0.4416578108395324,19858,0.4909866434197827,0.7095613048368954,0.5803768585308405,22225,0.34299516908212563,0.018012684989429175,0.0342278643740961,11825,0.9264416432848946,0.997137834670513,0.9604906110930207,44372,0.5041882862093725,0.4877157409050141,0.5208635519425298,0.0342278643740961,0.013860601964791983,0.059139840837539634,-0.026224969257783393,-0.0389040182644165,-0.014656228465149357,0.031071980311310615,0.012589986400705269,0.054298715457572234,,
YAW90_LEFT,Bus B to Bus A,Bus B,Bus A,A+M+G,CORAL,INDUCTIVE_FIXED_TEST,7,True,7,137,98280,236,324,5.4,53.62360916666666,0.5211640211640212,0.4201463233364845,0.3926840672771075,0.0,0.756248169792343,0.2714960331053623,0.23561044036626447,0.2344038174419626,0.40321281095780037,0.2964622248551382,19858,0.4512186978297162,0.6080539932508436,0.5180258744609487,22225,0.0,0.0,0.0,11825,0.8691287934213222,0.6693184891372937,0.756248169792343,44372,0.3926840672771075,0.37924906126445657,0.4062684345644734,0.0,0.0,0.0,-0.13772918819004842,-0.15424560725484668,-0.11995689260456799,-0.003155884062785483,-0.00782217720053601,-0.00017516813857156274,,
YAW90_LEFT,Bus B to Bus A,Bus B,Bus A,A+M+G,CAUSAL,INDUCTIVE_FIXED_TEST,7,False,0,137,98280,236,0,0.0,0.0,0.7195970695970696,0.563734497436351,0.5311037254242589,0.016824395373291272,0.9974753167125017,0.37564652832817796,0.32539199340387187,0.39574699368163596,0.5866653237989727,0.47265498214865304,19858,0.6144789579158316,0.6622272215973003,0.6374602074625896,22225,0.19330855018587362,0.00879492600422833,0.016824395373291272,11825,0.9977002164502164,0.9972505183449022,0.9974753167125017,44372,0.5311037254242589,0.5156757485980378,0.5456867600268884,0.016824395373291272,0.006422801572841718,0.028362743183650216,0.0006904699571029793,-0.0038014836581123394,0.005319062458885734,0.013668511310505789,0.004728877116783913,0.02401087359066454,30.0,236.0
YAW90_LEFT,Bus B to Bus A,Bus B,Bus A,A+M+G,RAW,INDUCTIVE_FIXED_TEST,14,False,0,137,98280,236,0,0.0,0.0,0.7232091982091982,0.5664972603757941,0.5304132554671559,0.003155884062785483,0.9976346023879252,0.3746728064935661,0.3195103069054077,0.4016616630594149,0.5794138382515862,0.4744350981362362,19858,0.6104358256697321,0.6869291338582677,0.6464274372816767,22225,0.08796296296296297,0.0016067653276955602,0.003155884062785483,11825,0.9972302287876058,0.998039304065627,0.9976346023879252,44372,0.5304132554671559,0.5148759856172505,0.5448073762339082,0.003155884062785483,0.0001697353402900153,0.007713752950292227,0.0,0.0,0.0,0.0,0.0,0.0,,
YAW90_LEFT,Bus B to Bus A,Bus B,Bus A,A+M+G,ZSCORE,INDUCTIVE_FIXED_TEST,14,True,14,137,98280,236,1288,21.466666666666665,166.9603975,0.6646113146113146,0.4883844293563063,0.40359105829266906,0.0003377522587182302,0.9771060038562975,0.21241940977145957,0.2422897358790887,0.6909527622097679,0.043458555745795144,0.08177381911214289,19858,0.398197211739632,0.9163104611923509,0.5551466579435176,22225,0.1111111111111111,0.00016913319238900633,0.0003377522587182302,11825,0.9611510791366906,0.9935995672946903,0.9771060038562975,44372,0.40359105829266906,0.3858343295631453,0.42551201702507496,0.00033775225871823014,0.0,0.0011755211563092211,-0.12682219717448684,-0.14734124132477683,-0.10386179115971399,-0.0028181318040672526,-0.00743879940176126,0.00035331644059891396,,
YAW90_LEFT,Bus B to Bus A,Bus B,Bus A,A+M+G,QUANTILE,INDUCTIVE_FIXED_TEST,14,True,14,137,98280,236,1288,21.466666666666665,166.9603975,0.6821937321937321,0.5220339098232374,0.4868577248254605,0.00016899028305872413,0.9417963562968078,0.3352115143350114,0.29218223100849977,0.4051376981034035,0.6282102930808742,0.49259624876604147,19858,0.5781541066892464,0.4608323959505062,0.5128693039559339,22225,0.1,8.456659619450317e-05,0.00016899028305872413,11825,0.8907823081405863,0.9990083836653746,0.9417963562968078,44372,0.48685772482546047,0.4705649387843921,0.5024099277409048,0.0001689902830587241,0.0,0.0005654749679862043,-0.04355553064169543,-0.05294097639136379,-0.03447171397691356,-0.002986893779726759,-0.007390233914648892,5.969560900826755e-06,,
YAW90_LEFT,Bus B to Bus A,Bus B,Bus A,A+M+G,CORAL,INDUCTIVE_FIXED_TEST,14,True,14,137,98280,236,1288,21.466666666666665,166.9603975,0.6425824175824176,0.49701404234214897,0.48574619912334815,0.11875178929287146,0.9188096113502173,0.3413917283810584,0.33894843519115747,0.46413942990888574,0.559220465303656,0.5072629270966563,19858,0.4137395691830002,0.3837120359955006,0.3981604687536475,22225,0.18386524822695036,0.08769556025369979,0.11875178929287146,11825,0.8831857303230635,0.9574281078157396,0.9188096113502173,44372,0.4857461991233482,0.4641084685791045,0.5059900436139837,0.11875178929287146,0.08993245932576685,0.1475100709179993,-0.04466705634380769,-0.07064884890385363,-0.019031807553202745,0.11559590523008598,0.0865576329726731,0.14507362615211314,,
YAW90_LEFT,Bus B to Bus A,Bus B,Bus A,A+M+G,CAUSAL,INDUCTIVE_FIXED_TEST,14,False,0,137,98280,236,0,0.0,0.0,0.7195970695970696,0.563734497436351,0.5311037254242589,0.016824395373291272,0.9974753167125017,0.37564652832817796,0.32539199340387187,0.39574699368163596,0.5866653237989727,0.47265498214865304,19858,0.6144789579158316,0.6622272215973003,0.6374602074625896,22225,0.19330855018587362,0.00879492600422833,0.016824395373291272,11825,0.9977002164502164,0.9972505183449022,0.9974753167125017,44372,0.5311037254242589,0.5156757485980378,0.5456867600268884,0.016824395373291272,0.006422801572841718,0.028362743183650216,0.0006904699571029793,-0.0038014836581123394,0.005319062458885734,0.013668511310505789,0.004728877116783913,0.02401087359066454,30.0,236.0
YAW90_LEFT,Bus B to Bus A,Bus B,Bus A,A+M+G,RAW,INDUCTIVE_FIXED_TEST,18,False,0,137,98280,236,0,0.0,0.0,0.7232091982091982,0.5664972603757941,0.5304132554671559,0.003155884062785483,0.9976346023879252,0.3746728064935661,0.3195103069054077,0.4016616630594149,0.5794138382515862,0.4744350981362362,19858,0.6104358256697321,0.6869291338582677,0.6464274372816767,22225,0.08796296296296297,0.0016067653276955602,0.003155884062785483,11825,0.9972302287876058,0.998039304065627,0.9976346023879252,44372,0.5304132554671559,0.5148759856172505,0.5448073762339082,0.003155884062785483,0.0001697353402900153,0.007713752950292227,0.0,0.0,0.0,0.0,0.0,0.0,,
YAW90_LEFT,Bus B to Bus A,Bus B,Bus A,A+M+G,ZSCORE,INDUCTIVE_FIXED_TEST,18,True,18,137,98280,236,1599,26.65,226.04062027777778,0.6733211233211234,0.49666308912743123,0.3989661578930884,0.0011815343066925478,0.9930343339924501,0.20094343252663452,0.23985230845853006,0.6173708920187794,0.013244032631684964,0.025931768881877343,19858,0.40812873632364555,0.9768278965129359,0.5757169943913337,22225,0.2916666666666667,0.0005919661733615222,0.0011815343066925478,11825,0.990097679003495,0.9959884611917426,0.9930343339924501,44372,0.3989661578930884,0.38936074046250235,0.4083475144101058,0.0011815343066925478,0.0003097971739147275,0.0024429033083426177,-0.13144709757406747,-0.14737100859735405,-0.11524465153545539,-0.001974349756092935,-0.006534549187945582,0.0013627513128899743,,
YAW90_LEFT,Bus B to Bus A,Bus B,Bus A,A+M+G,QUANTILE,INDUCTIVE_FIXED_TEST,18,True,18,137,98280,236,1599,26.65,226.04062027777778,0.6897232397232397,0.530111089138081,0.4952784272833356,0.0003379520108144643,0.9521632267551062,0.34298349412607876,0.29730223717432713,0.4034408742032002,0.624685265384228,0.4902580721653559,19858,0.5887191539365453,0.4959280089988751,0.5383544582020661,22225,0.18181818181818182,0.00016913319238900633,0.0003379520108144643,11825,0.9089735445398471,0.9996619489768322,0.9521632267551062,44372,0.4952784272833356,0.4790924603544242,0.5106273293622352,0.0003379520108144643,0.0,0.0008454550456309304,-0.0351348281838203,-0.04432978083061366,-0.026189005047338756,-0.0028179320519710186,-0.007602292394712294,0.00017961226357652774,,
YAW90_LEFT,Bus B to Bus A,Bus B,Bus A,A+M+G,CORAL,INDUCTIVE_FIXED_TEST,18,True,18,137,98280,236,1599,26.65,226.04062027777778,0.6646113146113146,0.5086819493237762,0.49171188176139646,0.0681630317288739,0.9803442830423242,0.3288344146677539,0.32229234174838745,0.415828901913597,0.5394803102024373,0.46965213388571053,19858,0.4347257383966245,0.46357705286839146,0.4486880783886772,22225,0.13736545361353153,0.0453276955602537,0.0681630317288739,11825,0.9744183457642213,0.9863427386640223,0.9803442830423242,44372,0.4917118817613964,0.47538267826505404,0.507981066341723,0.0681630317288739,0.044099073325129946,0.09584622243257095,-0.03870137370575949,-0.059839442209393696,-0.0179676085085158,0.06500714766608842,0.0406491722250196,0.09339326575035393,,
YAW90_LEFT,Bus B to Bus A,Bus B,Bus A,A+M+G,CAUSAL,INDUCTIVE_FIXED_TEST,18,False,0,137,98280,236,0,0.0,0.0,0.7195970695970696,0.563734497436351,0.5311037254242589,0.016824395373291272,0.9974753167125017,0.37564652832817796,0.32539199340387187,0.39574699368163596,0.5866653237989727,0.47265498214865304,19858,0.6144789579158316,0.6622272215973003,0.6374602074625896,22225,0.19330855018587362,0.00879492600422833,0.016824395373291272,11825,0.9977002164502164,0.9972505183449022,0.9974753167125017,44372,0.5311037254242589,0.5156757485980378,0.5456867600268884,0.016824395373291272,0.006422801572841718,0.028362743183650216,0.0006904699571029793,-0.0038014836581123394,0.005319062458885734,0.013668511310505789,0.004728877116783913,0.02401087359066454,30.0,236.0
