bus_b_orientation,bus_b_orientation_role,orientation_vehicle,direction,source_vehicle,target_vehicle,sensor_config,method,protocol,partition_id,budget_k_days,subset_repeat,uses_target_adaptation,normalizer_fit_days,adaptation_days,test_days,test_rows,test_service_days,adaptation_rows,adaptation_window_hours,adaptation_span_hours,adaptation_hours,accuracy,balanced_accuracy,macro_f1,charging_f1,driving_f1,stationary_macro_f1,objective_score,apagado_precision,apagado_recall,apagado_f1,apagado_support,encendido_precision,encendido_recall,encendido_f1,encendido_support,recarga_principal_precision,recarga_principal_recall,recarga_principal_f1,recarga_principal_support,movimiento_precision,movimiento_recall,driving_f1,movimiento_support,stationary_macro_f1,charging_f1,control_role,feature_dimension,source_quantile_n_requested,source_quantile_n_effective,causal_warmup_rows_source,causal_warmup_rows_target,subset_seed_index,subset_rng_seed,subset_attempts,subset_resamples,subset_retained_windows,target_quantile_n_requested,target_quantile_n_effective,coral_n_adaptation_rows,coral_n_features,coral_n_minus_d,coral_rows_per_feature,coral_regularized_cov_min_eigenvalue,coral_regularized_cov_max_eigenvalue,coral_regularized_cov_condition_number
RECORDED,TARGET,BUS_B,BUS_A_to_BUS_B,BUS_A,BUS_B,ACC,RAW,FIVE_PARTITION_UNLABELED_BUDGET,1,0,0,False,0,,2025-04-01|2025-04-03|2025-04-04|2025-04-07|2025-04-25|2025-05-12|2025-05-16|2025-05-28|2025-06-11|2025-06-13|2025-06-17|2025-06-26,5331,12,0,0.0,0.0,0.0,0.7394485087225662,0.6975598913165795,0.6597925315005151,0.6623376623376623,0.9666366095581606,0.5575111721479665,0.6608105838353739,0.3380884450784593,0.6620111731843575,0.4475920679886686,358,0.640695915279879,0.5014801657785672,0.5626037861175689,1689,0.6993143976493633,0.6290748898678414,0.6623376623376623,1135,0.9374726716222124,0.9976733364355514,0.9666366095581606,2149,0.5575111721479665,0.6623376623376623,NO_POOL_CONTROL,54,1000,1000,,,,,,,,,,,,,,,,
RECORDED,TARGET,BUS_B,BUS_A_to_BUS_B,BUS_A,BUS_B,ACC,CAUSAL,FIVE_PARTITION_UNLABELED_BUDGET,1,0,0,False,0,,2025-04-01|2025-04-03|2025-04-04|2025-04-07|2025-04-25|2025-05-12|2025-05-16|2025-05-28|2025-06-11|2025-06-13|2025-06-17|2025-06-26,5331,12,0,0.0,0.0,0.0,0.6741699493528419,0.5702937650318828,0.5511609070174363,0.3580034423407917,0.9749658625398272,0.4098925885099726,0.4738979211467784,0.1175560711523588,0.4245810055865922,0.1841308298001211,358,0.8337552742616033,0.5849615156897573,0.6875434933890049,1689,0.5131578947368421,0.2748898678414097,0.3580034423407917,1135,0.9541202672605792,0.996742671009772,0.9749658625398272,2149,0.4098925885099726,0.3580034423407917,NO_POOL_CONTROL,54,1000,1000,254.0,12.0,,,,,,,,,,,,,,
RECORDED,TARGET,BUS_B,BUS_A_to_BUS_B,BUS_A,BUS_B,ACC,RAW,FIVE_PARTITION_UNLABELED_BUDGET,2,0,0,False,0,,2025-04-01|2025-04-04|2025-04-09|2025-04-17|2025-04-28|2025-05-12|2025-05-27|2025-05-29|2025-06-05|2025-06-11|2025-06-12|2025-06-26,4710,12,0,0.0,0.0,0.0,0.8569002123142251,0.8019482715769307,0.7965504589362936,0.8735408560311284,0.9763560500695412,0.7366152618918779,0.8273466177742275,0.5978947368421053,0.6635514018691588,0.6290143964562569,428,0.9406657018813314,0.5666957279860506,0.7072905331882481,1147,0.7858809801633606,0.9832116788321168,0.8735408560311284,1370,0.9590163934426228,0.9943342776203966,0.9763560500695412,1765,0.7366152618918779,0.8735408560311284,NO_POOL_CONTROL,54,1000,1000,,,,,,,,,,,,,,,,
RECORDED,TARGET,BUS_B,BUS_A_to_BUS_B,BUS_A,BUS_B,ACC,CAUSAL,FIVE_PARTITION_UNLABELED_BUDGET,2,0,0,False,0,,2025-04-01|2025-04-04|2025-04-09|2025-04-17|2025-04-28|2025-05-12|2025-05-27|2025-05-29|2025-06-05|2025-06-11|2025-06-12|2025-06-26,4710,12,0,0.0,0.0,0.0,0.7687898089171975,0.7070297885429264,0.694159180359782,0.733561383504371,0.9796373779637378,0.5989997811584633,0.7099200616176176,0.2596685082872928,0.5490654205607477,0.3525881470367591,428,0.9185082872928176,0.5797733217088056,0.7108498129342598,1147,0.7652656621728786,0.7043795620437956,0.733561383504371,1370,0.9648351648351648,0.9949008498583568,0.9796373779637378,1765,0.5989997811584633,0.733561383504371,NO_POOL_CONTROL,54,1000,1000,254.0,12.0,,,,,,,,,,,,,,
RECORDED,TARGET,BUS_B,BUS_A_to_BUS_B,BUS_A,BUS_B,ACC,RAW,FIVE_PARTITION_UNLABELED_BUDGET,3,0,0,False,0,,2025-04-01|2025-04-03|2025-04-07|2025-04-09|2025-04-14|2025-04-21|2025-05-27|2025-05-29|2025-05-30|2025-06-03|2025-06-12|2025-06-26,2941,12,0,0.0,0.0,0.0,0.8449506970418225,0.7998877994182181,0.7888242410804137,0.7950138504155124,0.9727595736281088,0.7275124635645153,0.7913000848144531,0.4523809523809524,0.7192429022082019,0.5554202192448234,317,0.9204081632653062,0.7592592592592593,0.8321033210332104,594,0.8683812405446294,0.7330779054916986,0.7950138504155124,783,0.95800933125972,0.9879711307137128,0.9727595736281088,1247,0.7275124635645153,0.7950138504155124,NO_POOL_CONTROL,54,1000,1000,,,,,,,,,,,,,,,,
RECORDED,TARGET,BUS_B,BUS_A_to_BUS_B,BUS_A,BUS_B,ACC,CAUSAL,FIVE_PARTITION_UNLABELED_BUDGET,3,0,0,False,0,,2025-04-01|2025-04-03|2025-04-07|2025-04-09|2025-04-14|2025-04-21|2025-05-27|2025-05-29|2025-05-30|2025-06-03|2025-06-12|2025-06-26,2941,12,0,0.0,0.0,0.0,0.8697721863311799,0.8134805746028517,0.807960400542474,0.8947368421052632,0.9782522736259393,0.7511964428479856,0.8426709771675897,0.4940898345153664,0.6593059936908517,0.5648648648648649,317,0.8361266294227188,0.7558922558922558,0.7939876215738285,594,0.9484978540772532,0.8467432950191571,0.8947368421052632,783,0.9648985959438378,0.991980753809142,0.9782522736259393,1247,0.7511964428479856,0.8947368421052632,NO_POOL_CONTROL,54,1000,1000,254.0,12.0,,,,,,,,,,,,,,
RECORDED,TARGET,BUS_B,BUS_A_to_BUS_B,BUS_A,BUS_B,ACC,RAW,FIVE_PARTITION_UNLABELED_BUDGET,4,0,0,False,0,,2025-04-03|2025-04-07|2025-04-09|2025-04-14|2025-04-17|2025-05-16|2025-05-28|2025-06-02|2025-06-05|2025-06-11|2025-06-13|2025-06-26,5358,12,0,0.0,0.0,0.0,0.7829413960432997,0.7273281266901722,0.7071427439068834,0.7531929582326544,0.9679516953088714,0.6202064267728874,0.7255628296371919,0.3776595744680851,0.605543710021322,0.4651924651924652,469,0.8288288288288288,0.5242165242165242,0.6422338568935427,1404,0.7244355909694555,0.7843278217109992,0.7531929582326544,1391,0.9421338155515372,0.9952244508118434,0.9679516953088714,2094,0.6202064267728874,0.7531929582326544,NO_POOL_CONTROL,54,1000,1000,,,,,,,,,,,,,,,,
RECORDED,TARGET,BUS_B,BUS_A_to_BUS_B,BUS_A,BUS_B,ACC,CAUSAL,FIVE_PARTITION_UNLABELED_BUDGET,4,0,0,False,0,,2025-04-03|2025-04-07|2025-04-09|2025-04-14|2025-04-17|2025-05-16|2025-05-28|2025-06-02|2025-06-05|2025-06-11|2025-06-13|2025-06-26,5358,12,0,0.0,0.0,0.0,0.7202314296379246,0.6332761648200694,0.6288588996523734,0.6044088176352705,0.9759402008876432,0.5131651325739502,0.6190788668455323,0.1774042950513538,0.4051172707889126,0.2467532467532467,469,0.8293172690763052,0.5883190883190883,0.6883333333333334,1404,0.6829710144927537,0.5420560747663551,0.6044088176352705,1391,0.9551897576588936,0.9976122254059216,0.9759402008876432,2094,0.5131651325739502,0.6044088176352705,NO_POOL_CONTROL,54,1000,1000,254.0,12.0,,,,,,,,,,,,,,
RECORDED,TARGET,BUS_B,BUS_A_to_BUS_B,BUS_A,BUS_B,ACC,RAW,FIVE_PARTITION_UNLABELED_BUDGET,5,0,0,False,0,,2025-04-03|2025-04-04|2025-04-11|2025-04-30|2025-05-12|2025-05-27|2025-05-29|2025-06-02|2025-06-05|2025-06-11|2025-06-13|2025-06-26,4946,12,0,0.0,0.0,0.0,0.8105539830165791,0.7504132400083945,0.7024645620956027,0.8544453186467349,0.964335992491788,0.6151740852968742,0.7632568647160556,0.2703777335984095,0.5738396624472574,0.3675675675675676,237,0.8551401869158879,0.4906166219839142,0.6235093696763203,1492,0.7824207492795389,0.9410745233968804,0.8544453186467349,1154,0.9345156889495224,0.996122152205526,0.964335992491788,2063,0.6151740852968742,0.8544453186467349,NO_POOL_CONTROL,54,1000,1000,,,,,,,,,,,,,,,,
RECORDED,TARGET,BUS_B,BUS_A_to_BUS_B,BUS_A,BUS_B,ACC,CAUSAL,FIVE_PARTITION_UNLABELED_BUDGET,5,0,0,False,0,,2025-04-03|2025-04-04|2025-04-11|2025-04-30|2025-05-12|2025-05-27|2025-05-29|2025-06-02|2025-06-05|2025-06-11|2025-06-13|2025-06-26,4946,12,0,0.0,0.0,0.0,0.713303679741205,0.6094906527498405,0.5955425799721732,0.6140440799589953,0.9730241362991008,0.4697153945298639,0.602943179966902,0.0869963369963369,0.4008438818565401,0.1429646350639578,237,0.8702460850111857,0.5214477211796247,0.6521374685666387,1492,0.7515683814303639,0.5190641247833622,0.6140440799589953,1154,0.9505316689782708,0.9966068831798351,0.9730241362991008,2063,0.4697153945298639,0.6140440799589953,NO_POOL_CONTROL,54,1000,1000,254.0,12.0,,,,,,,,,,,,,,
RECORDED,TARGET,BUS_B,BUS_A_to_BUS_B,BUS_A,BUS_B,ACC_MAG,RAW,FIVE_PARTITION_UNLABELED_BUDGET,1,0,0,False,0,,2025-04-01|2025-04-03|2025-04-04|2025-04-07|2025-04-25|2025-05-12|2025-05-16|2025-05-28|2025-06-11|2025-06-13|2025-06-17|2025-06-26,5331,12,0,0.0,0.0,0.0,0.7129994372537986,0.6799214483236875,0.6222564259183694,0.5228604923798359,0.9646635156425838,0.5081207293436312,0.5824980525029559,0.278,0.776536312849162,0.4094256259204712,358,0.6371077762619373,0.5529899348727058,0.5920760697305864,1689,0.7810858143607706,0.3929515418502202,0.5228604923798359,1135,0.9341761115954664,0.9972080037226616,0.9646635156425838,2149,0.5081207293436312,0.5228604923798359,NO_POOL_CONTROL,95,1000,1000,,,,,,,,,,,,,,,,
RECORDED,TARGET,BUS_B,BUS_A_to_BUS_B,BUS_A,BUS_B,ACC_MAG,CAUSAL,FIVE_PARTITION_UNLABELED_BUDGET,1,0,0,False,0,,2025-04-01|2025-04-03|2025-04-04|2025-04-07|2025-04-25|2025-05-12|2025-05-16|2025-05-28|2025-06-11|2025-06-13|2025-06-17|2025-06-26,5331,12,0,0.0,0.0,0.0,0.7356968673794785,0.6509019450440273,0.6221065120480295,0.4933184855233853,0.973181818181818,0.5050814100034332,0.5705913014381718,0.1881091617933723,0.5391061452513967,0.2789017341040462,358,0.8219669777458722,0.6779159265837774,0.7430240103828682,1689,0.670196671709531,0.3903083700440529,0.4933184855233853,1135,0.9511328298533984,0.9962773382968824,0.973181818181818,2149,0.5050814100034332,0.4933184855233853,NO_POOL_CONTROL,95,1000,1000,254.0,12.0,,,,,,,,,,,,,,
RECORDED,TARGET,BUS_B,BUS_A_to_BUS_B,BUS_A,BUS_B,ACC_MAG,RAW,FIVE_PARTITION_UNLABELED_BUDGET,2,0,0,False,0,,2025-04-01|2025-04-04|2025-04-09|2025-04-17|2025-04-28|2025-05-12|2025-05-27|2025-05-29|2025-06-05|2025-06-11|2025-06-12|2025-06-26,4710,12,0,0.0,0.0,0.0,0.6585987261146496,0.5878343918709523,0.5684937417577187,0.4381560931081698,0.9739033870072182,0.4333571933412189,0.5163586822978992,0.1970046082949308,0.3995327102803738,0.2638888888888889,428,0.5886824324324325,0.6076721883173496,0.5980265980265981,1147,0.584652862362972,0.3503649635036496,0.4381560931081698,1370,0.954817637452368,0.9937677053824364,0.9739033870072182,1765,0.4333571933412189,0.4381560931081698,NO_POOL_CONTROL,95,1000,1000,,,,,,,,,,,,,,,,
RECORDED,TARGET,BUS_B,BUS_A_to_BUS_B,BUS_A,BUS_B,ACC_MAG,CAUSAL,FIVE_PARTITION_UNLABELED_BUDGET,2,0,0,False,0,,2025-04-01|2025-04-04|2025-04-09|2025-04-17|2025-04-28|2025-05-12|2025-05-27|2025-05-29|2025-06-05|2025-06-11|2025-06-12|2025-06-26,4710,12,0,0.0,0.0,0.0,0.7966029723991508,0.7884069703898933,0.7453213494218427,0.7284372331340735,0.977976024533036,0.667769791051445,0.738567702906735,0.419612314709236,0.8598130841121495,0.563984674329502,428,0.7478344562078922,0.6774193548387096,0.7108874656907593,1147,0.8775720164609053,0.6226277372262774,0.7284372331340735,1370,0.9626783754116356,0.9937677053824364,0.977976024533036,1765,0.667769791051445,0.7284372331340735,NO_POOL_CONTROL,95,1000,1000,254.0,12.0,,,,,,,,,,,,,,
RECORDED,TARGET,BUS_B,BUS_A_to_BUS_B,BUS_A,BUS_B,ACC_MAG,RAW,FIVE_PARTITION_UNLABELED_BUDGET,3,0,0,False,0,,2025-04-01|2025-04-03|2025-04-07|2025-04-09|2025-04-14|2025-04-21|2025-05-27|2025-05-29|2025-05-30|2025-06-03|2025-06-12|2025-06-26,2941,12,0,0.0,0.0,0.0,0.7817069024141449,0.7595948648699224,0.7237131871506386,0.6565400843881857,0.9676145339652448,0.6424127382124365,0.6968439460456575,0.3511450381679389,0.8706624605678234,0.5004533091568449,317,0.8739316239316239,0.6885521885521886,0.7702448210922788,594,0.9676616915422884,0.4968071519795657,0.6565400843881857,783,0.953307392996109,0.9823576583801122,0.9676145339652448,1247,0.6424127382124365,0.6565400843881857,NO_POOL_CONTROL,95,1000,1000,,,,,,,,,,,,,,,,
RECORDED,TARGET,BUS_B,BUS_A_to_BUS_B,BUS_A,BUS_B,ACC_MAG,CAUSAL,FIVE_PARTITION_UNLABELED_BUDGET,3,0,0,False,0,,2025-04-01|2025-04-03|2025-04-07|2025-04-09|2025-04-14|2025-04-21|2025-05-27|2025-05-29|2025-05-30|2025-06-03|2025-06-12|2025-06-26,2941,12,0,0.0,0.0,0.0,0.8643318599115947,0.8259830869788776,0.8198246357461255,0.8545706371191135,0.9770750988142292,0.7674078147234242,0.8337230362953207,0.6831955922865014,0.7823343848580442,0.7294117647058823,317,0.695583596214511,0.7424242424242424,0.7182410423452769,594,0.9334341906202724,0.7879948914431673,0.8545706371191135,783,0.9633671083398284,0.9911788291900562,0.9770750988142292,1247,0.7674078147234242,0.8545706371191135,NO_POOL_CONTROL,95,1000,1000,254.0,12.0,,,,,,,,,,,,,,
RECORDED,TARGET,BUS_B,BUS_A_to_BUS_B,BUS_A,BUS_B,ACC_MAG,RAW,FIVE_PARTITION_UNLABELED_BUDGET,4,0,0,False,0,,2025-04-03|2025-04-07|2025-04-09|2025-04-14|2025-04-17|2025-05-16|2025-05-28|2025-06-02|2025-06-05|2025-06-11|2025-06-13|2025-06-26,5358,12,0,0.0,0.0,0.0,0.6606942889137738,0.576014404870969,0.5572900695747943,0.4010791366906475,0.9640120733689342,0.421716068310081,0.4948056964211356,0.2117117117117117,0.4008528784648187,0.2770817980840088,469,0.5828651685393258,0.5911680911680912,0.5869872701555869,1404,0.5354141656662665,0.3206326383896477,0.4010791366906475,1391,0.9380930863081788,0.991404011461318,0.9640120733689342,2094,0.421716068310081,0.4010791366906475,NO_POOL_CONTROL,95,1000,1000,,,,,,,,,,,,,,,,
RECORDED,TARGET,BUS_B,BUS_A_to_BUS_B,BUS_A,BUS_B,ACC_MAG,CAUSAL,FIVE_PARTITION_UNLABELED_BUDGET,4,0,0,False,0,,2025-04-03|2025-04-07|2025-04-09|2025-04-14|2025-04-17|2025-05-16|2025-05-28|2025-06-02|2025-06-05|2025-06-11|2025-06-13|2025-06-26,5358,12,0,0.0,0.0,0.0,0.7603583426651735,0.7343731154051356,0.6912686091773865,0.615948670944088,0.975005839757066,0.5966895323174933,0.6611406338840671,0.3327289211242067,0.7825159914712153,0.4669211195928753,469,0.7423649177760376,0.6752136752136753,0.7071988064155166,1404,0.8495575221238938,0.4831056793673616,0.615948670944088,1391,0.9542752629172382,0.9966571155682904,0.975005839757066,2094,0.5966895323174933,0.615948670944088,NO_POOL_CONTROL,95,1000,1000,254.0,12.0,,,,,,,,,,,,,,
RECORDED,TARGET,BUS_B,BUS_A_to_BUS_B,BUS_A,BUS_B,ACC_MAG,RAW,FIVE_PARTITION_UNLABELED_BUDGET,5,0,0,False,0,,2025-04-03|2025-04-04|2025-04-11|2025-04-30|2025-05-12|2025-05-27|2025-05-29|2025-06-02|2025-06-05|2025-06-11|2025-06-13|2025-06-26,4946,12,0,0.0,0.0,0.0,0.6898503841488072,0.6209383475553374,0.5708434653005134,0.5084937712344281,0.96183563568251,0.4405127418398479,0.5459035876740793,0.1714285714285714,0.5822784810126582,0.2648752399232246,237,0.5836487509462528,0.5167560321715817,0.5481692143618913,1492,0.7336601307189542,0.3890814558058925,0.5084937712344281,1154,0.9302536231884058,0.9956374212312168,0.96183563568251,2063,0.4405127418398479,0.5084937712344281,NO_POOL_CONTROL,95,1000,1000,,,,,,,,,,,,,,,,
RECORDED,TARGET,BUS_B,BUS_A_to_BUS_B,BUS_A,BUS_B,ACC_MAG,CAUSAL,FIVE_PARTITION_UNLABELED_BUDGET,5,0,0,False,0,,2025-04-03|2025-04-04|2025-04-11|2025-04-30|2025-05-12|2025-05-27|2025-05-29|2025-06-02|2025-06-05|2025-06-11|2025-06-13|2025-06-26,4946,12,0,0.0,0.0,0.0,0.7434290335624747,0.6352564688831601,0.6152996422614745,0.590626764539808,0.9713880349964532,0.496603511349815,0.6054304911728079,0.11441647597254,0.4219409282700422,0.18001800180018,237,0.7757951900698216,0.6702412868632708,0.7191657677094571,1492,0.8476499189627229,0.4532062391681109,0.590626764539808,1154,0.948291782086796,0.9956374212312168,0.9713880349964532,2063,0.496603511349815,0.590626764539808,NO_POOL_CONTROL,95,1000,1000,254.0,12.0,,,,,,,,,,,,,,
RECORDED,TARGET,BUS_B,BUS_A_to_BUS_B,BUS_A,BUS_B,ACC_GYR,RAW,FIVE_PARTITION_UNLABELED_BUDGET,1,0,0,False,0,,2025-04-01|2025-04-03|2025-04-04|2025-04-07|2025-04-25|2025-05-12|2025-05-16|2025-05-28|2025-06-11|2025-06-13|2025-06-17|2025-06-26,5331,12,0,0.0,0.0,0.0,0.6257737760270118,0.5565165049356955,0.4679750673635273,0.0031771247021445,0.9861814831874712,0.2952395954222126,0.2820558902989742,0.1292962356792144,0.6620111731843575,0.2163395709721588,358,0.8094834885690093,0.5660153937240971,0.6662020905923345,1689,0.0161290322580645,0.0017621145374449,0.0031771247021445,1135,0.9762881896944824,0.9962773382968824,0.9861814831874712,2149,0.2952395954222126,0.0031771247021445,NO_POOL_CONTROL,96,1000,1000,,,,,,,,,,,,,,,,
RECORDED,TARGET,BUS_B,BUS_A_to_BUS_B,BUS_A,BUS_B,ACC_GYR,CAUSAL,FIVE_PARTITION_UNLABELED_BUDGET,1,0,0,False,0,,2025-04-01|2025-04-03|2025-04-04|2025-04-07|2025-04-25|2025-05-12|2025-05-16|2025-05-28|2025-06-11|2025-06-13|2025-06-17|2025-06-26,5331,12,0,0.0,0.0,0.0,0.6993059463515288,0.6045817266176795,0.5719788813579598,0.3369085173501577,0.9873067159012232,0.4335362698435387,0.477950735754839,0.1375186846038864,0.5139664804469274,0.2169811320754717,358,0.8373804267844003,0.6737714624037893,0.7467191601049868,1689,0.5933333333333334,0.2352422907488986,0.3369085173501577,1135,0.9793956043956044,0.9953466728711028,0.9873067159012232,2149,0.4335362698435387,0.3369085173501577,NO_POOL_CONTROL,96,1000,1000,254.0,12.0,,,,,,,,,,,,,,
RECORDED,TARGET,BUS_B,BUS_A_to_BUS_B,BUS_A,BUS_B,ACC_GYR,RAW,FIVE_PARTITION_UNLABELED_BUDGET,2,0,0,False,0,,2025-04-01|2025-04-04|2025-04-09|2025-04-17|2025-04-28|2025-05-12|2025-05-27|2025-05-29|2025-06-05|2025-06-11|2025-06-12|2025-06-26,4710,12,0,0.0,0.0,0.0,0.6252653927813163,0.5512612124842877,0.5428337609608325,0.3924235065565808,0.9923577696009056,0.3929924247474747,0.4826696591991318,0.1188493565480696,0.366822429906542,0.1795311606632361,428,0.677038626609442,0.5501307759372276,0.607022607022607,1147,0.5863570391872278,0.2948905109489051,0.3924235065565808,1370,0.9915158371040724,0.993201133144476,0.9923577696009056,1765,0.3929924247474747,0.3924235065565808,NO_POOL_CONTROL,96,1000,1000,,,,,,,,,,,,,,,,
RECORDED,TARGET,BUS_B,BUS_A_to_BUS_B,BUS_A,BUS_B,ACC_GYR,CAUSAL,FIVE_PARTITION_UNLABELED_BUDGET,2,0,0,False,0,,2025-04-01|2025-04-04|2025-04-09|2025-04-17|2025-04-28|2025-05-12|2025-05-27|2025-05-29|2025-06-05|2025-06-11|2025-06-12|2025-06-26,4710,12,0,0.0,0.0,0.0,0.7666666666666667,0.7620190403014007,0.7114483236646725,0.6755270394133822,0.9923491073958628,0.617814729087609,0.6970798099641564,0.3059019118869493,0.8598130841121495,0.4512568976088289,428,0.8109559613319012,0.6582388840453357,0.726660250240616,1147,0.9076354679802956,0.537956204379562,0.6755270394133822,1370,0.9926303854875284,0.9920679886685552,0.9923491073958628,1765,0.617814729087609,0.6755270394133822,NO_POOL_CONTROL,96,1000,1000,254.0,12.0,,,,,,,,,,,,,,
RECORDED,TARGET,BUS_B,BUS_A_to_BUS_B,BUS_A,BUS_B,ACC_GYR,RAW,FIVE_PARTITION_UNLABELED_BUDGET,3,0,0,False,0,,2025-04-01|2025-04-03|2025-04-07|2025-04-09|2025-04-14|2025-04-21|2025-05-27|2025-05-29|2025-05-30|2025-06-03|2025-06-12|2025-06-26,2941,12,0,0.0,0.0,0.0,0.7201632097925875,0.6409912845838563,0.6183081717150014,0.4533565823888404,0.9883953581432572,0.494945776238916,0.552327535984537,0.2186978297161936,0.4132492113564668,0.2860262008733624,317,0.6776859504132231,0.8282828282828283,0.7454545454545455,594,0.7142857142857143,0.3320561941251596,0.4533565823888404,783,0.9864217252396166,0.9903769045709704,0.9883953581432572,1247,0.494945776238916,0.4533565823888404,NO_POOL_CONTROL,96,1000,1000,,,,,,,,,,,,,,,,
RECORDED,TARGET,BUS_B,BUS_A_to_BUS_B,BUS_A,BUS_B,ACC_GYR,CAUSAL,FIVE_PARTITION_UNLABELED_BUDGET,3,0,0,False,0,,2025-04-01|2025-04-03|2025-04-07|2025-04-09|2025-04-14|2025-04-21|2025-05-27|2025-05-29|2025-05-30|2025-06-03|2025-06-12|2025-06-26,2941,12,0,0.0,0.0,0.0,0.9183951037062223,0.8757158807709151,0.8717246982183859,0.961139896373057,0.988376753507014,0.8328406797888431,0.9074907774802544,0.6628895184135978,0.7381703470031545,0.6985074626865672,317,0.8497409326424871,0.8282828282828283,0.8388746803069054,594,0.9750328515111696,0.9476372924648788,0.961139896373057,783,0.9879807692307692,0.9887730553327988,0.988376753507014,1247,0.8328406797888431,0.961139896373057,NO_POOL_CONTROL,96,1000,1000,254.0,12.0,,,,,,,,,,,,,,
RECORDED,TARGET,BUS_B,BUS_A_to_BUS_B,BUS_A,BUS_B,ACC_GYR,RAW,FIVE_PARTITION_UNLABELED_BUDGET,4,0,0,False,0,,2025-04-03|2025-04-07|2025-04-09|2025-04-14|2025-04-17|2025-05-16|2025-05-28|2025-06-02|2025-06-05|2025-06-11|2025-06-13|2025-06-26,5358,12,0,0.0,0.0,0.0,0.6549085479656588,0.5619103080431723,0.561049751822809,0.4452759588400374,0.9933269780743564,0.4169573430722931,0.5147402346297004,0.1152234636871508,0.3518123667377398,0.1735928458705944,469,0.7279480037140205,0.5584045584045584,0.6320032245062475,1404,0.6372155287817939,0.3421998562185478,0.4452759588400374,1391,0.9914367269267363,0.9952244508118434,0.9933269780743564,2094,0.4169573430722931,0.4452759588400374,NO_POOL_CONTROL,96,1000,1000,,,,,,,,,,,,,,,,
RECORDED,TARGET,BUS_B,BUS_A_to_BUS_B,BUS_A,BUS_B,ACC_GYR,CAUSAL,FIVE_PARTITION_UNLABELED_BUDGET,4,0,0,False,0,,2025-04-03|2025-04-07|2025-04-09|2025-04-14|2025-04-17|2025-05-16|2025-05-28|2025-06-02|2025-06-05|2025-06-11|2025-06-13|2025-06-26,5358,12,0,0.0,0.0,0.0,0.7474804031354984,0.7217880082246109,0.676844187392994,0.5763688760806917,0.9942748091603052,0.5710339801372236,0.636654062868073,0.2555865921787709,0.7803837953091685,0.3850604944765912,469,0.8399296394019349,0.6801994301994302,0.751672569854388,1404,0.8683068017366136,0.4313443565780014,0.5763688760806917,1391,0.9933269780743564,0.9952244508118434,0.9942748091603052,2094,0.5710339801372236,0.5763688760806917,NO_POOL_CONTROL,96,1000,1000,254.0,12.0,,,,,,,,,,,,,,
RECORDED,TARGET,BUS_B,BUS_A_to_BUS_B,BUS_A,BUS_B,ACC_GYR,RAW,FIVE_PARTITION_UNLABELED_BUDGET,5,0,0,False,0,,2025-04-03|2025-04-04|2025-04-11|2025-04-30|2025-05-12|2025-05-27|2025-05-29|2025-06-02|2025-06-05|2025-06-11|2025-06-13|2025-06-26,4946,12,0,0.0,0.0,0.0,0.6763040841083704,0.5716160165805418,0.5556424102446507,0.4405940594059406,0.9910563210055596,0.4105044399910142,0.5096230699091666,0.0719424460431654,0.4219409282700422,0.1229256299938537,237,0.8225490196078431,0.5623324396782842,0.6679936305732485,1492,0.7705627705627706,0.3084922010398613,0.4405940594059406,1154,0.9884281581485052,0.9936984973339796,0.9910563210055596,2063,0.4105044399910142,0.4405940594059406,NO_POOL_CONTROL,96,1000,1000,,,,,,,,,,,,,,,,
RECORDED,TARGET,BUS_B,BUS_A_to_BUS_B,BUS_A,BUS_B,ACC_GYR,CAUSAL,FIVE_PARTITION_UNLABELED_BUDGET,5,0,0,False,0,,2025-04-03|2025-04-04|2025-04-11|2025-04-30|2025-05-12|2025-05-27|2025-05-29|2025-06-02|2025-06-05|2025-06-11|2025-06-13|2025-06-26,4946,12,0,0.0,0.0,0.0,0.7009704811969268,0.6053572604914463,0.5840812241059667,0.4842105263157895,0.9915315751270264,0.4482644404322802,0.5441329449898958,0.0826627651792245,0.4767932489451477,0.1408977556109725,237,0.8721374045801527,0.6126005361930295,0.7196850393700788,1492,0.8481561822125814,0.3388214904679376,0.4842105263157895,1154,0.989855072463768,0.9932137663596704,0.9915315751270264,2063,0.4482644404322802,0.4842105263157895,NO_POOL_CONTROL,96,1000,1000,254.0,12.0,,,,,,,,,,,,,,
RECORDED,TARGET,BUS_B,BUS_A_to_BUS_B,BUS_A,BUS_B,ACC_MAG_GYR,RAW,FIVE_PARTITION_UNLABELED_BUDGET,1,0,0,False,0,,2025-04-01|2025-04-03|2025-04-04|2025-04-07|2025-04-25|2025-05-12|2025-05-16|2025-05-28|2025-06-11|2025-06-13|2025-06-17|2025-06-26,5331,12,0,0.0,0.0,0.0,0.6621646970549615,0.593888135743553,0.4909168441808594,0.0130505709624796,0.9875518672199172,0.3253718365011735,0.2997703348935075,0.2208588957055214,0.7039106145251397,0.3362241494329553,358,0.5905759162303665,0.6678507992895204,0.6268407891080856,1689,0.0879120879120879,0.0070484581497797,0.0130505709624796,1135,0.9785290086797624,0.996742671009772,0.9875518672199172,2149,0.3253718365011735,0.0130505709624796,NO_POOL_CONTROL,137,1000,1000,,,,,,,,,,,,,,,,
RECORDED,TARGET,BUS_B,BUS_A_to_BUS_B,BUS_A,BUS_B,ACC_MAG_GYR,CAUSAL,FIVE_PARTITION_UNLABELED_BUDGET,1,0,0,False,0,,2025-04-01|2025-04-03|2025-04-04|2025-04-07|2025-04-25|2025-05-12|2025-05-16|2025-05-28|2025-06-11|2025-06-13|2025-06-17|2025-06-26,5331,12,0,0.0,0.0,0.0,0.7118739448508723,0.6311770486599777,0.5587326775376527,0.1636363636363636,0.989819527996298,0.4150370607181042,0.4006941519771371,0.1872,0.6536312849162011,0.291044776119403,358,0.8090514569125853,0.7726465364120781,0.7904300423985463,1689,0.3966101694915254,0.1030837004405286,0.1636363636363636,1135,0.9843534284399448,0.9953466728711028,0.989819527996298,2149,0.4150370607181042,0.1636363636363636,NO_POOL_CONTROL,137,1000,1000,254.0,12.0,,,,,,,,,,,,,,
RECORDED,TARGET,BUS_B,BUS_A_to_BUS_B,BUS_A,BUS_B,ACC_MAG_GYR,RAW,FIVE_PARTITION_UNLABELED_BUDGET,2,0,0,False,0,,2025-04-01|2025-04-04|2025-04-09|2025-04-17|2025-04-28|2025-05-12|2025-05-27|2025-05-29|2025-06-05|2025-06-11|2025-06-12|2025-06-26,4710,12,0,0.0,0.0,0.0,0.5753715498938429,0.5099264048176423,0.4463784499779623,0.0239377618192698,0.9920814479638008,0.2644774506493494,0.2774021747144853,0.1567164179104477,0.3434579439252336,0.2152269399707174,428,0.4641176470588235,0.6878814298169137,0.5542676501580611,1147,0.0664451827242525,0.0145985401459854,0.0239377618192698,1370,0.9904009034443816,0.9937677053824364,0.9920814479638008,1765,0.2644774506493494,0.0239377618192698,NO_POOL_CONTROL,137,1000,1000,,,,,,,,,,,,,,,,
RECORDED,TARGET,BUS_B,BUS_A_to_BUS_B,BUS_A,BUS_B,ACC_MAG_GYR,CAUSAL,FIVE_PARTITION_UNLABELED_BUDGET,2,0,0,False,0,,2025-04-01|2025-04-04|2025-04-09|2025-04-17|2025-04-28|2025-05-12|2025-05-27|2025-05-29|2025-06-05|2025-06-11|2025-06-12|2025-06-26,4710,12,0,0.0,0.0,0.0,0.7541401273885351,0.7603764079049267,0.6950103703072456,0.5503222607833416,0.9926303854875284,0.5958036985804847,0.6371351264976839,0.3223350253807107,0.8901869158878505,0.4732919254658385,428,0.7737030411449016,0.7541412380122058,0.7637969094922737,1147,0.8578052550231839,0.4051094890510949,0.5503222607833416,1370,0.993193420306296,0.9920679886685552,0.9926303854875284,1765,0.5958036985804847,0.5503222607833416,NO_POOL_CONTROL,137,1000,1000,254.0,12.0,,,,,,,,,,,,,,
RECORDED,TARGET,BUS_B,BUS_A_to_BUS_B,BUS_A,BUS_B,ACC_MAG_GYR,RAW,FIVE_PARTITION_UNLABELED_BUDGET,3,0,0,False,0,,2025-04-01|2025-04-03|2025-04-07|2025-04-09|2025-04-14|2025-04-21|2025-05-27|2025-05-29|2025-05-30|2025-06-03|2025-06-12|2025-06-26,2941,12,0,0.0,0.0,0.0,0.6630397823869432,0.6132789305811499,0.523734494461377,0.0272417707150964,0.988009592326139,0.3689761285064563,0.3251374049628648,0.4245283018867924,0.5678233438485805,0.48582995951417,317,0.4484536082474227,0.8787878787878788,0.5938566552901023,594,0.1224489795918367,0.0153256704980842,0.0272417707150964,783,0.9848605577689244,0.9911788291900562,0.988009592326139,1247,0.3689761285064563,0.0272417707150964,NO_POOL_CONTROL,137,1000,1000,,,,,,,,,,,,,,,,
RECORDED,TARGET,BUS_B,BUS_A_to_BUS_B,BUS_A,BUS_B,ACC_MAG_GYR,CAUSAL,FIVE_PARTITION_UNLABELED_BUDGET,3,0,0,False,0,,2025-04-01|2025-04-03|2025-04-07|2025-04-09|2025-04-14|2025-04-21|2025-05-27|2025-05-29|2025-05-30|2025-06-03|2025-06-12|2025-06-26,2941,12,0,0.0,0.0,0.0,0.7830669840190412,0.7557053124164981,0.7338817275775829,0.5808124459809854,0.988376753507014,0.6490500522677726,0.6726540149389438,0.7050561797752809,0.7917981072555205,0.7459138187221397,317,0.5015576323987538,0.8131313131313131,0.6204238921001927,594,0.8983957219251337,0.4291187739463601,0.5808124459809854,783,0.9879807692307692,0.9887730553327988,0.988376753507014,1247,0.6490500522677726,0.5808124459809854,NO_POOL_CONTROL,137,1000,1000,254.0,12.0,,,,,,,,,,,,,,
RECORDED,TARGET,BUS_B,BUS_A_to_BUS_B,BUS_A,BUS_B,ACC_MAG_GYR,RAW,FIVE_PARTITION_UNLABELED_BUDGET,4,0,0,False,0,,2025-04-03|2025-04-07|2025-04-09|2025-04-14|2025-04-17|2025-05-16|2025-05-28|2025-06-02|2025-06-05|2025-06-11|2025-06-13|2025-06-26,5358,12,0,0.0,0.0,0.0,0.5938783128032848,0.4929200171177927,0.4399522732689307,0.0188679245283018,0.9938036224976168,0.2553351568593686,0.2715185337726791,0.1469957081545064,0.2921108742004264,0.1955745895788722,469,0.4675581971272907,0.6723646723646723,0.5515629564709319,1404,0.0524590163934426,0.0115025161754133,0.0188679245283018,1391,0.9919124643196956,0.995702005730659,0.9938036224976168,2094,0.2553351568593686,0.0188679245283018,NO_POOL_CONTROL,137,1000,1000,,,,,,,,,,,,,,,,
RECORDED,TARGET,BUS_B,BUS_A_to_BUS_B,BUS_A,BUS_B,ACC_MAG_GYR,CAUSAL,FIVE_PARTITION_UNLABELED_BUDGET,4,0,0,False,0,,2025-04-03|2025-04-07|2025-04-09|2025-04-14|2025-04-17|2025-05-16|2025-05-28|2025-06-02|2025-06-05|2025-06-11|2025-06-13|2025-06-26,5358,12,0,0.0,0.0,0.0,0.7150055991041433,0.7030487591185044,0.6208202686771526,0.3169897377423033,0.9942748091603052,0.4963354218494349,0.4992880563032128,0.2634338138925295,0.8571428571428571,0.4030075187969925,469,0.7782640408460978,0.75997150997151,0.769009009009009,1404,0.7658402203856749,0.1998562185478073,0.3169897377423033,1391,0.9933269780743564,0.9952244508118434,0.9942748091603052,2094,0.4963354218494349,0.3169897377423033,NO_POOL_CONTROL,137,1000,1000,254.0,12.0,,,,,,,,,,,,,,
RECORDED,TARGET,BUS_B,BUS_A_to_BUS_B,BUS_A,BUS_B,ACC_MAG_GYR,RAW,FIVE_PARTITION_UNLABELED_BUDGET,5,0,0,False,0,,2025-04-03|2025-04-04|2025-04-11|2025-04-30|2025-05-12|2025-05-27|2025-05-29|2025-06-02|2025-06-05|2025-06-11|2025-06-13|2025-06-26,4946,12,0,0.0,0.0,0.0,0.6435503437120906,0.5340450295446862,0.4520930210725996,0.0268562401263823,0.9910563210055596,0.272438587761613,0.2819983086941127,0.1171960569550931,0.4514767932489451,0.1860869565217391,237,0.5462912831618841,0.6762734584450402,0.6043725666367176,1492,0.1517857142857142,0.0147313691507798,0.0268562401263823,1154,0.9884281581485052,0.9936984973339796,0.9910563210055596,2063,0.272438587761613,0.0268562401263823,NO_POOL_CONTROL,137,1000,1000,,,,,,,,,,,,,,,,
RECORDED,TARGET,BUS_B,BUS_A_to_BUS_B,BUS_A,BUS_B,ACC_MAG_GYR,CAUSAL,FIVE_PARTITION_UNLABELED_BUDGET,5,0,0,False,0,,2025-04-03|2025-04-04|2025-04-11|2025-04-30|2025-05-12|2025-05-27|2025-05-29|2025-06-02|2025-06-05|2025-06-11|2025-06-13|2025-06-26,4946,12,0,0.0,0.0,0.0,0.7035988677719369,0.6119128269539209,0.5604731115748791,0.2925122463261022,0.9915315751270264,0.4167869570574966,0.4532887654753683,0.0952380952380952,0.540084388185654,0.1619228336495888,237,0.8703261734287987,0.7332439678284183,0.7959257911967988,1492,0.76,0.181109185441941,0.2925122463261022,1154,0.989855072463768,0.9932137663596704,0.9915315751270264,2063,0.4167869570574966,0.2925122463261022,NO_POOL_CONTROL,137,1000,1000,254.0,12.0,,,,,,,,,,,,,,
RECORDED,SOURCE,BUS_B,BUS_B_to_BUS_A,BUS_B,BUS_A,ACC,RAW,FIVE_PARTITION_UNLABELED_BUDGET,1,0,0,False,0,,2024-06-04|2024-06-20|2024-07-09|2024-10-29|2024-11-13|2025-01-14|2025-02-17|2025-03-10|2025-04-07|2025-04-25|2025-11-10|2025-12-11,5100,12,0,0.0,0.0,0.0,0.72,0.5991706135118868,0.5373851365794289,0.0,0.996667407242835,0.3842910463582935,0.3224310819476573,0.4565416285452882,0.5348338692390139,0.4925962487660414,933,0.533256880733945,0.8667287977632805,0.6602768903088392,1073,0.0,0.0,0.0,840,0.9982198486871384,0.9951197870452528,0.996667407242835,2254,0.3842910463582935,0.0,NO_POOL_CONTROL,54,1000,1000,,,,,,,,,,,,,,,,
RECORDED,SOURCE,BUS_B,BUS_B_to_BUS_A,BUS_B,BUS_A,ACC,CAUSAL,FIVE_PARTITION_UNLABELED_BUDGET,1,0,0,False,0,,2024-06-04|2024-06-20|2024-07-09|2024-10-29|2024-11-13|2025-01-14|2025-02-17|2025-03-10|2025-04-07|2025-04-25|2025-11-10|2025-12-11,5100,12,0,0.0,0.0,0.0,0.7362745098039216,0.6227345153118271,0.5743888927199845,0.1054994388327721,0.9957787158409244,0.4339256183463379,0.3868331111650995,0.4938967136150234,0.5637727759914255,0.5265265265265265,933,0.5417386298215314,0.8769804287045666,0.6697508896797153,1073,0.9215686274509804,0.0559523809523809,0.1054994388327721,840,0.9973297730307076,0.9942324755989352,0.9957787158409244,2254,0.4339256183463379,0.1054994388327721,NO_POOL_CONTROL,54,1000,1000,30.0,12.0,,,,,,,,,,,,,,
RECORDED,SOURCE,BUS_B,BUS_B_to_BUS_A,BUS_B,BUS_A,ACC,RAW,FIVE_PARTITION_UNLABELED_BUDGET,2,0,0,False,0,,2024-07-08|2024-10-10|2024-10-18|2025-01-02|2025-01-08|2025-01-16|2025-02-04|2025-02-07|2025-04-09|2025-08-13|2025-08-22|2025-12-01,5078,12,0,0.0,0.0,0.0,0.7772745175265853,0.5907939609031814,0.5531032295737714,0.0,0.9947175944737912,0.4058984412737649,0.3318619377442628,0.6673366834170854,0.5018896447467877,0.5729076790336497,1323,0.5122699386503068,0.8697916666666666,0.6447876447876448,960,0.0,0.0,0.0,326,0.9979616795760292,0.991494532199271,0.9947175944737912,2469,0.4058984412737649,0.0,NO_POOL_CONTROL,54,1000,1000,,,,,,,,,,,,,,,,
RECORDED,SOURCE,BUS_B,BUS_B_to_BUS_A,BUS_B,BUS_A,ACC,CAUSAL,FIVE_PARTITION_UNLABELED_BUDGET,2,0,0,False,0,,2024-07-08|2024-10-10|2024-10-18|2025-01-02|2025-01-08|2025-01-16|2025-02-04|2025-02-07|2025-04-09|2025-08-13|2025-08-22|2025-12-01,5078,12,0,0.0,0.0,0.0,0.8018905080740449,0.619116582764758,0.5849503067983846,0.0241691842900302,0.9943089430894309,0.4484974280347024,0.3606378577950428,0.7072029934518241,0.5714285714285714,0.6321070234113713,1323,0.557630392788152,0.9020833333333332,0.6892160764027059,960,0.8,0.0122699386503067,0.0241691842900302,326,0.9979600163198694,0.9906844876468206,0.9943089430894309,2469,0.4484974280347024,0.0241691842900302,NO_POOL_CONTROL,54,1000,1000,30.0,12.0,,,,,,,,,,,,,,
RECORDED,SOURCE,BUS_B,BUS_B_to_BUS_A,BUS_B,BUS_A,ACC,RAW,FIVE_PARTITION_UNLABELED_BUDGET,3,0,0,False,0,,2024-05-06|2024-05-21|2024-06-10|2024-07-04|2024-10-18|2025-01-01|2025-03-07|2025-04-25|2025-04-28|2025-10-28|2025-11-06|2025-11-24,3863,12,0,0.0,0.0,0.0,0.7147294848563293,0.6060270319895247,0.5536010178036578,0.003584229390681,0.9980106100795756,0.4054644870450185,0.333594302438467,0.5690115761353517,0.5867768595041323,0.5777576853526221,1089,0.5112033195020746,0.8380952380952381,0.6350515463917525,735,0.0357142857142857,0.0018867924528301,0.003584229390681,530,0.9986728599867286,0.997349237905898,0.9980106100795756,1509,0.4054644870450185,0.003584229390681,NO_POOL_CONTROL,54,1000,1000,,,,,,,,,,,,,,,,
RECORDED,SOURCE,BUS_B,BUS_B_to_BUS_A,BUS_B,BUS_A,ACC,CAUSAL,FIVE_PARTITION_UNLABELED_BUDGET,3,0,0,False,0,,2024-05-06|2024-05-21|2024-06-10|2024-07-04|2024-10-18|2025-01-01|2025-03-07|2025-04-25|2025-04-28|2025-10-28|2025-11-06|2025-11-24,3863,12,0,0.0,0.0,0.0,0.7224954698420917,0.6132752352047827,0.5588274077934399,0.0037383177570093,0.9990062934746604,0.4121011125663663,0.3367917717788676,0.5777972027972028,0.6069788797061524,0.5920286609941783,1089,0.5157807308970099,0.8448979591836735,0.6405363589479113,735,0.2,0.0018867924528301,0.0037383177570093,530,0.9986754966887416,0.9993373094764744,0.9990062934746604,1509,0.4121011125663663,0.0037383177570093,NO_POOL_CONTROL,54,1000,1000,30.0,12.0,,,,,,,,,,,,,,
RECORDED,SOURCE,BUS_B,BUS_B_to_BUS_A,BUS_B,BUS_A,ACC,RAW,FIVE_PARTITION_UNLABELED_BUDGET,4,0,0,False,0,,2024-05-03|2024-05-17|2024-08-09|2025-01-31|2025-02-13|2025-03-13|2025-03-19|2025-04-01|2025-05-14|2025-05-22|2025-08-20|2025-12-10,3780,12,0,0.0,0.0,0.0,0.7732804232804232,0.5864928228094421,0.5495825166788576,0.0,0.996808510638298,0.4005071853590441,0.3297495100073145,0.4817150063051702,0.5978090766823161,0.5335195530726257,639,0.5992812219227314,0.754524886877828,0.6680020030045067,884,0.0,0.0,0.0,371,1.0,0.9936373276776246,0.996808510638298,1886,0.4005071853590441,0.0,NO_POOL_CONTROL,54,1000,1000,,,,,,,,,,,,,,,,
RECORDED,SOURCE,BUS_B,BUS_B_to_BUS_A,BUS_B,BUS_A,ACC,CAUSAL,FIVE_PARTITION_UNLABELED_BUDGET,4,0,0,False,0,,2024-05-03|2024-05-17|2024-08-09|2025-01-31|2025-02-13|2025-03-13|2025-03-19|2025-04-01|2025-05-14|2025-05-22|2025-08-20|2025-12-10,3780,12,0,0.0,0.0,0.0,0.7701058201058201,0.5828404770177247,0.5462410498237678,0.0,0.9970752459452272,0.3959629844499479,0.3277446298942606,0.4715346534653465,0.596244131455399,0.5266067726330339,639,0.5970829535095715,0.7409502262443439,0.6612821807168097,884,0.0,0.0,0.0,371,1.0,0.994167550371156,0.9970752459452272,1886,0.3959629844499479,0.0,NO_POOL_CONTROL,54,1000,1000,30.0,12.0,,,,,,,,,,,,,,
RECORDED,SOURCE,BUS_B,BUS_B_to_BUS_A,BUS_B,BUS_A,ACC,RAW,FIVE_PARTITION_UNLABELED_BUDGET,5,0,0,False,0,,2024-04-29|2024-07-04|2024-10-01|2024-11-13|2025-02-11|2025-02-13|2025-03-14|2025-04-10|2025-04-21|2025-05-07|2025-05-09|2025-08-22,4951,12,0,0.0,0.0,0.0,0.7010704908099374,0.5305458360410195,0.5064432820904408,0.0046728971962616,0.9966232513265798,0.3430499590117277,0.3057351281327691,0.4403755868544601,0.3944491169049621,0.4161490683229814,1189,0.520891364902507,0.7310398749022674,0.6083279115159401,1279,0.0434782608695652,0.0024691358024691,0.0046728971962616,405,0.9990328820116054,0.9942252165543792,0.9966232513265798,2078,0.3430499590117277,0.0046728971962616,NO_POOL_CONTROL,54,1000,1000,,,,,,,,,,,,,,,,
RECORDED,SOURCE,BUS_B,BUS_B_to_BUS_A,BUS_B,BUS_A,ACC,CAUSAL,FIVE_PARTITION_UNLABELED_BUDGET,5,0,0,False,0,,2024-04-29|2024-07-04|2024-10-01|2024-11-13|2025-02-11|2025-02-13|2025-03-14|2025-04-10|2025-04-21|2025-05-07|2025-05-09|2025-08-22,4951,12,0,0.0,0.0,0.0,0.7261159361745102,0.5568008969391498,0.533121188701365,0.0098280098280098,0.9971070395371264,0.3784592384227779,0.3238039171520229,0.4941077441077441,0.4936921783010933,0.4938998737904922,1189,0.5547013601419278,0.7333854573885848,0.6316498316498317,1279,1.0,0.0049382716049382,0.0098280098280098,405,0.9990338164251208,0.9951876804619828,0.9971070395371264,2078,0.3784592384227779,0.0098280098280098,NO_POOL_CONTROL,54,1000,1000,30.0,12.0,,,,,,,,,,,,,,
RECORDED,SOURCE,BUS_B,BUS_B_to_BUS_A,BUS_B,BUS_A,ACC_MAG,RAW,FIVE_PARTITION_UNLABELED_BUDGET,1,0,0,False,0,,2024-06-04|2024-06-20|2024-07-09|2024-10-29|2024-11-13|2025-01-14|2025-02-17|2025-03-10|2025-04-07|2025-04-25|2025-11-10|2025-12-11,5100,12,0,0.0,0.0,0.0,0.7229411764705882,0.6103099587357974,0.5462096384416251,0.0,0.987438313144908,0.3991334135405308,0.327725783064975,0.4355453852021357,0.6120042872454448,0.5089126559714795,933,0.5772870662460567,0.8527493010251631,0.6884875846501128,1073,0.0,0.0,0.0,840,0.9986388384754992,0.976486246672582,0.987438313144908,2254,0.3991334135405308,0.0,NO_POOL_CONTROL,95,1000,1000,,,,,,,,,,,,,,,,
RECORDED,SOURCE,BUS_B,BUS_B_to_BUS_A,BUS_B,BUS_A,ACC_MAG,CAUSAL,FIVE_PARTITION_UNLABELED_BUDGET,1,0,0,False,0,,2024-06-04|2024-06-20|2024-07-09|2024-10-29|2024-11-13|2025-01-14|2025-02-17|2025-03-10|2025-04-07|2025-04-25|2025-11-10|2025-12-11,5100,12,0,0.0,0.0,0.0,0.7270588235294118,0.6165674169519916,0.5521188000006977,0.0,0.9883460331689824,0.406709722277936,0.3312712800004186,0.4473118279569892,0.6688102893890675,0.5360824742268041,933,0.5871743486973948,0.8191985088536813,0.6840466926070039,1073,0.0,0.0,0.0,840,0.998641304347826,0.9782608695652174,0.9883460331689824,2254,0.406709722277936,0.0,NO_POOL_CONTROL,95,1000,1000,30.0,12.0,,,,,,,,,,,,,,
RECORDED,SOURCE,BUS_B,BUS_B_to_BUS_A,BUS_B,BUS_A,ACC_MAG,RAW,FIVE_PARTITION_UNLABELED_BUDGET,2,0,0,False,0,,2024-07-08|2024-10-10|2024-10-18|2025-01-02|2025-01-08|2025-01-16|2025-02-04|2025-02-07|2025-04-09|2025-08-13|2025-08-22|2025-12-01,5078,12,0,0.0,0.0,0.0,0.8011027963765261,0.6164332206319817,0.5836966684812823,0.0,0.9845900965687282,0.4500655257854671,0.3502180010887694,0.6565118050266565,0.6515495086923658,0.65402124430956,1323,0.5925384052670081,0.84375,0.6961753330468414,960,0.0,0.0,0.0,326,0.999165971643036,0.9704333738355608,0.9845900965687282,2469,0.4500655257854671,0.0,NO_POOL_CONTROL,95,1000,1000,,,,,,,,,,,,,,,,
RECORDED,SOURCE,BUS_B,BUS_B_to_BUS_A,BUS_B,BUS_A,ACC_MAG,CAUSAL,FIVE_PARTITION_UNLABELED_BUDGET,2,0,0,False,0,,2024-07-08|2024-10-10|2024-10-18|2025-01-02|2025-01-08|2025-01-16|2025-02-04|2025-02-07|2025-04-09|2025-08-13|2025-08-22|2025-12-01,5078,12,0,0.0,0.0,0.0,0.784757778653013,0.5995961027856532,0.5662378459897466,0.0,0.985632183908046,0.4264397333503134,0.3397427075938479,0.6394779771615008,0.5925925925925926,0.6151431934091801,1323,0.5521048999309869,0.8333333333333334,0.66417600664176,960,0.0,0.0,0.0,326,0.9991677070328756,0.9724584852166868,0.985632183908046,2469,0.4264397333503134,0.0,NO_POOL_CONTROL,95,1000,1000,30.0,12.0,,,,,,,,,,,,,,
RECORDED,SOURCE,BUS_B,BUS_B_to_BUS_A,BUS_B,BUS_A,ACC_MAG,RAW,FIVE_PARTITION_UNLABELED_BUDGET,3,0,0,False,0,,2024-05-06|2024-05-21|2024-06-10|2024-07-04|2024-10-18|2025-01-01|2025-03-07|2025-04-25|2025-04-28|2025-10-28|2025-11-06|2025-11-24,3863,12,0,0.0,0.0,0.0,0.7362153766502718,0.6240456587697816,0.573390966294044,0.0,0.9926617745163442,0.4336340302199439,0.3440345797764264,0.5636634400595681,0.6951331496786042,0.6225328947368421,1089,0.5809893307468477,0.8149659863945579,0.6783691959229898,735,0.0,0.0,0.0,530,0.9993284083277368,0.9860834990059644,0.9926617745163442,1509,0.4336340302199439,0.0,NO_POOL_CONTROL,95,1000,1000,,,,,,,,,,,,,,,,
RECORDED,SOURCE,BUS_B,BUS_B_to_BUS_A,BUS_B,BUS_A,ACC_MAG,CAUSAL,FIVE_PARTITION_UNLABELED_BUDGET,3,0,0,False,0,,2024-05-06|2024-05-21|2024-06-10|2024-07-04|2024-10-18|2025-01-01|2025-03-07|2025-04-25|2025-04-28|2025-10-28|2025-11-06|2025-11-24,3863,12,0,0.0,0.0,0.0,0.7408749676417292,0.629283566605092,0.577360400928348,0.0,0.9926617745163442,0.4389266097323492,0.3464162405570087,0.5764883195177091,0.7024793388429752,0.6332781456953642,1089,0.5816618911174785,0.8285714285714286,0.6835016835016835,735,0.0,0.0,0.0,530,0.9993284083277368,0.9860834990059644,0.9926617745163442,1509,0.4389266097323492,0.0,NO_POOL_CONTROL,95,1000,1000,30.0,12.0,,,,,,,,,,,,,,
RECORDED,SOURCE,BUS_B,BUS_B_to_BUS_A,BUS_B,BUS_A,ACC_MAG,RAW,FIVE_PARTITION_UNLABELED_BUDGET,4,0,0,False,0,,2024-05-03|2024-05-17|2024-08-09|2025-01-31|2025-02-13|2025-03-13|2025-03-19|2025-04-01|2025-05-14|2025-05-22|2025-08-20|2025-12-10,3780,12,0,0.0,0.0,0.0,0.7542328042328043,0.5699614551241483,0.5334424351673847,0.0,0.9914484233030464,0.3807737724554974,0.3200654611004307,0.4315673289183223,0.6118935837245696,0.5061488673139158,639,0.5943025540275049,0.6843891402714932,0.6361724500525763,884,0.0,0.0,0.0,371,0.9994612068965516,0.9835630965005302,0.9914484233030464,1886,0.3807737724554974,0.0,NO_POOL_CONTROL,95,1000,1000,,,,,,,,,,,,,,,,
RECORDED,SOURCE,BUS_B,BUS_B_to_BUS_A,BUS_B,BUS_A,ACC_MAG,CAUSAL,FIVE_PARTITION_UNLABELED_BUDGET,4,0,0,False,0,,2024-05-03|2024-05-17|2024-08-09|2025-01-31|2025-02-13|2025-03-13|2025-03-19|2025-04-01|2025-05-14|2025-05-22|2025-08-20|2025-12-10,3780,12,0,0.0,0.0,0.0,0.7677248677248677,0.5854099961742746,0.5472835138920914,0.0,0.9927903871829106,0.3987812227951517,0.3283701083352548,0.4577226606538895,0.6353677621283255,0.5321100917431193,639,0.6160541586073501,0.7205882352941176,0.6642335766423357,884,0.0,0.0,0.0,371,1.0,0.9856839872746552,0.9927903871829106,1886,0.3987812227951517,0.0,NO_POOL_CONTROL,95,1000,1000,30.0,12.0,,,,,,,,,,,,,,
RECORDED,SOURCE,BUS_B,BUS_B_to_BUS_A,BUS_B,BUS_A,ACC_MAG,RAW,FIVE_PARTITION_UNLABELED_BUDGET,5,0,0,False,0,,2024-04-29|2024-07-04|2024-10-01|2024-11-13|2025-02-11|2025-02-13|2025-03-14|2025-04-10|2025-04-21|2025-05-07|2025-05-09|2025-08-22,4951,12,0,0.0,0.0,0.0,0.7061199757624722,0.5379531356864318,0.5158567879401667,0.0,0.9939540507859734,0.356491033658231,0.3095140727641,0.4519940915805022,0.5147182506307821,0.4813212740857255,1189,0.5383116883116883,0.6481626270523847,0.5881518268889677,1279,0.0,0.0,0.0,405,0.9990277102576568,0.98893166506256,0.9939540507859734,2078,0.356491033658231,0.0,NO_POOL_CONTROL,95,1000,1000,,,,,,,,,,,,,,,,
RECORDED,SOURCE,BUS_B,BUS_B_to_BUS_A,BUS_B,BUS_A,ACC_MAG,CAUSAL,FIVE_PARTITION_UNLABELED_BUDGET,5,0,0,False,0,,2024-04-29|2024-07-04|2024-10-01|2024-11-13|2025-02-11|2025-02-13|2025-03-14|2025-04-10|2025-04-21|2025-05-07|2025-05-09|2025-08-22,4951,12,0,0.0,0.0,0.0,0.7293476065441326,0.561650344919154,0.5389269283313003,0.0147058823529411,0.9944404157602128,0.3870890991883294,0.3292385099399566,0.4897151898734177,0.520605550883095,0.5046881369751325,1189,0.5735384615384616,0.72869429241595,0.6418732782369146,1279,1.0,0.0074074074074074,0.0147058823529411,405,0.9990286546867412,0.9898941289701636,0.9944404157602128,2078,0.3870890991883294,0.0147058823529411,NO_POOL_CONTROL,95,1000,1000,30.0,12.0,,,,,,,,,,,,,,
RECORDED,SOURCE,BUS_B,BUS_B_to_BUS_A,BUS_B,BUS_A,ACC_GYR,RAW,FIVE_PARTITION_UNLABELED_BUDGET,1,0,0,False,0,,2024-06-04|2024-06-20|2024-07-09|2024-10-29|2024-11-13|2025-01-14|2025-02-17|2025-03-10|2025-04-07|2025-04-25|2025-11-10|2025-12-11,5100,12,0,0.0,0.0,0.0,0.722156862745098,0.6014395035905181,0.5400955813211256,0.0,0.9960229783473266,0.3881197823123918,0.3240573487926753,0.458008658008658,0.5669882100750268,0.5067049808429118,933,0.5408653846153846,0.8387698042870456,0.6576543660942638,1073,0.0,0.0,0.0,840,0.9920774647887324,1.0,0.9960229783473266,2254,0.3881197823123918,0.0,NO_POOL_CONTROL,96,1000,1000,,,,,,,,,,,,,,,,
RECORDED,SOURCE,BUS_B,BUS_B_to_BUS_A,BUS_B,BUS_A,ACC_GYR,CAUSAL,FIVE_PARTITION_UNLABELED_BUDGET,1,0,0,False,0,,2024-06-04|2024-06-20|2024-07-09|2024-10-29|2024-11-13|2025-01-14|2025-02-17|2025-03-10|2025-04-07|2025-04-25|2025-11-10|2025-12-11,5100,12,0,0.0,0.0,0.0,0.7347058823529412,0.6174591360324257,0.5541045716693013,0.0047281323877068,0.996243093922652,0.4067250642515177,0.3343539959566635,0.4955516014234875,0.5969989281886388,0.5415653864851726,933,0.5497351383166569,0.8704566635601119,0.6738816738816739,1073,0.3333333333333333,0.0023809523809523,0.0047281323877068,840,0.992514310876266,1.0,0.996243093922652,2254,0.4067250642515177,0.0047281323877068,NO_POOL_CONTROL,96,1000,1000,30.0,12.0,,,,,,,,,,,,,,
RECORDED,SOURCE,BUS_B,BUS_B_to_BUS_A,BUS_B,BUS_A,ACC_GYR,RAW,FIVE_PARTITION_UNLABELED_BUDGET,2,0,0,False,0,,2024-07-08|2024-10-10|2024-10-18|2025-01-02|2025-01-08|2025-01-16|2025-02-04|2025-02-07|2025-04-09|2025-08-13|2025-08-22|2025-12-01,5078,12,0,0.0,0.0,0.0,0.7946041748719969,0.6055193268410375,0.5705226711346816,0.0,0.9983792544570502,0.4279038100272254,0.3423136026808089,0.6681654676258992,0.5616024187452758,0.6102669404517453,1323,0.552368245496998,0.8625,0.6734444896299309,960,0.0,0.0,0.0,326,0.9987839481151196,0.997974888618874,0.9983792544570502,2469,0.4279038100272254,0.0,NO_POOL_CONTROL,96,1000,1000,,,,,,,,,,,,,,,,
RECORDED,SOURCE,BUS_B,BUS_B_to_BUS_A,BUS_B,BUS_A,ACC_GYR,CAUSAL,FIVE_PARTITION_UNLABELED_BUDGET,2,0,0,False,0,,2024-07-08|2024-10-10|2024-10-18|2025-01-02|2025-01-08|2025-01-16|2025-02-04|2025-02-07|2025-04-09|2025-08-13|2025-08-22|2025-12-01,5078,12,0,0.0,0.0,0.0,0.8154785348562427,0.6294794317163209,0.593296574507664,0.0,0.997974888618874,0.4584038031372606,0.3559779447045984,0.7251141552511415,0.600151171579743,0.6567411083540116,1323,0.589452603471295,0.9197916666666668,0.7184703010577705,960,0.0,0.0,0.0,326,0.997974888618874,0.997974888618874,0.997974888618874,2469,0.4584038031372606,0.0,NO_POOL_CONTROL,96,1000,1000,30.0,12.0,,,,,,,,,,,,,,
RECORDED,SOURCE,BUS_B,BUS_B_to_BUS_A,BUS_B,BUS_A,ACC_GYR,RAW,FIVE_PARTITION_UNLABELED_BUDGET,3,0,0,False,0,,2024-05-06|2024-05-21|2024-06-10|2024-07-04|2024-10-18|2025-01-01|2025-03-07|2025-04-25|2025-04-28|2025-10-28|2025-11-06|2025-11-24,3863,12,0,0.0,0.0,0.0,0.7092932953662956,0.5927475122280317,0.5454799160393766,0.0,0.9983460138934832,0.3945245500880077,0.3272879496236259,0.5478468899521531,0.6308539944903582,0.586427656850192,1089,0.500459981600736,0.7401360544217687,0.5971459934138309,735,0.0,0.0,0.0,530,0.9966974900924704,1.0,0.9983460138934832,1509,0.3945245500880077,0.0,NO_POOL_CONTROL,96,1000,1000,,,,,,,,,,,,,,,,
RECORDED,SOURCE,BUS_B,BUS_B_to_BUS_A,BUS_B,BUS_A,ACC_GYR,CAUSAL,FIVE_PARTITION_UNLABELED_BUDGET,3,0,0,False,0,,2024-05-06|2024-05-21|2024-06-10|2024-07-04|2024-10-18|2025-01-01|2025-03-07|2025-04-25|2025-04-28|2025-10-28|2025-11-06|2025-11-24,3863,12,0,0.0,0.0,0.0,0.7116230908620244,0.5981306572215663,0.5473831034251432,0.0,0.9983460138934832,0.3970621332690298,0.3284298620550859,0.5554628857381151,0.6115702479338843,0.5821678321678322,1089,0.4991304347826087,0.780952380952381,0.6090185676392573,735,0.0,0.0,0.0,530,0.9966974900924704,1.0,0.9983460138934832,1509,0.3970621332690298,0.0,NO_POOL_CONTROL,96,1000,1000,30.0,12.0,,,,,,,,,,,,,,
RECORDED,SOURCE,BUS_B,BUS_B_to_BUS_A,BUS_B,BUS_A,ACC_GYR,RAW,FIVE_PARTITION_UNLABELED_BUDGET,4,0,0,False,0,,2024-05-03|2024-05-17|2024-08-09|2025-01-31|2025-02-13|2025-03-13|2025-03-19|2025-04-01|2025-05-14|2025-05-22|2025-08-20|2025-12-10,3780,12,0,0.0,0.0,0.0,0.7796296296296297,0.5944047897237624,0.5564276339072981,0.0,1.0,0.4085701785430641,0.3338565803443789,0.4811764705882353,0.6400625978090767,0.5493619879113499,639,0.6245210727969349,0.7375565610859729,0.6763485477178424,884,0.0,0.0,0.0,371,1.0,1.0,1.0,1886,0.4085701785430641,0.0,NO_POOL_CONTROL,96,1000,1000,,,,,,,,,,,,,,,,
RECORDED,SOURCE,BUS_B,BUS_B_to_BUS_A,BUS_B,BUS_A,ACC_GYR,CAUSAL,FIVE_PARTITION_UNLABELED_BUDGET,4,0,0,False,0,,2024-05-03|2024-05-17|2024-08-09|2025-01-31|2025-02-13|2025-03-13|2025-03-19|2025-04-01|2025-05-14|2025-05-22|2025-08-20|2025-12-10,3780,12,0,0.0,0.0,0.0,0.7759259259259259,0.5869757256459824,0.5504918087613777,0.0,1.0,0.4006557450151702,0.3302950852568266,0.476010101010101,0.5899843505477308,0.5269042627533194,639,0.6085376930063578,0.7579185520361991,0.6750629722921915,884,0.0,0.0,0.0,371,1.0,1.0,1.0,1886,0.4006557450151702,0.0,NO_POOL_CONTROL,96,1000,1000,30.0,12.0,,,,,,,,,,,,,,
RECORDED,SOURCE,BUS_B,BUS_B_to_BUS_A,BUS_B,BUS_A,ACC_GYR,RAW,FIVE_PARTITION_UNLABELED_BUDGET,5,0,0,False,0,,2024-04-29|2024-07-04|2024-10-01|2024-11-13|2025-02-11|2025-02-13|2025-03-14|2025-04-10|2025-04-21|2025-05-07|2025-05-09|2025-08-22,4951,12,0,0.0,0.0,0.0,0.7133912340941224,0.5422711471735736,0.5176838019404602,0.0,0.9985576923076924,0.3573925051513828,0.3106102811642761,0.4675324675324675,0.4541631623212784,0.4607508532423208,1189,0.5338389731621938,0.7154026583268178,0.6114266622118276,1279,0.0,0.0,0.0,405,0.9975984630163304,0.9995187680461982,0.9985576923076924,2078,0.3573925051513828,0.0,NO_POOL_CONTROL,96,1000,1000,,,,,,,,,,,,,,,,
RECORDED,SOURCE,BUS_B,BUS_B_to_BUS_A,BUS_B,BUS_A,ACC_GYR,CAUSAL,FIVE_PARTITION_UNLABELED_BUDGET,5,0,0,False,0,,2024-04-29|2024-07-04|2024-10-01|2024-11-13|2025-02-11|2025-02-13|2025-03-14|2025-04-10|2025-04-21|2025-05-07|2025-05-09|2025-08-22,4951,12,0,0.0,0.0,0.0,0.7319733387194506,0.561186063749878,0.536108605604832,0.0,0.9987977879297908,0.381878878163179,0.3216651633628992,0.5067226890756302,0.5071488645920942,0.5069356872635561,1189,0.5629099582587954,0.7380766223612197,0.638700947225981,1279,0.0,0.0,0.0,405,0.9980778471888516,0.9995187680461982,0.9987977879297908,2078,0.381878878163179,0.0,NO_POOL_CONTROL,96,1000,1000,30.0,12.0,,,,,,,,,,,,,,
RECORDED,SOURCE,BUS_B,BUS_B_to_BUS_A,BUS_B,BUS_A,ACC_MAG_GYR,RAW,FIVE_PARTITION_UNLABELED_BUDGET,1,0,0,False,0,,2024-06-04|2024-06-20|2024-07-09|2024-10-29|2024-11-13|2025-01-14|2025-02-17|2025-03-10|2025-04-07|2025-04-25|2025-11-10|2025-12-11,5100,12,0,0.0,0.0,0.0,0.7309803921568627,0.613130001893561,0.5499684665908564,0.0,0.9971232573578224,0.4009168696685344,0.3299810799545138,0.4538087520259319,0.6002143622722401,0.5168435625288417,933,0.5736677115987461,0.8527493010251631,0.6859070464767616,1073,0.0,0.0,0.0,840,0.9947019867549668,0.9995563442768411,0.9971232573578224,2254,0.4009168696685344,0.0,NO_POOL_CONTROL,137,1000,1000,,,,,,,,,,,,,,,,
RECORDED,SOURCE,BUS_B,BUS_B_to_BUS_A,BUS_B,BUS_A,ACC_MAG_GYR,CAUSAL,FIVE_PARTITION_UNLABELED_BUDGET,1,0,0,False,0,,2024-06-04|2024-06-20|2024-07-09|2024-10-29|2024-11-13|2025-01-14|2025-02-17|2025-03-10|2025-04-07|2025-04-25|2025-11-10|2025-12-11,5100,12,0,0.0,0.0,0.0,0.7350980392156863,0.6180222525189397,0.5531634455725529,0.0,0.997341603898981,0.4051040594637435,0.3318980673435317,0.4838145231846019,0.5927116827438371,0.5327552986512524,933,0.5571933962264151,0.880708294501398,0.6825568797399784,1073,0.0,0.0,0.0,840,0.9960176991150442,0.9986690328305236,0.997341603898981,2254,0.4051040594637435,0.0,NO_POOL_CONTROL,137,1000,1000,30.0,12.0,,,,,,,,,,,,,,
RECORDED,SOURCE,BUS_B,BUS_B_to_BUS_A,BUS_B,BUS_A,ACC_MAG_GYR,RAW,FIVE_PARTITION_UNLABELED_BUDGET,2,0,0,False,0,,2024-07-08|2024-10-10|2024-10-18|2025-01-02|2025-01-08|2025-01-16|2025-02-04|2025-02-07|2025-04-09|2025-08-13|2025-08-22|2025-12-01,5078,12,0,0.0,0.0,0.0,0.8028751476959433,0.6144433147904766,0.5803675663906358,0.0,0.9969555510452608,0.4415049048390941,0.3482205398343814,0.6585976627712855,0.5963718820861678,0.6259420864736216,1323,0.5850914205344585,0.8666666666666667,0.6985726280436608,960,0.0,0.0,0.0,326,0.999186330349878,0.9947347104090724,0.9969555510452608,2469,0.4415049048390941,0.0,NO_POOL_CONTROL,137,1000,1000,,,,,,,,,,,,,,,,
RECORDED,SOURCE,BUS_B,BUS_B_to_BUS_A,BUS_B,BUS_A,ACC_MAG_GYR,CAUSAL,FIVE_PARTITION_UNLABELED_BUDGET,2,0,0,False,0,,2024-07-08|2024-10-10|2024-10-18|2025-01-02|2025-01-08|2025-01-16|2025-02-04|2025-02-07|2025-04-09|2025-08-13|2025-08-22|2025-12-01,5078,12,0,0.0,0.0,0.0,0.7871209137455691,0.6000958742144084,0.5627958028045882,0.0,0.9971590909090908,0.4180080401030873,0.3376774816827529,0.6641221374045801,0.5260770975056689,0.5870940531421341,1323,0.5372374283895608,0.8791666666666667,0.6669300671671277,960,0.0,0.0,0.0,326,0.9991866612444082,0.9951397326852977,0.9971590909090908,2469,0.4180080401030873,0.0,NO_POOL_CONTROL,137,1000,1000,30.0,12.0,,,,,,,,,,,,,,
RECORDED,SOURCE,BUS_B,BUS_B_to_BUS_A,BUS_B,BUS_A,ACC_MAG_GYR,RAW,FIVE_PARTITION_UNLABELED_BUDGET,3,0,0,False,0,,2024-05-06|2024-05-21|2024-06-10|2024-07-04|2024-10-18|2025-01-01|2025-03-07|2025-04-25|2025-04-28|2025-10-28|2025-11-06|2025-11-24,3863,12,0,0.0,0.0,0.0,0.7380274398136164,0.6233157174715616,0.5726952811670959,0.0,0.9983460138934832,0.4308117035916334,0.3436171687002575,0.5727341964965728,0.6905417814508723,0.6261448792672772,1089,0.5694980694980695,0.8027210884353742,0.6662902315076228,735,0.0,0.0,0.0,530,0.9966974900924704,1.0,0.9983460138934832,1509,0.4308117035916334,0.0,NO_POOL_CONTROL,137,1000,1000,,,,,,,,,,,,,,,,
RECORDED,SOURCE,BUS_B,BUS_B_to_BUS_A,BUS_B,BUS_A,ACC_MAG_GYR,CAUSAL,FIVE_PARTITION_UNLABELED_BUDGET,3,0,0,False,0,,2024-05-06|2024-05-21|2024-06-10|2024-07-04|2024-10-18|2025-01-01|2025-03-07|2025-04-25|2025-04-28|2025-10-28|2025-11-06|2025-11-24,3863,12,0,0.0,0.0,0.0,0.7219777375097075,0.611026021677696,0.5575108241569667,0.0,0.9986754966887416,0.4104559333130417,0.33450649449418,0.5668629100084104,0.6189164370982553,0.591747146619842,1089,0.5219260533104041,0.8258503401360544,0.6396206533192834,735,0.0,0.0,0.0,530,0.9980145598941098,0.9993373094764744,0.9986754966887416,1509,0.4104559333130417,0.0,NO_POOL_CONTROL,137,1000,1000,30.0,12.0,,,,,,,,,,,,,,
RECORDED,SOURCE,BUS_B,BUS_B_to_BUS_A,BUS_B,BUS_A,ACC_MAG_GYR,RAW,FIVE_PARTITION_UNLABELED_BUDGET,4,0,0,False,0,,2024-05-03|2024-05-17|2024-08-09|2025-01-31|2025-02-13|2025-03-13|2025-03-19|2025-04-01|2025-05-14|2025-05-22|2025-08-20|2025-12-10,3780,12,0,0.0,0.0,0.0,0.7716931216931217,0.584010689923881,0.5473252043260597,0.0,0.9994697773064688,0.3966103466659232,0.3283951225956358,0.4599056603773584,0.6103286384976526,0.5245460659045057,639,0.6137667304015296,0.7262443438914027,0.6652849740932643,884,0.0,0.0,0.0,371,0.9994697773064688,0.9994697773064688,0.9994697773064688,1886,0.3966103466659232,0.0,NO_POOL_CONTROL,137,1000,1000,,,,,,,,,,,,,,,,
RECORDED,SOURCE,BUS_B,BUS_B_to_BUS_A,BUS_B,BUS_A,ACC_MAG_GYR,CAUSAL,FIVE_PARTITION_UNLABELED_BUDGET,4,0,0,False,0,,2024-05-03|2024-05-17|2024-08-09|2025-01-31|2025-02-13|2025-03-13|2025-03-19|2025-04-01|2025-05-14|2025-05-22|2025-08-20|2025-12-10,3780,12,0,0.0,0.0,0.0,0.776984126984127,0.5889914201423438,0.5520007269389221,0.0,0.9992040328999736,0.4029329582852383,0.3312004361633532,0.4709517923362175,0.596244131455399,0.5262430939226519,639,0.6185661764705882,0.7613122171945701,0.6825557809330629,884,0.0,0.0,0.0,371,1.0,0.9984093319194062,0.9992040328999736,1886,0.4029329582852383,0.0,NO_POOL_CONTROL,137,1000,1000,30.0,12.0,,,,,,,,,,,,,,
RECORDED,SOURCE,BUS_B,BUS_B_to_BUS_A,BUS_B,BUS_A,ACC_MAG_GYR,RAW,FIVE_PARTITION_UNLABELED_BUDGET,5,0,0,False,0,,2024-04-29|2024-07-04|2024-10-01|2024-11-13|2025-02-11|2025-02-13|2025-03-14|2025-04-10|2025-04-21|2025-05-07|2025-05-09|2025-08-22,4951,12,0,0.0,0.0,0.0,0.7045041405776611,0.5336706780570764,0.5107853214709549,0.0,0.9983177120884402,0.3482745245984597,0.3064711928825729,0.4400977995110024,0.4541631623212784,0.4470198675496689,1189,0.5327217125382263,0.6810007818608288,0.5978037062457103,1279,0.0,0.0,0.0,405,0.9971195391262602,0.9995187680461982,0.9983177120884402,2078,0.3482745245984597,0.0,NO_POOL_CONTROL,137,1000,1000,,,,,,,,,,,,,,,,
RECORDED,SOURCE,BUS_B,BUS_B_to_BUS_A,BUS_B,BUS_A,ACC_MAG_GYR,CAUSAL,FIVE_PARTITION_UNLABELED_BUDGET,5,0,0,False,0,,2024-04-29|2024-07-04|2024-10-01|2024-11-13|2025-02-11|2025-02-13|2025-03-14|2025-04-10|2025-04-21|2025-05-07|2025-05-09|2025-08-22,4951,12,0,0.0,0.0,0.0,0.7180367602504545,0.5479003231625778,0.5241440618634265,0.0147058823529411,0.9985569985569984,0.3660064162989025,0.3203687900592323,0.4688057040998217,0.4423885618166526,0.4552141929900476,1189,0.5441008018327605,0.7427677873338546,0.628099173553719,1279,1.0,0.0074074074074074,0.0147058823529411,405,0.9980769230769232,0.9990375360923964,0.9985569985569984,2078,0.3660064162989025,0.0147058823529411,NO_POOL_CONTROL,137,1000,1000,30.0,12.0,,,,,,,,,,,,,,
YAW90_LEFT,TARGET,BUS_B,BUS_A_to_BUS_B,BUS_A,BUS_B,ACC,RAW,FIVE_PARTITION_UNLABELED_BUDGET,1,0,0,False,0,,2025-04-01|2025-04-03|2025-04-04|2025-04-07|2025-04-25|2025-05-12|2025-05-16|2025-05-28|2025-06-11|2025-06-13|2025-06-17|2025-06-26,5331,12,0,0.0,0.0,0.0,0.7899080847870944,0.7158267057910551,0.6897777958993254,0.7794448612153039,0.9594443199641496,0.599888954544384,0.7256446220257168,0.3235908141962422,0.4329608938547486,0.3703703703703703,358,0.8699106256206555,0.5186500888099467,0.6498516320474778,1689,0.6786414108425866,0.9154185022026432,0.7794448612153039,1135,0.92523768366465,0.9962773382968824,0.9594443199641496,2149,0.599888954544384,0.7794448612153039,NO_POOL_CONTROL,54,1000,1000,,,,,,,,,,,,,,,,
YAW90_LEFT,TARGET,BUS_B,BUS_A_to_BUS_B,BUS_A,BUS_B,ACC,CAUSAL,FIVE_PARTITION_UNLABELED_BUDGET,1,0,0,False,0,,2025-04-01|2025-04-03|2025-04-04|2025-04-07|2025-04-25|2025-05-12|2025-05-16|2025-05-28|2025-06-11|2025-06-13|2025-06-17|2025-06-26,5331,12,0,0.0,0.0,0.0,0.67323203901707,0.6221326559973921,0.5676180097339293,0.4011834319526627,0.9629130141604856,0.4358530082584105,0.5010441786214226,0.1682758620689655,0.6815642458100558,0.2699115044247787,358,0.8421052631578947,0.5115452930728241,0.63646408839779,1689,0.6108108108108108,0.2986784140969163,0.4011834319526627,1135,0.931304347826087,0.996742671009772,0.9629130141604856,2149,0.4358530082584105,0.4011834319526627,NO_POOL_CONTROL,54,1000,1000,254.0,12.0,,,,,,,,,,,,,,
YAW90_LEFT,TARGET,BUS_B,BUS_A_to_BUS_B,BUS_A,BUS_B,ACC,RAW,FIVE_PARTITION_UNLABELED_BUDGET,2,0,0,False,0,,2025-04-01|2025-04-04|2025-04-09|2025-04-17|2025-04-28|2025-05-12|2025-05-27|2025-05-29|2025-06-05|2025-06-11|2025-06-12|2025-06-26,4710,12,0,0.0,0.0,0.0,0.7946921443736731,0.7125330469636844,0.7007644066651103,0.8302839116719243,0.9511930585683296,0.6172881893640372,0.7525722086678359,0.4297352342158859,0.4929906542056075,0.4591947769314472,428,0.9314516129032258,0.4027898866608544,0.5623858794887401,1147,0.7311111111111112,0.9605839416058394,0.8302839116719243,1370,0.9121164846593864,0.9937677053824364,0.9511930585683296,1765,0.6172881893640372,0.8302839116719243,NO_POOL_CONTROL,54,1000,1000,,,,,,,,,,,,,,,,
YAW90_LEFT,TARGET,BUS_B,BUS_A_to_BUS_B,BUS_A,BUS_B,ACC,CAUSAL,FIVE_PARTITION_UNLABELED_BUDGET,2,0,0,False,0,,2025-04-01|2025-04-04|2025-04-09|2025-04-17|2025-04-28|2025-05-12|2025-05-27|2025-05-29|2025-06-05|2025-06-11|2025-06-12|2025-06-26,4710,12,0,0.0,0.0,0.0,0.6515923566878981,0.6564017691984244,0.5809970409658621,0.4725388601036269,0.9527943570265872,0.4570646022789538,0.5376137686209681,0.265349329569513,0.8785046728971962,0.4075880758807588,428,0.5923645320197044,0.4193548387096774,0.4910668708524757,1147,0.8142857142857143,0.3328467153284671,0.4725388601036269,1370,0.91410723581468,0.9949008498583568,0.9527943570265872,1765,0.4570646022789538,0.4725388601036269,NO_POOL_CONTROL,54,1000,1000,254.0,12.0,,,,,,,,,,,,,,
YAW90_LEFT,TARGET,BUS_B,BUS_A_to_BUS_B,BUS_A,BUS_B,ACC,RAW,FIVE_PARTITION_UNLABELED_BUDGET,3,0,0,False,0,,2025-04-01|2025-04-03|2025-04-07|2025-04-09|2025-04-14|2025-04-21|2025-05-27|2025-05-29|2025-05-30|2025-06-03|2025-06-12|2025-06-26,2941,12,0,0.0,0.0,0.0,0.7647058823529411,0.673247974982548,0.6683679060738422,0.7767857142857143,0.9547038327526132,0.5729225971809185,0.7117350293585911,0.4385026737967914,0.5173501577287066,0.4746743849493487,317,0.5448430493273543,0.4090909090909091,0.4673076923076923,594,0.7757961783439491,0.7777777777777778,0.7767857142857143,783,0.9229041916167664,0.9887730553327988,0.9547038327526132,1247,0.5729225971809185,0.7767857142857143,NO_POOL_CONTROL,54,1000,1000,,,,,,,,,,,,,,,,
YAW90_LEFT,TARGET,BUS_B,BUS_A_to_BUS_B,BUS_A,BUS_B,ACC,CAUSAL,FIVE_PARTITION_UNLABELED_BUDGET,3,0,0,False,0,,2025-04-01|2025-04-03|2025-04-07|2025-04-09|2025-04-14|2025-04-21|2025-05-27|2025-05-29|2025-05-30|2025-06-03|2025-06-12|2025-06-26,2941,12,0,0.0,0.0,0.0,0.7018021081264876,0.6546153225973439,0.6193793758322348,0.5934819897084048,0.9584466019417476,0.5063569671290639,0.6090204213827028,0.4127243066884176,0.7981072555205048,0.5440860215053763,317,0.3743922204213938,0.3888888888888889,0.3815028901734104,594,0.9033942558746736,0.441890166028097,0.5934819897084048,783,0.9292168674698796,0.9895749799518844,0.9584466019417476,1247,0.5063569671290639,0.5934819897084048,NO_POOL_CONTROL,54,1000,1000,254.0,12.0,,,,,,,,,,,,,,
YAW90_LEFT,TARGET,BUS_B,BUS_A_to_BUS_B,BUS_A,BUS_B,ACC,RAW,FIVE_PARTITION_UNLABELED_BUDGET,4,0,0,False,0,,2025-04-03|2025-04-07|2025-04-09|2025-04-14|2025-04-17|2025-05-16|2025-05-28|2025-06-02|2025-06-05|2025-06-11|2025-06-13|2025-06-26,5358,12,0,0.0,0.0,0.0,0.7489734975737216,0.659544037744052,0.6535299321975161,0.7139588100686499,0.9536423841059604,0.5534924482280347,0.6777014833459696,0.3862212943632568,0.394456289978678,0.390295358649789,469,0.6997840172786177,0.4615384615384615,0.5562231759656653,1404,0.6546762589928058,0.7850467289719626,0.7139588100686499,1391,0.9137855579868708,0.997134670487106,0.9536423841059604,2094,0.5534924482280347,0.7139588100686499,NO_POOL_CONTROL,54,1000,1000,,,,,,,,,,,,,,,,
YAW90_LEFT,TARGET,BUS_B,BUS_A_to_BUS_B,BUS_A,BUS_B,ACC,CAUSAL,FIVE_PARTITION_UNLABELED_BUDGET,4,0,0,False,0,,2025-04-03|2025-04-07|2025-04-09|2025-04-14|2025-04-17|2025-05-16|2025-05-28|2025-06-02|2025-06-05|2025-06-11|2025-06-13|2025-06-26,5358,12,0,0.0,0.0,0.0,0.6448301605076521,0.6317454426706904,0.5458590900025311,0.2466517857142857,0.9589355356733196,0.4081669414456016,0.4261761682872329,0.2568988173455979,0.8336886993603412,0.3927674535409342,469,0.6435897435897436,0.5363247863247863,0.585081585081585,1404,0.5511221945137157,0.1588785046728972,0.2466517857142857,1391,0.9227373068432672,0.9980897803247374,0.9589355356733196,2094,0.4081669414456016,0.2466517857142857,NO_POOL_CONTROL,54,1000,1000,254.0,12.0,,,,,,,,,,,,,,
YAW90_LEFT,TARGET,BUS_B,BUS_A_to_BUS_B,BUS_A,BUS_B,ACC,RAW,FIVE_PARTITION_UNLABELED_BUDGET,5,0,0,False,0,,2025-04-03|2025-04-04|2025-04-11|2025-04-30|2025-05-12|2025-05-27|2025-05-29|2025-06-02|2025-06-05|2025-06-11|2025-06-13|2025-06-26,4946,12,0,0.0,0.0,0.0,0.782248281439547,0.7096997295881272,0.6639646601098323,0.8017556693489393,0.9480968858131488,0.569253918208727,0.7190810638054751,0.2691415313225058,0.4894514767932489,0.3473053892215569,237,0.9079939668174962,0.403485254691689,0.5587006960556845,1492,0.6936708860759494,0.949740034662045,0.8017556693489393,1154,0.9044894366197184,0.996122152205526,0.9480968858131488,2063,0.569253918208727,0.8017556693489393,NO_POOL_CONTROL,54,1000,1000,,,,,,,,,,,,,,,,
YAW90_LEFT,TARGET,BUS_B,BUS_A_to_BUS_B,BUS_A,BUS_B,ACC,CAUSAL,FIVE_PARTITION_UNLABELED_BUDGET,5,0,0,False,0,,2025-04-03|2025-04-04|2025-04-11|2025-04-30|2025-05-12|2025-05-27|2025-05-29|2025-06-02|2025-06-05|2025-06-11|2025-06-13|2025-06-26,4946,12,0,0.0,0.0,0.0,0.6314193287505054,0.5426418484854602,0.4999376780626781,0.3135593220338983,0.9523148148148148,0.3491452991452992,0.4253863356511661,0.0869236583522297,0.4852320675105485,0.1474358974358974,237,0.7972350230414746,0.4638069705093833,0.5864406779661017,1492,0.5200803212851406,0.2244367417677643,0.3135593220338983,1154,0.9113867966326984,0.9970916141541444,0.9523148148148148,2063,0.3491452991452992,0.3135593220338983,NO_POOL_CONTROL,54,1000,1000,254.0,12.0,,,,,,,,,,,,,,
YAW90_LEFT,TARGET,BUS_B,BUS_A_to_BUS_B,BUS_A,BUS_B,ACC_MAG,RAW,FIVE_PARTITION_UNLABELED_BUDGET,1,0,0,False,0,,2025-04-01|2025-04-03|2025-04-04|2025-04-07|2025-04-25|2025-05-12|2025-05-16|2025-05-28|2025-06-11|2025-06-13|2025-06-17|2025-06-26,5331,12,0,0.0,0.0,0.0,0.8686925529919339,0.8527127562724655,0.8335376011724869,0.8556016597510373,0.9597135183527306,0.7914789621124058,0.8423632246039071,0.6806526806526807,0.8156424581005587,0.7420584498094028,358,0.8899082568807339,0.6891651865008881,0.7767767767767768,1689,0.8086274509803921,0.9083700440528636,0.8556016597510373,1135,0.9245364381198792,0.9976733364355514,0.9597135183527306,2149,0.7914789621124058,0.8556016597510373,NO_POOL_CONTROL,95,1000,1000,,,,,,,,,,,,,,,,
YAW90_LEFT,TARGET,BUS_B,BUS_A_to_BUS_B,BUS_A,BUS_B,ACC_MAG,CAUSAL,FIVE_PARTITION_UNLABELED_BUDGET,1,0,0,False,0,,2025-04-01|2025-04-03|2025-04-04|2025-04-07|2025-04-25|2025-05-12|2025-05-16|2025-05-28|2025-06-11|2025-06-13|2025-06-17|2025-06-26,5331,12,0,0.0,0.0,0.0,0.7167510785968861,0.6731733324869438,0.6205653698523517,0.5011792452830188,0.9611672278338944,0.5070314171918374,0.5728109200246185,0.2725388601036269,0.7346368715083799,0.3975812547241119,358,0.6617745163442295,0.5873297809354647,0.6223337515683814,1689,0.7575757575757576,0.3744493392070485,0.5011792452830188,1135,0.9284475281873372,0.9962773382968824,0.9611672278338944,2149,0.5070314171918374,0.5011792452830188,NO_POOL_CONTROL,95,1000,1000,254.0,12.0,,,,,,,,,,,,,,
YAW90_LEFT,TARGET,BUS_B,BUS_A_to_BUS_B,BUS_A,BUS_B,ACC_MAG,RAW,FIVE_PARTITION_UNLABELED_BUDGET,2,0,0,False,0,,2025-04-01|2025-04-04|2025-04-09|2025-04-17|2025-04-28|2025-05-12|2025-05-27|2025-05-29|2025-06-05|2025-06-11|2025-06-12|2025-06-26,4710,12,0,0.0,0.0,0.0,0.8038216560509555,0.7056722756529935,0.7198370310702454,0.7782312925170068,0.9493910690121786,0.6433190184229344,0.74319473564895,0.6666666666666666,0.3504672897196261,0.4594180704441041,428,0.749238578680203,0.6434176111595467,0.6923076923076923,1147,0.7286624203821656,0.8350364963503649,0.7782312925170068,1370,0.9088082901554404,0.9937677053824364,0.9493910690121786,1765,0.6433190184229344,0.7782312925170068,NO_POOL_CONTROL,95,1000,1000,,,,,,,,,,,,,,,,
YAW90_LEFT,TARGET,BUS_B,BUS_A_to_BUS_B,BUS_A,BUS_B,ACC_MAG,CAUSAL,FIVE_PARTITION_UNLABELED_BUDGET,2,0,0,False,0,,2025-04-01|2025-04-04|2025-04-09|2025-04-17|2025-04-28|2025-05-12|2025-05-27|2025-05-29|2025-06-05|2025-06-11|2025-06-12|2025-06-26,4710,12,0,0.0,0.0,0.0,0.6651804670912951,0.6811919443464348,0.5962209983410721,0.4042792792792792,0.9545825401142236,0.4767671510833549,0.519444310716355,0.3516873889875666,0.9252336448598132,0.5096525096525096,428,0.4921011058451817,0.5431560592850916,0.516369664318276,1147,0.8842364532019704,0.2620437956204379,0.4042792792792792,1370,0.9178870292887028,0.9943342776203966,0.9545825401142236,1765,0.4767671510833549,0.4042792792792792,NO_POOL_CONTROL,95,1000,1000,254.0,12.0,,,,,,,,,,,,,,
YAW90_LEFT,TARGET,BUS_B,BUS_A_to_BUS_B,BUS_A,BUS_B,ACC_MAG,RAW,FIVE_PARTITION_UNLABELED_BUDGET,3,0,0,False,0,,2025-04-01|2025-04-03|2025-04-07|2025-04-09|2025-04-14|2025-04-21|2025-05-27|2025-05-29|2025-05-30|2025-06-03|2025-06-12|2025-06-26,2941,12,0,0.0,0.0,0.0,0.8408704522271336,0.798231770226387,0.7980725002840471,0.8373408769448374,0.9562524196670538,0.7453458604897115,0.8137798509483631,0.7218934911242604,0.7697160883280757,0.7450381679389313,317,0.6320754716981132,0.6767676767676768,0.6536585365853659,594,0.9381933438985736,0.756066411238825,0.8373408769448374,783,0.9244011976047904,0.9903769045709704,0.9562524196670538,1247,0.7453458604897115,0.8373408769448374,NO_POOL_CONTROL,95,1000,1000,,,,,,,,,,,,,,,,
YAW90_LEFT,TARGET,BUS_B,BUS_A_to_BUS_B,BUS_A,BUS_B,ACC_MAG,CAUSAL,FIVE_PARTITION_UNLABELED_BUDGET,3,0,0,False,0,,2025-04-01|2025-04-03|2025-04-07|2025-04-09|2025-04-14|2025-04-21|2025-05-27|2025-05-29|2025-05-30|2025-06-03|2025-06-12|2025-06-26,2941,12,0,0.0,0.0,0.0,0.6824209452567154,0.6469215375416757,0.6098108439395082,0.3771760154738878,0.955813953488372,0.4944764740898869,0.5167569125532601,0.5875576036866359,0.804416403785489,0.6790945406125166,317,0.3510292524377031,0.5454545454545454,0.4271588661832564,594,0.7768924302788844,0.2490421455938697,0.3771760154738878,783,0.924981245311328,0.9887730553327988,0.955813953488372,1247,0.4944764740898869,0.3771760154738878,NO_POOL_CONTROL,95,1000,1000,254.0,12.0,,,,,,,,,,,,,,
YAW90_LEFT,TARGET,BUS_B,BUS_A_to_BUS_B,BUS_A,BUS_B,ACC_MAG,RAW,FIVE_PARTITION_UNLABELED_BUDGET,4,0,0,False,0,,2025-04-03|2025-04-07|2025-04-09|2025-04-14|2025-04-17|2025-05-16|2025-05-28|2025-06-02|2025-06-05|2025-06-11|2025-06-13|2025-06-26,5358,12,0,0.0,0.0,0.0,0.8049645390070922,0.718193586623368,0.7340557118093395,0.7470449172576832,0.9517304189435336,0.6614974760979414,0.7392513939886769,0.7246376811594203,0.4264392324093816,0.5369127516778524,469,0.7553542009884678,0.6531339031339032,0.7005347593582888,1404,0.7044585987261146,0.7951114306254493,0.7470449172576832,1391,0.9094865100087032,0.9980897803247374,0.9517304189435336,2094,0.6614974760979414,0.7470449172576832,NO_POOL_CONTROL,95,1000,1000,,,,,,,,,,,,,,,,
YAW90_LEFT,TARGET,BUS_B,BUS_A_to_BUS_B,BUS_A,BUS_B,ACC_MAG,CAUSAL,FIVE_PARTITION_UNLABELED_BUDGET,4,0,0,False,0,,2025-04-03|2025-04-07|2025-04-09|2025-04-14|2025-04-17|2025-05-16|2025-05-28|2025-06-02|2025-06-05|2025-06-11|2025-06-13|2025-06-26,5358,12,0,0.0,0.0,0.0,0.6675998506905562,0.6546426465453878,0.5749051817430738,0.2881745120551091,0.9593570608495982,0.4467545553742323,0.4602129138678879,0.3511586452762923,0.8400852878464818,0.4952859836580767,469,0.5190886699507389,0.6004273504273504,0.5568031704095112,1404,0.7150997150997151,0.1804457225017972,0.2881745120551091,1391,0.9239274657231312,0.9976122254059216,0.9593570608495982,2094,0.4467545553742323,0.2881745120551091,NO_POOL_CONTROL,95,1000,1000,254.0,12.0,,,,,,,,,,,,,,
YAW90_LEFT,TARGET,BUS_B,BUS_A_to_BUS_B,BUS_A,BUS_B,ACC_MAG,RAW,FIVE_PARTITION_UNLABELED_BUDGET,5,0,0,False,0,,2025-04-03|2025-04-04|2025-04-11|2025-04-30|2025-05-12|2025-05-27|2025-05-29|2025-06-02|2025-06-05|2025-06-11|2025-06-13|2025-06-26,4946,12,0,0.0,0.0,0.0,0.8396684189243834,0.7708018482635315,0.7430608954287587,0.8731373338703181,0.945095336549506,0.675716081721843,0.7950914708053824,0.3577235772357723,0.5569620253164557,0.4356435643564356,237,0.918580375782881,0.5898123324396782,0.7183673469387755,1492,0.8156508653122648,0.9393414211438474,0.8731373338703181,1154,0.8982532751091703,0.9970916141541444,0.945095336549506,2063,0.675716081721843,0.8731373338703181,NO_POOL_CONTROL,95,1000,1000,,,,,,,,,,,,,,,,
YAW90_LEFT,TARGET,BUS_B,BUS_A_to_BUS_B,BUS_A,BUS_B,ACC_MAG,CAUSAL,FIVE_PARTITION_UNLABELED_BUDGET,5,0,0,False,0,,2025-04-03|2025-04-04|2025-04-11|2025-04-30|2025-05-12|2025-05-27|2025-05-29|2025-06-02|2025-06-05|2025-06-11|2025-06-13|2025-06-26,4946,12,0,0.0,0.0,0.0,0.6663970885564092,0.5855705735032641,0.5302888166922952,0.3681528662420382,0.9533967076281012,0.3892528530470266,0.4654344365121924,0.1381156316916488,0.5443037974683544,0.2203245089666951,237,0.6106983655274889,0.5509383378016086,0.5792811839323467,1492,0.6947115384615384,0.2504332755632582,0.3681528662420382,1154,0.9137777777777778,0.9966068831798351,0.9533967076281012,2063,0.3892528530470266,0.3681528662420382,NO_POOL_CONTROL,95,1000,1000,254.0,12.0,,,,,,,,,,,,,,
YAW90_LEFT,TARGET,BUS_B,BUS_A_to_BUS_B,BUS_A,BUS_B,ACC_GYR,RAW,FIVE_PARTITION_UNLABELED_BUDGET,1,0,0,False,0,,2025-04-01|2025-04-03|2025-04-04|2025-04-07|2025-04-25|2025-05-12|2025-05-16|2025-05-28|2025-06-11|2025-06-13|2025-06-17|2025-06-26,5331,12,0,0.0,0.0,0.0,0.8484336897392609,0.7577587949451378,0.7552478090447536,0.7908918406072106,0.9810025177386128,0.6799962394801339,0.7695054216697365,0.5231316725978647,0.4106145251396648,0.460093896713615,358,0.8954887218045112,0.7051509769094139,0.789002981119576,1689,0.6946666666666667,0.9180616740088106,0.7908918406072106,1135,0.9653153153153152,0.9972080037226616,0.9810025177386128,2149,0.6799962394801339,0.7908918406072106,NO_POOL_CONTROL,96,1000,1000,,,,,,,,,,,,,,,,
YAW90_LEFT,TARGET,BUS_B,BUS_A_to_BUS_B,BUS_A,BUS_B,ACC_GYR,CAUSAL,FIVE_PARTITION_UNLABELED_BUDGET,1,0,0,False,0,,2025-04-01|2025-04-03|2025-04-04|2025-04-07|2025-04-25|2025-05-12|2025-05-16|2025-05-28|2025-06-11|2025-06-13|2025-06-17|2025-06-26,5331,12,0,0.0,0.0,0.0,0.734946539110861,0.6964844001680586,0.6462959260546066,0.6135093956323007,0.9821428571428572,0.5343469490251898,0.6331813138856842,0.2082994304312449,0.7150837988826816,0.3226212980466288,358,0.8703527168732126,0.5405565423327413,0.6669101533966398,1689,0.7242206235011991,0.5321585903083701,0.6135093956323007,1135,0.9666516448850834,0.9981386691484412,0.9821428571428572,2149,0.5343469490251898,0.6135093956323007,NO_POOL_CONTROL,96,1000,1000,254.0,12.0,,,,,,,,,,,,,,
YAW90_LEFT,TARGET,BUS_B,BUS_A_to_BUS_B,BUS_A,BUS_B,ACC_GYR,RAW,FIVE_PARTITION_UNLABELED_BUDGET,2,0,0,False,0,,2025-04-01|2025-04-04|2025-04-09|2025-04-17|2025-04-28|2025-05-12|2025-05-27|2025-05-29|2025-06-05|2025-06-11|2025-06-12|2025-06-26,4710,12,0,0.0,0.0,0.0,0.8180467091295117,0.8045463358647713,0.7809435565407413,0.7361455748552522,0.9862783534024084,0.7124986242535191,0.7630243638665457,0.6040609137055838,0.8341121495327103,0.7006869479882237,428,0.6679841897233202,0.7367044463818657,0.7006633499170812,1147,0.8492366412213741,0.6496350364963503,0.7361455748552522,1370,0.9750830564784052,0.9977337110481588,0.9862783534024084,1765,0.7124986242535191,0.7361455748552522,NO_POOL_CONTROL,96,1000,1000,,,,,,,,,,,,,,,,
YAW90_LEFT,TARGET,BUS_B,BUS_A_to_BUS_B,BUS_A,BUS_B,ACC_GYR,CAUSAL,FIVE_PARTITION_UNLABELED_BUDGET,2,0,0,False,0,,2025-04-01|2025-04-04|2025-04-09|2025-04-17|2025-04-28|2025-05-12|2025-05-27|2025-05-29|2025-06-05|2025-06-11|2025-06-12|2025-06-26,4710,12,0,0.0,0.0,0.0,0.7447983014861995,0.7519132486864871,0.6889377495145127,0.6203059805285118,0.9882088714205502,0.5891807088791668,0.6614850419201124,0.3602540834845735,0.927570093457944,0.5189542483660131,428,0.666015625,0.5945945945945946,0.6282818977429756,1147,0.8500635324015248,0.4883211678832116,0.6203059805285118,1370,0.9794101279910964,0.9971671388101984,0.9882088714205502,1765,0.5891807088791668,0.6203059805285118,NO_POOL_CONTROL,96,1000,1000,254.0,12.0,,,,,,,,,,,,,,
YAW90_LEFT,TARGET,BUS_B,BUS_A_to_BUS_B,BUS_A,BUS_B,ACC_GYR,RAW,FIVE_PARTITION_UNLABELED_BUDGET,3,0,0,False,0,,2025-04-01|2025-04-03|2025-04-07|2025-04-09|2025-04-14|2025-04-21|2025-05-27|2025-05-29|2025-05-30|2025-06-03|2025-06-12|2025-06-26,2941,12,0,0.0,0.0,0.0,0.7946276776606597,0.7130240278502733,0.7164010224624827,0.701280227596017,0.9790596602133544,0.6288481432121921,0.7103527045158965,0.6299559471365639,0.4511041009463722,0.5257352941176471,317,0.5724907063197026,0.7777777777777778,0.6595289079229122,594,0.7913322632423756,0.6296296296296297,0.701280227596017,783,0.9649532710280374,0.9935846030473136,0.9790596602133544,1247,0.6288481432121921,0.701280227596017,NO_POOL_CONTROL,96,1000,1000,,,,,,,,,,,,,,,,
YAW90_LEFT,TARGET,BUS_B,BUS_A_to_BUS_B,BUS_A,BUS_B,ACC_GYR,CAUSAL,FIVE_PARTITION_UNLABELED_BUDGET,3,0,0,False,0,,2025-04-01|2025-04-03|2025-04-07|2025-04-09|2025-04-14|2025-04-21|2025-05-27|2025-05-29|2025-05-30|2025-06-03|2025-06-12|2025-06-26,2941,12,0,0.0,0.0,0.0,0.7925875552533151,0.7545547225586892,0.7336345660923325,0.7160686427457098,0.9817893903404592,0.6509162913429569,0.7266081967536834,0.5521739130434783,0.8012618296529969,0.6537966537966537,317,0.5376955903271693,0.6363636363636364,0.5828835774865073,594,0.9198396793587176,0.5862068965517241,0.7160686427457098,783,0.9695074276778732,0.9943865276663992,0.9817893903404592,1247,0.6509162913429569,0.7160686427457098,NO_POOL_CONTROL,96,1000,1000,254.0,12.0,,,,,,,,,,,,,,
YAW90_LEFT,TARGET,BUS_B,BUS_A_to_BUS_B,BUS_A,BUS_B,ACC_GYR,RAW,FIVE_PARTITION_UNLABELED_BUDGET,4,0,0,False,0,,2025-04-03|2025-04-07|2025-04-09|2025-04-14|2025-04-17|2025-05-16|2025-05-28|2025-06-02|2025-06-05|2025-06-11|2025-06-13|2025-06-26,5358,12,0,0.0,0.0,0.0,0.8029115341545353,0.7616241817334372,0.753666518828,0.6584493041749503,0.9858423784804152,0.6762745656105281,0.7155796329667801,0.618421052631579,0.7014925373134329,0.6573426573426573,469,0.6777920410783055,0.7521367521367521,0.713031735313977,1404,0.7366548042704626,0.595255212077642,0.6584493041749503,1391,0.9743470149253732,0.9976122254059216,0.9858423784804152,2094,0.6762745656105281,0.6584493041749503,NO_POOL_CONTROL,96,1000,1000,,,,,,,,,,,,,,,,
YAW90_LEFT,TARGET,BUS_B,BUS_A_to_BUS_B,BUS_A,BUS_B,ACC_GYR,CAUSAL,FIVE_PARTITION_UNLABELED_BUDGET,4,0,0,False,0,,2025-04-03|2025-04-07|2025-04-09|2025-04-14|2025-04-17|2025-05-16|2025-05-28|2025-06-02|2025-06-05|2025-06-11|2025-06-13|2025-06-26,5358,12,0,0.0,0.0,0.0,0.713885778275476,0.6957828536895284,0.6329130392626175,0.4198623402163225,0.988886261527548,0.5142552985076407,0.5476927596440996,0.3142857142857143,0.8208955223880597,0.4545454545454545,469,0.6804428044280443,0.6566951566951567,0.6683581007611453,1404,0.6640746500777605,0.3069734004313443,0.4198623402163225,1391,0.979391100702576,0.998567335243553,0.988886261527548,2094,0.5142552985076407,0.4198623402163225,NO_POOL_CONTROL,96,1000,1000,254.0,12.0,,,,,,,,,,,,,,
YAW90_LEFT,TARGET,BUS_B,BUS_A_to_BUS_B,BUS_A,BUS_B,ACC_GYR,RAW,FIVE_PARTITION_UNLABELED_BUDGET,5,0,0,False,0,,2025-04-03|2025-04-04|2025-04-11|2025-04-30|2025-05-12|2025-05-27|2025-05-29|2025-06-02|2025-06-05|2025-06-11|2025-06-13|2025-06-26,4946,12,0,0.0,0.0,0.0,0.8360291144359078,0.73925337663535,0.7269638408903761,0.7515865820489573,0.984924623115578,0.6409769134819755,0.7368129373538086,0.3402985074626866,0.4810126582278481,0.3986013986013986,237,0.7858627858627859,0.760053619302949,0.7727427597955707,1492,0.7880228136882129,0.7183708838821491,0.7515865820489573,1154,0.9725897920604916,0.9975763451284536,0.984924623115578,2063,0.6409769134819755,0.7515865820489573,NO_POOL_CONTROL,96,1000,1000,,,,,,,,,,,,,,,,
YAW90_LEFT,TARGET,BUS_B,BUS_A_to_BUS_B,BUS_A,BUS_B,ACC_GYR,CAUSAL,FIVE_PARTITION_UNLABELED_BUDGET,5,0,0,False,0,,2025-04-03|2025-04-04|2025-04-11|2025-04-30|2025-05-12|2025-05-27|2025-05-29|2025-06-02|2025-06-05|2025-06-11|2025-06-13|2025-06-26,4946,12,0,0.0,0.0,0.0,0.7195713708046907,0.6425762939971359,0.5963138418817946,0.4863325740318907,0.9865707434052756,0.4662282080406342,0.552321334741833,0.1295238095238095,0.5738396624472574,0.2113442113442113,237,0.7910699241786016,0.6293565683646113,0.7010078387458006,1492,0.7093023255813954,0.3700173310225303,0.4863325740318907,1154,0.9762695775984812,0.9970916141541444,0.9865707434052756,2063,0.4662282080406342,0.4863325740318907,NO_POOL_CONTROL,96,1000,1000,254.0,12.0,,,,,,,,,,,,,,
YAW90_LEFT,TARGET,BUS_B,BUS_A_to_BUS_B,BUS_A,BUS_B,ACC_MAG_GYR,RAW,FIVE_PARTITION_UNLABELED_BUDGET,1,0,0,False,0,,2025-04-01|2025-04-03|2025-04-04|2025-04-07|2025-04-25|2025-05-12|2025-05-16|2025-05-28|2025-06-11|2025-06-13|2025-06-17|2025-06-26,5331,12,0,0.0,0.0,0.0,0.8898893265803789,0.857954420975316,0.8470719959591924,0.8553667633651056,0.9812356979405036,0.802350761965422,0.8503899029215577,0.6913265306122449,0.7569832402234636,0.7226666666666667,358,0.9006944444444445,0.7679100059206632,0.8290188558644934,1689,0.8075117370892019,0.909251101321586,0.8553667633651056,1135,0.9653309320126068,0.9976733364355514,0.9812356979405036,2149,0.802350761965422,0.8553667633651056,NO_POOL_CONTROL,137,1000,1000,,,,,,,,,,,,,,,,
YAW90_LEFT,TARGET,BUS_B,BUS_A_to_BUS_B,BUS_A,BUS_B,ACC_MAG_GYR,CAUSAL,FIVE_PARTITION_UNLABELED_BUDGET,1,0,0,False,0,,2025-04-01|2025-04-03|2025-04-04|2025-04-07|2025-04-25|2025-05-12|2025-05-16|2025-05-28|2025-06-11|2025-06-13|2025-06-17|2025-06-26,5331,12,0,0.0,0.0,0.0,0.7754642656162071,0.7170393675866347,0.680782374852685,0.5627258647392875,0.9834938101788172,0.5798785630773077,0.633559770807326,0.3248663101604278,0.6787709497206704,0.4394213381555154,358,0.7659438775510204,0.7110716400236826,0.73748848633712,1689,0.6795511221945137,0.4801762114537445,0.5627258647392875,1135,0.9692724807953004,0.9981386691484412,0.9834938101788172,2149,0.5798785630773077,0.5627258647392875,NO_POOL_CONTROL,137,1000,1000,254.0,12.0,,,,,,,,,,,,,,
YAW90_LEFT,TARGET,BUS_B,BUS_A_to_BUS_B,BUS_A,BUS_B,ACC_MAG_GYR,RAW,FIVE_PARTITION_UNLABELED_BUDGET,2,0,0,False,0,,2025-04-01|2025-04-04|2025-04-09|2025-04-17|2025-04-28|2025-05-12|2025-05-27|2025-05-29|2025-06-05|2025-06-11|2025-06-12|2025-06-26,4710,12,0,0.0,0.0,0.0,0.8116772823779194,0.7467575942405185,0.7392227911761575,0.7106198183971575,0.9843487982112912,0.6575141221644464,0.7277816020645576,0.4316831683168317,0.5093457943925234,0.4673097534833869,428,0.7681041497152156,0.8230165649520488,0.7946127946127947,1147,0.7738607050730868,0.656934306569343,0.7106198183971575,1370,0.9713182570325428,0.9977337110481588,0.9843487982112912,1765,0.6575141221644464,0.7106198183971575,NO_POOL_CONTROL,137,1000,1000,,,,,,,,,,,,,,,,
YAW90_LEFT,TARGET,BUS_B,BUS_A_to_BUS_B,BUS_A,BUS_B,ACC_MAG_GYR,CAUSAL,FIVE_PARTITION_UNLABELED_BUDGET,2,0,0,False,0,,2025-04-01|2025-04-04|2025-04-09|2025-04-17|2025-04-28|2025-05-12|2025-05-27|2025-05-29|2025-06-05|2025-06-11|2025-06-12|2025-06-26,4710,12,0,0.0,0.0,0.0,0.7532908704883228,0.7643387525197561,0.7093949389639255,0.5701711491442543,0.9887703537338574,0.6162698007072814,0.653705423036057,0.5115384615384615,0.9322429906542056,0.6605960264900662,428,0.5521262002743484,0.7018308631211857,0.6180422264875239,1147,0.8637037037037038,0.4255474452554744,0.5701711491442543,1370,0.979966611018364,0.9977337110481588,0.9887703537338574,1765,0.6162698007072814,0.5701711491442543,NO_POOL_CONTROL,137,1000,1000,254.0,12.0,,,,,,,,,,,,,,
YAW90_LEFT,TARGET,BUS_B,BUS_A_to_BUS_B,BUS_A,BUS_B,ACC_MAG_GYR,RAW,FIVE_PARTITION_UNLABELED_BUDGET,3,0,0,False,0,,2025-04-01|2025-04-03|2025-04-07|2025-04-09|2025-04-14|2025-04-21|2025-05-27|2025-05-29|2025-05-30|2025-06-03|2025-06-12|2025-06-26,2941,12,0,0.0,0.0,0.0,0.8524311458687521,0.8178295627697852,0.8193488876567568,0.7742424242424243,0.9802371541501976,0.7657194654922765,0.8013063022910238,0.8597122302158273,0.7539432176656151,0.8033613445378152,317,0.6132858837485172,0.8703703703703703,0.7195546276965901,594,0.9515828677839852,0.6526181353767561,0.7742424242424243,783,0.9664848012470773,0.9943865276663992,0.9802371541501976,1247,0.7657194654922765,0.7742424242424243,NO_POOL_CONTROL,137,1000,1000,,,,,,,,,,,,,,,,
YAW90_LEFT,TARGET,BUS_B,BUS_A_to_BUS_B,BUS_A,BUS_B,ACC_MAG_GYR,CAUSAL,FIVE_PARTITION_UNLABELED_BUDGET,3,0,0,False,0,,2025-04-01|2025-04-03|2025-04-07|2025-04-09|2025-04-14|2025-04-21|2025-05-27|2025-05-29|2025-05-30|2025-06-03|2025-06-12|2025-06-26,2941,12,0,0.0,0.0,0.0,0.7728663719823189,0.742807201696865,0.7177876295332053,0.6005132591958939,0.9821640903686089,0.6296621425880707,0.6708778813982808,0.6231884057971014,0.8138801261829653,0.7058823529411765,317,0.4913294797687861,0.7154882154882155,0.5825908156271419,594,0.9093264248704664,0.4482758620689655,0.6005132591958939,783,0.9710031347962382,0.9935846030473136,0.9821640903686089,1247,0.6296621425880707,0.6005132591958939,NO_POOL_CONTROL,137,1000,1000,254.0,12.0,,,,,,,,,,,,,,
YAW90_LEFT,TARGET,BUS_B,BUS_A_to_BUS_B,BUS_A,BUS_B,ACC_MAG_GYR,RAW,FIVE_PARTITION_UNLABELED_BUDGET,4,0,0,False,0,,2025-04-03|2025-04-07|2025-04-09|2025-04-14|2025-04-17|2025-05-16|2025-05-28|2025-06-02|2025-06-05|2025-06-11|2025-06-13|2025-06-26,5358,12,0,0.0,0.0,0.0,0.8051511758118701,0.7385148695597297,0.7307348055231946,0.6603624901497241,0.986081623024298,0.6456191996894933,0.7025858793738065,0.4598930481283422,0.5501066098081023,0.5009708737864078,469,0.7495016611295681,0.8034188034188035,0.7755242351323479,1404,0.7306015693112468,0.6024442846872753,0.6603624901497241,1391,0.9743589743589745,0.9980897803247374,0.986081623024298,2094,0.6456191996894933,0.6603624901497241,NO_POOL_CONTROL,137,1000,1000,,,,,,,,,,,,,,,,
YAW90_LEFT,TARGET,BUS_B,BUS_A_to_BUS_B,BUS_A,BUS_B,ACC_MAG_GYR,CAUSAL,FIVE_PARTITION_UNLABELED_BUDGET,4,0,0,False,0,,2025-04-03|2025-04-07|2025-04-09|2025-04-14|2025-04-17|2025-05-16|2025-05-28|2025-06-02|2025-06-05|2025-06-11|2025-06-13|2025-06-26,5358,12,0,0.0,0.0,0.0,0.7332960059723778,0.7128015481736992,0.6592169580342977,0.386734693877551,0.9895882631329864,0.5490931896680681,0.550224052371599,0.4738805970149253,0.8123667377398721,0.598586017282011,469,0.5817593092282785,0.7678062678062678,0.6619588578446423,1404,0.6660808435852372,0.2724658519051042,0.386734693877551,1391,0.9807692307692308,0.998567335243553,0.9895882631329864,2094,0.5490931896680681,0.386734693877551,NO_POOL_CONTROL,137,1000,1000,254.0,12.0,,,,,,,,,,,,,,
YAW90_LEFT,TARGET,BUS_B,BUS_A_to_BUS_B,BUS_A,BUS_B,ACC_MAG_GYR,RAW,FIVE_PARTITION_UNLABELED_BUDGET,5,0,0,False,0,,2025-04-03|2025-04-04|2025-04-11|2025-04-30|2025-05-12|2025-05-27|2025-05-29|2025-06-02|2025-06-05|2025-06-11|2025-06-13|2025-06-26,4946,12,0,0.0,0.0,0.0,0.855438738374444,0.7744630740973465,0.7478310425587966,0.7885338345864662,0.9830427513732984,0.6694271396206294,0.7641121593698644,0.2928416485900217,0.569620253164557,0.3868194842406877,237,0.8644556596971882,0.8036193029490617,0.8329281000347343,1492,0.8613963039014374,0.7270363951473137,0.7885338345864662,1154,0.9689265536723164,0.9975763451284536,0.9830427513732984,2063,0.6694271396206294,0.7885338345864662,NO_POOL_CONTROL,137,1000,1000,,,,,,,,,,,,,,,,
YAW90_LEFT,TARGET,BUS_B,BUS_A_to_BUS_B,BUS_A,BUS_B,ACC_MAG_GYR,CAUSAL,FIVE_PARTITION_UNLABELED_BUDGET,5,0,0,False,0,,2025-04-03|2025-04-04|2025-04-11|2025-04-30|2025-05-12|2025-05-27|2025-05-29|2025-06-02|2025-06-05|2025-06-11|2025-06-13|2025-06-26,4946,12,0,0.0,0.0,0.0,0.7401940962393854,0.666579968286985,0.6128103863760163,0.4545987111892208,0.9872871192132406,0.4879848087636081,0.5495257163012981,0.2172619047619047,0.6160337552742616,0.3212321232123212,237,0.6619195046439629,0.7164879356568364,0.6881235918892823,1492,0.701627486437613,0.3362218370883882,0.4545987111892208,1154,0.9772079772079773,0.9975763451284536,0.9872871192132406,2063,0.4879848087636081,0.4545987111892208,NO_POOL_CONTROL,137,1000,1000,254.0,12.0,,,,,,,,,,,,,,
YAW90_LEFT,SOURCE,BUS_B,BUS_B_to_BUS_A,BUS_B,BUS_A,ACC,RAW,FIVE_PARTITION_UNLABELED_BUDGET,1,0,0,False,0,,2024-06-04|2024-06-20|2024-07-09|2024-10-29|2024-11-13|2025-01-14|2025-02-17|2025-03-10|2025-04-07|2025-04-25|2025-11-10|2025-12-11,5100,12,0,0.0,0.0,0.0,0.7047058823529412,0.5895960101409914,0.5359867905911422,0.0,0.9937805419813416,0.3833888734610757,0.3215920743546853,0.3658413340070743,0.7759914255091104,0.4972527472527472,933,0.73094688221709,0.5899347623485555,0.6529138731304797,1073,0.0,0.0,0.0,840,0.9951067615658364,0.9924578527063,0.9937805419813416,2254,0.3833888734610757,0.0,NO_POOL_CONTROL,54,1000,1000,,,,,,,,,,,,,,,,
YAW90_LEFT,SOURCE,BUS_B,BUS_B_to_BUS_A,BUS_B,BUS_A,ACC,CAUSAL,FIVE_PARTITION_UNLABELED_BUDGET,1,0,0,False,0,,2024-06-04|2024-06-20|2024-07-09|2024-10-29|2024-11-13|2025-01-14|2025-02-17|2025-03-10|2025-04-07|2025-04-25|2025-11-10|2025-12-11,5100,12,0,0.0,0.0,0.0,0.7231372549019608,0.611287232581073,0.5599088848803028,0.0223214285714285,0.99400399733511,0.4152105140620337,0.3448739023567531,0.3962795941375422,0.7534833869239014,0.5193941632803842,933,0.7218413320274241,0.6868592730661697,0.7039159503342884,1073,0.1785714285714285,0.0119047619047619,0.0223214285714285,840,0.9951089373054692,0.9929015084294588,0.99400399733511,2254,0.4152105140620337,0.0223214285714285,NO_POOL_CONTROL,54,1000,1000,30.0,12.0,,,,,,,,,,,,,,
YAW90_LEFT,SOURCE,BUS_B,BUS_B_to_BUS_A,BUS_B,BUS_A,ACC,RAW,FIVE_PARTITION_UNLABELED_BUDGET,2,0,0,False,0,,2024-07-08|2024-10-10|2024-10-18|2025-01-02|2025-01-08|2025-01-16|2025-02-04|2025-02-07|2025-04-09|2025-08-13|2025-08-22|2025-12-01,5078,12,0,0.0,0.0,0.0,0.7959826703426546,0.6004145145588373,0.576814955467764,0.0121580547112462,0.9928991681882736,0.4381202178942607,0.3509521951651568,0.6203059805285118,0.674225245653817,0.6461427019195943,1323,0.5955819881053526,0.7302083333333333,0.656059897051942,960,0.6666666666666666,0.0061349693251533,0.0121580547112462,326,0.9947154471544716,0.9910895099230458,0.9928991681882736,2469,0.4381202178942607,0.0121580547112462,NO_POOL_CONTROL,54,1000,1000,,,,,,,,,,,,,,,,
YAW90_LEFT,SOURCE,BUS_B,BUS_B_to_BUS_A,BUS_B,BUS_A,ACC,CAUSAL,FIVE_PARTITION_UNLABELED_BUDGET,2,0,0,False,0,,2024-07-08|2024-10-10|2024-10-18|2025-01-02|2025-01-08|2025-01-16|2025-02-04|2025-02-07|2025-04-09|2025-08-13|2025-08-22|2025-12-01,5078,12,0,0.0,0.0,0.0,0.7949980307207563,0.6003306607104212,0.5770033960487325,0.005524861878453,0.991876523151909,0.4387123536810071,0.3484119823806207,0.6346570397111914,0.6643990929705216,0.6491875923190547,1323,0.5948419301164726,0.7447916666666666,0.6614246068455134,960,0.0277777777777777,0.0030674846625766,0.005524861878453,326,0.994704684317719,0.98906439854192,0.991876523151909,2469,0.4387123536810071,0.005524861878453,NO_POOL_CONTROL,54,1000,1000,30.0,12.0,,,,,,,,,,,,,,
YAW90_LEFT,SOURCE,BUS_B,BUS_B_to_BUS_A,BUS_B,BUS_A,ACC,RAW,FIVE_PARTITION_UNLABELED_BUDGET,3,0,0,False,0,,2024-05-06|2024-05-21|2024-06-10|2024-07-04|2024-10-18|2025-01-01|2025-03-07|2025-04-25|2025-04-28|2025-10-28|2025-11-06|2025-11-24,3863,12,0,0.0,0.0,0.0,0.7212011390111313,0.601772253036269,0.5604393972043938,0.0074766355140186,0.9980119284294234,0.4145818867960506,0.3392542925282437,0.5178571428571429,0.6923783287419651,0.5925343811394892,1089,0.5867861142217246,0.7129251700680272,0.6437346437346437,735,0.4,0.0037735849056603,0.0074766355140186,530,0.9980119284294234,0.9980119284294234,0.9980119284294234,1509,0.4145818867960506,0.0074766355140186,NO_POOL_CONTROL,54,1000,1000,,,,,,,,,,,,,,,,
YAW90_LEFT,SOURCE,BUS_B,BUS_B_to_BUS_A,BUS_B,BUS_A,ACC,CAUSAL,FIVE_PARTITION_UNLABELED_BUDGET,3,0,0,False,0,,2024-05-06|2024-05-21|2024-06-10|2024-07-04|2024-10-18|2025-01-01|2025-03-07|2025-04-25|2025-04-28|2025-10-28|2025-11-06|2025-11-24,3863,12,0,0.0,0.0,0.0,0.7240486668392441,0.6081160181741939,0.5652422636294142,0.0146252285191956,0.9970169042094796,0.421317383436059,0.3449954495853267,0.5337200870195794,0.6758494031221304,0.5964343598055105,1089,0.5766423357664233,0.7523809523809524,0.6528925619834711,735,0.2352941176470588,0.0075471698113207,0.0146252285191956,530,0.9973474801061007,0.9966865473823724,0.9970169042094796,1509,0.421317383436059,0.0146252285191956,NO_POOL_CONTROL,54,1000,1000,30.0,12.0,,,,,,,,,,,,,,
YAW90_LEFT,SOURCE,BUS_B,BUS_B_to_BUS_A,BUS_B,BUS_A,ACC,RAW,FIVE_PARTITION_UNLABELED_BUDGET,4,0,0,False,0,,2024-05-03|2024-05-17|2024-08-09|2025-01-31|2025-02-13|2025-03-13|2025-03-19|2025-04-01|2025-05-14|2025-05-22|2025-08-20|2025-12-10,3780,12,0,0.0,0.0,0.0,0.7402116402116402,0.5647383101869268,0.5526861727499196,0.160377358490566,0.9962746141564662,0.4048233589477374,0.3957626470461781,0.3734115347018573,0.5978090766823161,0.4596871239470517,639,0.6129807692307693,0.5769230769230769,0.5944055944055944,884,0.6415094339622641,0.091644204851752,0.160377358490566,371,1.0,0.992576882290562,0.9962746141564662,1886,0.4048233589477374,0.160377358490566,NO_POOL_CONTROL,54,1000,1000,,,,,,,,,,,,,,,,
YAW90_LEFT,SOURCE,BUS_B,BUS_B_to_BUS_A,BUS_B,BUS_A,ACC,CAUSAL,FIVE_PARTITION_UNLABELED_BUDGET,4,0,0,False,0,,2024-05-03|2024-05-17|2024-08-09|2025-01-31|2025-02-13|2025-03-13|2025-03-19|2025-04-01|2025-05-14|2025-05-22|2025-08-20|2025-12-10,3780,12,0,0.0,0.0,0.0,0.746031746031746,0.5644471984234292,0.5474476362644907,0.1194029850746268,0.9962746141564662,0.3978386436338321,0.3762297757885451,0.3895538628944505,0.5602503912363067,0.4595635430038511,639,0.5908141962421712,0.6402714932126696,0.6145494028230185,884,0.7741935483870968,0.0646900269541779,0.1194029850746268,371,1.0,0.992576882290562,0.9962746141564662,1886,0.3978386436338321,0.1194029850746268,NO_POOL_CONTROL,54,1000,1000,30.0,12.0,,,,,,,,,,,,,,
YAW90_LEFT,SOURCE,BUS_B,BUS_B_to_BUS_A,BUS_B,BUS_A,ACC,RAW,FIVE_PARTITION_UNLABELED_BUDGET,5,0,0,False,0,,2024-04-29|2024-07-04|2024-10-01|2024-11-13|2025-02-11|2025-02-13|2025-03-14|2025-04-10|2025-04-21|2025-05-07|2025-05-09|2025-08-22,4951,12,0,0.0,0.0,0.0,0.7004645526156332,0.5329781921677844,0.5137194092252477,0.0097799511002444,0.9975926817525276,0.3524283183828211,0.3121436259752464,0.4245283018867924,0.567703952901598,0.4857862540482188,1189,0.5612802498048399,0.562157935887412,0.56171875,1279,0.5,0.0049382716049382,0.0097799511002444,405,0.9980732177263968,0.9971126082771896,0.9975926817525276,2078,0.3524283183828211,0.0097799511002444,NO_POOL_CONTROL,54,1000,1000,,,,,,,,,,,,,,,,
YAW90_LEFT,SOURCE,BUS_B,BUS_B_to_BUS_A,BUS_B,BUS_A,ACC,CAUSAL,FIVE_PARTITION_UNLABELED_BUDGET,5,0,0,False,0,,2024-04-29|2024-07-04|2024-10-01|2024-11-13|2025-02-11|2025-02-13|2025-03-14|2025-04-10|2025-04-21|2025-05-07|2025-05-09|2025-08-22,4951,12,0,0.0,0.0,0.0,0.719854574833367,0.553422582739502,0.5343950259079457,0.0242130750605326,0.9975926817525276,0.3799958072930851,0.3303222455689805,0.4655629139072847,0.5912531539108494,0.5209336791404223,1189,0.5777450257921887,0.6129788897576232,0.5948406676783005,1279,0.625,0.0123456790123456,0.0242130750605326,405,0.9980732177263968,0.9971126082771896,0.9975926817525276,2078,0.3799958072930851,0.0242130750605326,NO_POOL_CONTROL,54,1000,1000,30.0,12.0,,,,,,,,,,,,,,
YAW90_LEFT,SOURCE,BUS_B,BUS_B_to_BUS_A,BUS_B,BUS_A,ACC_MAG,RAW,FIVE_PARTITION_UNLABELED_BUDGET,1,0,0,False,0,,2024-06-04|2024-06-20|2024-07-09|2024-10-29|2024-11-13|2025-01-14|2025-02-17|2025-03-10|2025-04-07|2025-04-25|2025-11-10|2025-12-11,5100,12,0,0.0,0.0,0.0,0.7113725490196079,0.6033430656768104,0.5459570430275875,0.0,0.984497865648169,0.399776768820727,0.3275742258165525,0.3804064616988014,0.782422293676313,0.511921458625526,933,0.7184959349593496,0.6589002795899348,0.6874088478366553,1073,0.0,0.0,0.0,840,0.997269003186163,0.9720496894409938,0.984497865648169,2254,0.399776768820727,0.0,NO_POOL_CONTROL,95,1000,1000,,,,,,,,,,,,,,,,
YAW90_LEFT,SOURCE,BUS_B,BUS_B_to_BUS_A,BUS_B,BUS_A,ACC_MAG,CAUSAL,FIVE_PARTITION_UNLABELED_BUDGET,1,0,0,False,0,,2024-06-04|2024-06-20|2024-07-09|2024-10-29|2024-11-13|2025-01-14|2025-02-17|2025-03-10|2025-04-07|2025-04-25|2025-11-10|2025-12-11,5100,12,0,0.0,0.0,0.0,0.7174509803921568,0.6099229114240169,0.5526996582773402,0.0071090047393364,0.9863198026463332,0.4081596101543426,0.3344633968621387,0.3881544156530936,0.7867095391211146,0.5198300283286119,933,0.723,0.67381174277726,0.6975397973950795,1073,0.75,0.0035714285714285,0.0071090047393364,840,0.997278911564626,0.9755989352262644,0.9863198026463332,2254,0.4081596101543426,0.0071090047393364,NO_POOL_CONTROL,95,1000,1000,30.0,12.0,,,,,,,,,,,,,,
YAW90_LEFT,SOURCE,BUS_B,BUS_B_to_BUS_A,BUS_B,BUS_A,ACC_MAG,RAW,FIVE_PARTITION_UNLABELED_BUDGET,2,0,0,False,0,,2024-07-08|2024-10-10|2024-10-18|2025-01-02|2025-01-08|2025-01-16|2025-02-04|2025-02-07|2025-04-09|2025-08-13|2025-08-22|2025-12-01,5078,12,0,0.0,0.0,0.0,0.7993304450571092,0.6061715147362442,0.5810373810463609,0.0,0.980852378011118,0.4477657153914418,0.3486224286278165,0.6286787726988102,0.7588813303099018,0.6876712328767123,1323,0.6157365050320219,0.7010416666666667,0.6556259132976132,960,0.0,0.0,0.0,326,0.9974874371859296,0.9647630619684082,0.980852378011118,2469,0.4477657153914418,0.0,NO_POOL_CONTROL,95,1000,1000,,,,,,,,,,,,,,,,
YAW90_LEFT,SOURCE,BUS_B,BUS_B_to_BUS_A,BUS_B,BUS_A,ACC_MAG,CAUSAL,FIVE_PARTITION_UNLABELED_BUDGET,2,0,0,False,0,,2024-07-08|2024-10-10|2024-10-18|2025-01-02|2025-01-08|2025-01-16|2025-02-04|2025-02-07|2025-04-09|2025-08-13|2025-08-22|2025-12-01,5078,12,0,0.0,0.0,0.0,0.7875147695943284,0.5931316443227082,0.5691036978512648,0.0,0.9823263460748048,0.4313628151100848,0.3414622187107589,0.6050955414012739,0.7180650037792895,0.6567576909782233,1323,0.5947653429602888,0.6864583333333333,0.6373307543520309,960,0.0,0.0,0.0,326,0.9970796829370046,0.9680032401782098,0.9823263460748048,2469,0.4313628151100848,0.0,NO_POOL_CONTROL,95,1000,1000,30.0,12.0,,,,,,,,,,,,,,
YAW90_LEFT,SOURCE,BUS_B,BUS_B_to_BUS_A,BUS_B,BUS_A,ACC_MAG,RAW,FIVE_PARTITION_UNLABELED_BUDGET,3,0,0,False,0,,2024-05-06|2024-05-21|2024-06-10|2024-07-04|2024-10-18|2025-01-01|2025-03-07|2025-04-25|2025-04-28|2025-10-28|2025-11-06|2025-11-24,3863,12,0,0.0,0.0,0.0,0.726896194667357,0.6066460704194458,0.5658957648502606,0.0075046904315197,0.992330776925642,0.4237507608251336,0.3425393350827642,0.5306122448979592,0.7401285583103765,0.6180981595092024,1089,0.6016451233842538,0.6965986394557823,0.6456494325346784,735,0.6666666666666666,0.0037735849056603,0.0075046904315197,530,0.9986577181208054,0.9860834990059644,0.992330776925642,1509,0.4237507608251336,0.0075046904315197,NO_POOL_CONTROL,95,1000,1000,,,,,,,,,,,,,,,,
YAW90_LEFT,SOURCE,BUS_B,BUS_B_to_BUS_A,BUS_B,BUS_A,ACC_MAG,CAUSAL,FIVE_PARTITION_UNLABELED_BUDGET,3,0,0,False,0,,2024-05-06|2024-05-21|2024-06-10|2024-07-04|2024-10-18|2025-01-01|2025-03-07|2025-04-25|2025-04-28|2025-10-28|2025-11-06|2025-11-24,3863,12,0,0.0,0.0,0.0,0.7364742428164639,0.6145797224300232,0.5737324773656488,0.0,0.9906542056074766,0.4347585679517062,0.3442394864193893,0.5430210325047801,0.7823691460055097,0.6410835214446953,1089,0.63625,0.6925170068027211,0.6631921824104234,735,0.0,0.0,0.0,530,0.9979825151311366,0.9834327369118622,0.9906542056074766,1509,0.4347585679517062,0.0,NO_POOL_CONTROL,95,1000,1000,30.0,12.0,,,,,,,,,,,,,,
YAW90_LEFT,SOURCE,BUS_B,BUS_B_to_BUS_A,BUS_B,BUS_A,ACC_MAG,RAW,FIVE_PARTITION_UNLABELED_BUDGET,4,0,0,False,0,,2024-05-03|2024-05-17|2024-08-09|2025-01-31|2025-02-13|2025-03-13|2025-03-19|2025-04-01|2025-05-14|2025-05-22|2025-08-20|2025-12-10,3780,12,0,0.0,0.0,0.0,0.7121693121693121,0.5301719251697775,0.5071578361170457,0.0663265306122449,0.989010989010989,0.3465401184857311,0.3308253139151253,0.3375,0.5915492957746479,0.4297896532120523,639,0.5743073047858942,0.5158371040723982,0.5435041716328963,884,0.6190476190476191,0.0350404312668463,0.0663265306122449,371,1.0,0.9782608695652174,0.989010989010989,1886,0.3465401184857311,0.0663265306122449,NO_POOL_CONTROL,95,1000,1000,,,,,,,,,,,,,,,,
YAW90_LEFT,SOURCE,BUS_B,BUS_B_to_BUS_A,BUS_B,BUS_A,ACC_MAG,CAUSAL,FIVE_PARTITION_UNLABELED_BUDGET,4,0,0,False,0,,2024-05-03|2024-05-17|2024-08-09|2025-01-31|2025-02-13|2025-03-13|2025-03-19|2025-04-01|2025-05-14|2025-05-22|2025-08-20|2025-12-10,3780,12,0,0.0,0.0,0.0,0.728042328042328,0.5485524191916834,0.5213529198130846,0.0516795865633074,0.9898232458489556,0.3651961444677944,0.3334835865131738,0.3577092511013215,0.6353677621283255,0.4577226606538895,639,0.6248399487836107,0.5520361990950227,0.5861861861861862,884,0.625,0.0269541778975741,0.0516795865633074,371,1.0,0.9798515376458112,0.9898232458489556,1886,0.3651961444677944,0.0516795865633074,NO_POOL_CONTROL,95,1000,1000,30.0,12.0,,,,,,,,,,,,,,
YAW90_LEFT,SOURCE,BUS_B,BUS_B_to_BUS_A,BUS_B,BUS_A,ACC_MAG,RAW,FIVE_PARTITION_UNLABELED_BUDGET,5,0,0,False,0,,2024-04-29|2024-07-04|2024-10-01|2024-11-13|2025-02-11|2025-02-13|2025-03-14|2025-04-10|2025-04-21|2025-05-07|2025-05-09|2025-08-22,4951,12,0,0.0,0.0,0.0,0.7150070692789335,0.5504758892775851,0.5279225722670506,0.0098039215686274,0.9937106918238994,0.372659865748101,0.3206751119876813,0.4601919819311124,0.6854499579478553,0.5506756756756757,1189,0.5967885816235504,0.5230648944487881,0.5575,1279,0.6666666666666666,0.0049382716049382,0.0098039215686274,405,0.9990272373540856,0.9884504331087584,0.9937106918238994,2078,0.372659865748101,0.0098039215686274,NO_POOL_CONTROL,95,1000,1000,,,,,,,,,,,,,,,,
YAW90_LEFT,SOURCE,BUS_B,BUS_B_to_BUS_A,BUS_B,BUS_A,ACC_MAG,CAUSAL,FIVE_PARTITION_UNLABELED_BUDGET,5,0,0,False,0,,2024-04-29|2024-07-04|2024-10-01|2024-11-13|2025-02-11|2025-02-13|2025-03-14|2025-04-10|2025-04-21|2025-05-07|2025-05-09|2025-08-22,4951,12,0,0.0,0.0,0.0,0.719854574833367,0.5535716711817027,0.5319723985452337,0.0048661800486618,0.9942028985507246,0.3778955652100701,0.3211299111466049,0.4587378640776699,0.6358284272497897,0.5329573493126543,1189,0.6064777327935222,0.5856137607505864,0.5958631662688942,1279,0.1666666666666666,0.0024691358024691,0.0048661800486618,405,0.9980601357904948,0.9903753609239654,0.9942028985507246,2078,0.3778955652100701,0.0048661800486618,NO_POOL_CONTROL,95,1000,1000,30.0,12.0,,,,,,,,,,,,,,
YAW90_LEFT,SOURCE,BUS_B,BUS_B_to_BUS_A,BUS_B,BUS_A,ACC_GYR,RAW,FIVE_PARTITION_UNLABELED_BUDGET,1,0,0,False,0,,2024-06-04|2024-06-20|2024-07-09|2024-10-29|2024-11-13|2025-01-14|2025-02-17|2025-03-10|2025-04-07|2025-04-25|2025-11-10|2025-12-11,5100,12,0,0.0,0.0,0.0,0.7223529411764706,0.6086120123439716,0.5532032204962083,0.0,0.9953611663353216,0.4058172385498372,0.331921932297725,0.3826638477801268,0.7759914255091104,0.5125663716814159,933,0.7577706323687031,0.6589002795899348,0.7048853439680958,1073,0.0,0.0,0.0,840,0.9912010558732952,0.9995563442768411,0.9953611663353216,2254,0.4058172385498372,0.0,NO_POOL_CONTROL,96,1000,1000,,,,,,,,,,,,,,,,
YAW90_LEFT,SOURCE,BUS_B,BUS_B_to_BUS_A,BUS_B,BUS_A,ACC_GYR,CAUSAL,FIVE_PARTITION_UNLABELED_BUDGET,1,0,0,False,0,,2024-06-04|2024-06-20|2024-07-09|2024-10-29|2024-11-13|2025-01-14|2025-02-17|2025-03-10|2025-04-07|2025-04-25|2025-11-10|2025-12-11,5100,12,0,0.0,0.0,0.0,0.7358823529411764,0.6264714562207123,0.567491851521062,0.0,0.9962414326774264,0.4245753244689405,0.3404951109126372,0.4072517078297425,0.8306538049303323,0.5465444287729196,933,0.7871878393051032,0.6756756756756757,0.7271815446339017,1073,0.0,0.0,0.0,840,0.992948435434112,0.9995563442768411,0.9962414326774264,2254,0.4245753244689405,0.0,NO_POOL_CONTROL,96,1000,1000,30.0,12.0,,,,,,,,,,,,,,
YAW90_LEFT,SOURCE,BUS_B,BUS_B_to_BUS_A,BUS_B,BUS_A,ACC_GYR,RAW,FIVE_PARTITION_UNLABELED_BUDGET,2,0,0,False,0,,2024-07-08|2024-10-10|2024-10-18|2025-01-02|2025-01-08|2025-01-16|2025-02-04|2025-02-07|2025-04-09|2025-08-13|2025-08-22|2025-12-01,5078,12,0,0.0,0.0,0.0,0.7991335171327294,0.6001869504130125,0.5756031296918213,0.0,0.9987849331713244,0.4345425285319868,0.3453618778150927,0.6148046607265251,0.6780045351473923,0.6448598130841121,1323,0.6043478260869565,0.7239583333333334,0.6587677725118484,960,0.0,0.0,0.0,326,0.9987849331713244,0.9987849331713244,0.9987849331713244,2469,0.4345425285319868,0.0,NO_POOL_CONTROL,96,1000,1000,,,,,,,,,,,,,,,,
YAW90_LEFT,SOURCE,BUS_B,BUS_B_to_BUS_A,BUS_B,BUS_A,ACC_GYR,CAUSAL,FIVE_PARTITION_UNLABELED_BUDGET,2,0,0,False,0,,2024-07-08|2024-10-10|2024-10-18|2025-01-02|2025-01-08|2025-01-16|2025-02-04|2025-02-07|2025-04-09|2025-08-13|2025-08-22|2025-12-01,5078,12,0,0.0,0.0,0.0,0.796376526191414,0.5960507831119487,0.5732320730511524,0.0,0.9975678962302392,0.4317867986581234,0.3439392438306914,0.6063618290258449,0.691609977324263,0.6461864406779662,1323,0.6083788706739527,0.6958333333333333,0.6491739552964043,960,0.0,0.0,0.0,326,0.9983772819472616,0.9967598217901984,0.9975678962302392,2469,0.4317867986581234,0.0,NO_POOL_CONTROL,96,1000,1000,30.0,12.0,,,,,,,,,,,,,,
YAW90_LEFT,SOURCE,BUS_B,BUS_B_to_BUS_A,BUS_B,BUS_A,ACC_GYR,RAW,FIVE_PARTITION_UNLABELED_BUDGET,3,0,0,False,0,,2024-05-06|2024-05-21|2024-06-10|2024-07-04|2024-10-18|2025-01-01|2025-03-07|2025-04-25|2025-04-28|2025-10-28|2025-11-06|2025-11-24,3863,12,0,0.0,0.0,0.0,0.7240486668392441,0.6054326299364281,0.5626015896442796,0.0075187969924812,0.9983460138934832,0.4173534482278784,0.3405684725835602,0.5241090146750524,0.6887052341597796,0.5952380952380952,1089,0.5851528384279476,0.7292517006802721,0.6493034524530588,735,1.0,0.0037735849056603,0.0075187969924812,530,0.9966974900924704,1.0,0.9983460138934832,1509,0.4173534482278784,0.0075187969924812,NO_POOL_CONTROL,96,1000,1000,,,,,,,,,,,,,,,,
YAW90_LEFT,SOURCE,BUS_B,BUS_B_to_BUS_A,BUS_B,BUS_A,ACC_GYR,CAUSAL,FIVE_PARTITION_UNLABELED_BUDGET,3,0,0,False,0,,2024-05-06|2024-05-21|2024-06-10|2024-07-04|2024-10-18|2025-01-01|2025-03-07|2025-04-25|2025-04-28|2025-10-28|2025-11-06|2025-11-24,3863,12,0,0.0,0.0,0.0,0.7067046337043749,0.580938327782112,0.5438256220518642,0.0074349442379182,0.9980145598941098,0.3924293094377823,0.3292693509262858,0.5046052631578948,0.7043158861340679,0.5879647374472978,1089,0.551094890510949,0.6163265306122448,0.581888246628131,735,0.25,0.0037735849056603,0.0074349442379182,530,0.9966953073364178,0.9993373094764744,0.9980145598941098,1509,0.3924293094377823,0.0074349442379182,NO_POOL_CONTROL,96,1000,1000,30.0,12.0,,,,,,,,,,,,,,
YAW90_LEFT,SOURCE,BUS_B,BUS_B_to_BUS_A,BUS_B,BUS_A,ACC_GYR,RAW,FIVE_PARTITION_UNLABELED_BUDGET,4,0,0,False,0,,2024-05-03|2024-05-17|2024-08-09|2025-01-31|2025-02-13|2025-03-13|2025-03-19|2025-04-01|2025-05-14|2025-05-22|2025-08-20|2025-12-10,3780,12,0,0.0,0.0,0.0,0.7335978835978836,0.5436991277175617,0.5147973491685326,0.026525198938992,0.9992040328999736,0.3533284545913857,0.3194884890767164,0.3639024390243902,0.5837245696400626,0.4483173076923077,639,0.5912240184757506,0.579185520361991,0.5851428571428572,884,0.8333333333333334,0.013477088948787,0.026525198938992,371,1.0,0.9984093319194062,0.9992040328999736,1886,0.3533284545913857,0.026525198938992,NO_POOL_CONTROL,96,1000,1000,,,,,,,,,,,,,,,,
YAW90_LEFT,SOURCE,BUS_B,BUS_B_to_BUS_A,BUS_B,BUS_A,ACC_GYR,CAUSAL,FIVE_PARTITION_UNLABELED_BUDGET,4,0,0,False,0,,2024-05-03|2024-05-17|2024-08-09|2025-01-31|2025-02-13|2025-03-13|2025-03-19|2025-04-01|2025-05-14|2025-05-22|2025-08-20|2025-12-10,3780,12,0,0.0,0.0,0.0,0.7351851851851852,0.5477183168948342,0.5222759274357485,0.052219321148825,0.9989384288747346,0.3633884269560863,0.3342532849209791,0.3637245392822502,0.5868544600938967,0.4491017964071856,639,0.5988304093567252,0.579185520361991,0.5888441633122484,884,0.8333333333333334,0.0269541778975741,0.052219321148825,371,1.0,0.9978791092258747,0.9989384288747346,1886,0.3633884269560863,0.052219321148825,NO_POOL_CONTROL,96,1000,1000,30.0,12.0,,,,,,,,,,,,,,
YAW90_LEFT,SOURCE,BUS_B,BUS_B_to_BUS_A,BUS_B,BUS_A,ACC_GYR,RAW,FIVE_PARTITION_UNLABELED_BUDGET,5,0,0,False,0,,2024-04-29|2024-07-04|2024-10-01|2024-11-13|2025-02-11|2025-02-13|2025-03-14|2025-04-10|2025-04-21|2025-05-07|2025-05-09|2025-08-22,4951,12,0,0.0,0.0,0.0,0.705514037568168,0.5376529665692643,0.5177146556880676,0.0098280098280098,0.9983169031017072,0.3575139065501877,0.3145599973440445,0.4379421221864952,0.5727502102607233,0.4963556851311953,1189,0.559025133282559,0.5738858483189992,0.566358024691358,1279,1.0,0.0049382716049382,0.0098280098280098,405,0.9975973089860644,0.9990375360923964,0.9983169031017072,2078,0.3575139065501877,0.0098280098280098,NO_POOL_CONTROL,96,1000,1000,,,,,,,,,,,,,,,,
YAW90_LEFT,SOURCE,BUS_B,BUS_B_to_BUS_A,BUS_B,BUS_A,ACC_GYR,CAUSAL,FIVE_PARTITION_UNLABELED_BUDGET,5,0,0,False,0,,2024-04-29|2024-07-04|2024-10-01|2024-11-13|2025-02-11|2025-02-13|2025-03-14|2025-04-10|2025-04-21|2025-05-07|2025-05-09|2025-08-22,4951,12,0,0.0,0.0,0.0,0.7180367602504545,0.5497111546436653,0.5271968191121352,0.0,0.9985576923076924,0.3700765280469495,0.3163180914672811,0.461875,0.6215306980656014,0.5299390462531374,1189,0.582807570977918,0.5777951524628616,0.580290537887711,1279,0.0,0.0,0.0,405,0.9975984630163304,0.9995187680461982,0.9985576923076924,2078,0.3700765280469495,0.0,NO_POOL_CONTROL,96,1000,1000,30.0,12.0,,,,,,,,,,,,,,
YAW90_LEFT,SOURCE,BUS_B,BUS_B_to_BUS_A,BUS_B,BUS_A,ACC_MAG_GYR,RAW,FIVE_PARTITION_UNLABELED_BUDGET,1,0,0,False,0,,2024-06-04|2024-06-20|2024-07-09|2024-10-29|2024-11-13|2025-01-14|2025-02-17|2025-03-10|2025-04-07|2025-04-25|2025-11-10|2025-12-11,5100,12,0,0.0,0.0,0.0,0.7207843137254902,0.6065199716141241,0.5509718483008482,0.0,0.9957955299845098,0.4026972877396277,0.3305831089805089,0.3805166846071044,0.7577706323687031,0.5066284485847367,933,0.7359263050153532,0.6700838769804287,0.7014634146341463,1073,0.0,0.0,0.0,840,0.9933774834437086,0.9982253771073648,0.9957955299845098,2254,0.4026972877396277,0.0,NO_POOL_CONTROL,137,1000,1000,,,,,,,,,,,,,,,,
YAW90_LEFT,SOURCE,BUS_B,BUS_B_to_BUS_A,BUS_B,BUS_A,ACC_MAG_GYR,CAUSAL,FIVE_PARTITION_UNLABELED_BUDGET,1,0,0,False,0,,2024-06-04|2024-06-20|2024-07-09|2024-10-29|2024-11-13|2025-01-14|2025-02-17|2025-03-10|2025-04-07|2025-04-25|2025-11-10|2025-12-11,5100,12,0,0.0,0.0,0.0,0.7268627450980392,0.6150179365679734,0.5578947264756329,0.0,0.9951284322409212,0.4121501578872034,0.3347368358853797,0.3947226709746904,0.7856377277599143,0.5254480286738351,933,0.7479423868312757,0.6775396085740913,0.7110024449877751,1073,0.0,0.0,0.0,840,0.993368700265252,0.9968944099378882,0.9951284322409212,2254,0.4121501578872034,0.0,NO_POOL_CONTROL,137,1000,1000,30.0,12.0,,,,,,,,,,,,,,
YAW90_LEFT,SOURCE,BUS_B,BUS_B_to_BUS_A,BUS_B,BUS_A,ACC_MAG_GYR,RAW,FIVE_PARTITION_UNLABELED_BUDGET,2,0,0,False,0,,2024-07-08|2024-10-10|2024-10-18|2025-01-02|2025-01-08|2025-01-16|2025-02-04|2025-02-07|2025-04-09|2025-08-13|2025-08-22|2025-12-01,5078,12,0,0.0,0.0,0.0,0.7922410397794407,0.5933459865483928,0.5690215837867965,0.0,0.997362548184216,0.4262412623209901,0.3414129502720778,0.603967168262654,0.6674225245653818,0.6341113105924596,1323,0.5899653979238755,0.7104166666666667,0.6446124763705104,960,0.0,0.0,0.0,326,0.9991869918699188,0.9955447549615228,0.997362548184216,2469,0.4262412623209901,0.0,NO_POOL_CONTROL,137,1000,1000,,,,,,,,,,,,,,,,
YAW90_LEFT,SOURCE,BUS_B,BUS_B_to_BUS_A,BUS_B,BUS_A,ACC_MAG_GYR,CAUSAL,FIVE_PARTITION_UNLABELED_BUDGET,2,0,0,False,0,,2024-07-08|2024-10-10|2024-10-18|2025-01-02|2025-01-08|2025-01-16|2025-02-04|2025-02-07|2025-04-09|2025-08-13|2025-08-22|2025-12-01,5078,12,0,0.0,0.0,0.0,0.7884994092162269,0.5879565060548994,0.5664122772784244,0.0,0.995530272247054,0.4233729456222144,0.3398473663670546,0.597103357472021,0.6855631141345427,0.6382828993666432,1323,0.5946691176470589,0.6739583333333333,0.6318359375,960,0.0,0.0,0.0,326,0.9987770077456176,0.9923045767517212,0.995530272247054,2469,0.4233729456222144,0.0,NO_POOL_CONTROL,137,1000,1000,30.0,12.0,,,,,,,,,,,,,,
YAW90_LEFT,SOURCE,BUS_B,BUS_B_to_BUS_A,BUS_B,BUS_A,ACC_MAG_GYR,RAW,FIVE_PARTITION_UNLABELED_BUDGET,3,0,0,False,0,,2024-05-06|2024-05-21|2024-06-10|2024-07-04|2024-10-18|2025-01-01|2025-03-07|2025-04-25|2025-04-28|2025-10-28|2025-11-06|2025-11-24,3863,12,0,0.0,0.0,0.0,0.7240486668392441,0.6056290003089724,0.5615988859105312,0.0,0.9980132450331126,0.4161274328696707,0.3369593315463187,0.5267229254571026,0.6877869605142333,0.5965750696933493,1089,0.5848648648648649,0.7360544217687075,0.6518072289156627,735,0.0,0.0,0.0,530,0.9973527465254798,0.998674618952949,0.9980132450331126,1509,0.4161274328696707,0.0,NO_POOL_CONTROL,137,1000,1000,,,,,,,,,,,,,,,,
YAW90_LEFT,SOURCE,BUS_B,BUS_B_to_BUS_A,BUS_B,BUS_A,ACC_MAG_GYR,CAUSAL,FIVE_PARTITION_UNLABELED_BUDGET,3,0,0,False,0,,2024-05-06|2024-05-21|2024-06-10|2024-07-04|2024-10-18|2025-01-01|2025-03-07|2025-04-25|2025-04-28|2025-10-28|2025-11-06|2025-11-24,3863,12,0,0.0,0.0,0.0,0.7196479420139787,0.5970824963079229,0.5575502778472228,0.0,0.9976828864614368,0.4108394083091514,0.3345301667083336,0.5276073619631901,0.7107438016528925,0.6056338028169014,1089,0.5822637106184364,0.6789115646258503,0.6268844221105527,735,0.0,0.0,0.0,530,0.9966931216931216,0.998674618952949,0.9976828864614368,1509,0.4108394083091514,0.0,NO_POOL_CONTROL,137,1000,1000,30.0,12.0,,,,,,,,,,,,,,
YAW90_LEFT,SOURCE,BUS_B,BUS_B_to_BUS_A,BUS_B,BUS_A,ACC_MAG_GYR,RAW,FIVE_PARTITION_UNLABELED_BUDGET,4,0,0,False,0,,2024-05-03|2024-05-17|2024-08-09|2025-01-31|2025-02-13|2025-03-13|2025-03-19|2025-04-01|2025-05-14|2025-05-22|2025-08-20|2025-12-10,3780,12,0,0.0,0.0,0.0,0.7275132275132276,0.5428852952201968,0.5245826585748514,0.1017811704834605,0.9989384288747346,0.3664640684748904,0.3554620633382951,0.3503787878787879,0.5790297339593115,0.4365781710914454,639,0.5829268292682926,0.5407239819004525,0.5610328638497653,884,0.9090909090909092,0.0539083557951482,0.1017811704834605,371,1.0,0.9978791092258747,0.9989384288747346,1886,0.3664640684748904,0.1017811704834605,NO_POOL_CONTROL,137,1000,1000,,,,,,,,,,,,,,,,
YAW90_LEFT,SOURCE,BUS_B,BUS_B_to_BUS_A,BUS_B,BUS_A,ACC_MAG_GYR,CAUSAL,FIVE_PARTITION_UNLABELED_BUDGET,4,0,0,False,0,,2024-05-03|2024-05-17|2024-08-09|2025-01-31|2025-02-13|2025-03-13|2025-03-19|2025-04-01|2025-05-14|2025-05-22|2025-08-20|2025-12-10,3780,12,0,0.0,0.0,0.0,0.7296296296296296,0.545034962867672,0.5237690652827498,0.0790123456790123,0.9986726838332892,0.3654678590992367,0.3458663774412548,0.3580131208997188,0.5978090766823161,0.447831184056272,639,0.600250626566416,0.5418552036199095,0.5695600475624257,884,0.4705882352941176,0.0431266846361186,0.0790123456790123,371,1.0,0.9973488865323435,0.9986726838332892,1886,0.3654678590992367,0.0790123456790123,NO_POOL_CONTROL,137,1000,1000,30.0,12.0,,,,,,,,,,,,,,
YAW90_LEFT,SOURCE,BUS_B,BUS_B_to_BUS_A,BUS_B,BUS_A,ACC_MAG_GYR,RAW,FIVE_PARTITION_UNLABELED_BUDGET,5,0,0,False,0,,2024-04-29|2024-07-04|2024-10-01|2024-11-13|2025-02-11|2025-02-13|2025-03-14|2025-04-10|2025-04-21|2025-05-07|2025-05-09|2025-08-22,4951,12,0,0.0,0.0,0.0,0.6950111088668955,0.5263936145346098,0.5057837494777342,0.0,0.9980769230769232,0.3416860249446712,0.3034702496866405,0.4237396298659859,0.5584524810765349,0.4818577648766328,1189,0.5384024577572964,0.5480844409695075,0.5432003099573809,1279,0.0,0.0,0.0,405,0.9971181556195964,0.9990375360923964,0.9980769230769232,2078,0.3416860249446712,0.0,NO_POOL_CONTROL,137,1000,1000,,,,,,,,,,,,,,,,
YAW90_LEFT,SOURCE,BUS_B,BUS_B_to_BUS_A,BUS_B,BUS_A,ACC_MAG_GYR,CAUSAL,FIVE_PARTITION_UNLABELED_BUDGET,5,0,0,False,0,,2024-04-29|2024-07-04|2024-10-01|2024-11-13|2025-02-11|2025-02-13|2025-03-14|2025-04-10|2025-04-21|2025-05-07|2025-05-09|2025-08-22,4951,12,0,0.0,0.0,0.0,0.707533831549182,0.5409766434841944,0.5234551551252447,0.0234192037470726,0.9985569985569984,0.3650878739813267,0.3234407745739758,0.4435847840103159,0.5786375105130361,0.5021897810218978,1189,0.5654853620955316,0.5738858483189992,0.5696546371750097,1279,0.2272727272727272,0.0123456790123456,0.0234192037470726,405,0.9980769230769232,0.9990375360923964,0.9985569985569984,2078,0.3650878739813267,0.0234192037470726,NO_POOL_CONTROL,137,1000,1000,30.0,12.0,,,,,,,,,,,,,,
