bus_b_orientation,direction,source_vehicle,target_vehicle,sensor_config,method,protocol,budget_k_days,n_test_splits,accuracy_splitmedian_p10,accuracy_splitmedian_p50,accuracy_splitmedian_p90,balanced_accuracy_splitmedian_p10,balanced_accuracy_splitmedian_p50,balanced_accuracy_splitmedian_p90,macro_f1_splitmedian_p10,macro_f1_splitmedian_p50,macro_f1_splitmedian_p90,stationary_macro_f1_splitmedian_p10,stationary_macro_f1_splitmedian_p50,stationary_macro_f1_splitmedian_p90,stationary_macro_f1_splitmedian_p10,stationary_macro_f1_splitmedian_p50,stationary_macro_f1_splitmedian_p90,charging_f1_splitmedian_p10,charging_f1_splitmedian_p50,charging_f1_splitmedian_p90,charging_f1_splitmedian_p10,charging_f1_splitmedian_p50,charging_f1_splitmedian_p90,driving_f1_splitmedian_p10,driving_f1_splitmedian_p50,driving_f1_splitmedian_p90,driving_f1_splitmedian_p10,driving_f1_splitmedian_p50,driving_f1_splitmedian_p90,objective_score_splitmedian_p10,objective_score_splitmedian_p50,objective_score_splitmedian_p90,adaptation_rows_splitmedian_p10,adaptation_rows_splitmedian_p50,adaptation_rows_splitmedian_p90,adaptation_hours_splitmedian_p10,adaptation_hours_splitmedian_p50,adaptation_hours_splitmedian_p90,adaptation_window_hours_splitmedian_p10,adaptation_window_hours_splitmedian_p50,adaptation_window_hours_splitmedian_p90,adaptation_span_hours_splitmedian_p10,adaptation_span_hours_splitmedian_p50,adaptation_span_hours_splitmedian_p90
RECORDED,BUS_A_to_BUS_B,BUS_A,BUS_B,ACC,RAW,FIVE_PARTITION_UNLABELED_BUDGET,0,5,0.7568456636508596,0.8105539830165791,0.8521204062052641,0.7094671854660166,0.7504132400083945,0.8011240827134457,0.6768613437385501,0.7071427439068834,0.7934599717939417,0.5805763374075296,0.6202064267728874,0.7329741425609329,0.5805763374075296,0.6202064267728874,0.7329741425609329,0.6986797806956592,0.7950138504155124,0.865902641077371,0.6986797806956592,0.7950138504155124,0.865902641077371,0.9652562393183368,0.9679516953088714,0.9749174594929684,0.9652562393183368,0.9679516953088714,0.9749174594929684,0.6867114821561011,0.7632568647160556,0.8129280045903178,0.0,0.0,0.0,0.0,0.0,0.0,0.0,0.0,0.0,0.0,0.0,0.0
RECORDED,BUS_A_to_BUS_B,BUS_A,BUS_B,ACC,CAUSAL,FIVE_PARTITION_UNLABELED_BUDGET,0,5,0.6898234415081872,0.7202314296379246,0.829379235365587,0.5859725201190659,0.6332761648200694,0.7709002601788816,0.568913576199331,0.6288588996523734,0.7624399124693972,0.4338217109179291,0.5131651325739502,0.6903177781721767,0.4338217109179291,0.5131651325739502,0.6903177781721767,0.4565655924585832,0.6140440799589953,0.8302666586649063,0.4565655924585832,0.6140440799589953,0.8302666586649063,0.9738008267953912,0.9759402008876432,0.9790833362286184,0.9738008267953912,0.9759402008876432,0.9790833362286184,0.5255160246748278,0.6190788668455323,0.7895706109476008,0.0,0.0,0.0,0.0,0.0,0.0,0.0,0.0,0.0,0.0,0.0,0.0
RECORDED,BUS_A_to_BUS_B,BUS_A,BUS_B,ACC,ZSCORE,FIVE_PARTITION_UNLABELED_BUDGET,1,5,0.5817901360167516,0.5890076908647534,0.6144401549497972,0.5486323929223982,0.6082892030570036,0.6122498700314428,0.428388531770734,0.4810116968184487,0.4960993104744071,0.2462699538228543,0.3145622933843506,0.3394192992844796,0.2462699538228543,0.3145622933843506,0.3394192992844796,0.0005706136997145,0.0017138073839104,0.0061605790141174,0.0005706136997145,0.0017138073839104,0.0061605790141174,0.9658700988846104,0.9746451713411168,0.9775909047817168,0.9658700988846104,0.9746451713411168,0.9775909047817168,0.2588157852889458,0.2886070180910692,0.2988690113311036,695.0,736.5,741.9,13.20090777777778,13.435447222222225,13.907681055555557,11.583333333333334,12.275,12.365,14.883189722222223,15.772793472222222,17.122592805555552
RECORDED,BUS_A_to_BUS_B,BUS_A,BUS_B,ACC,QUANTILE,FIVE_PARTITION_UNLABELED_BUDGET,1,5,0.5397628505993984,0.5888535031847133,0.6025712634866413,0.5463609807668582,0.5766903553797146,0.6228829747881293,0.4394153790613055,0.4707145264050084,0.4896392497444043,0.2862552687127164,0.3403685227939295,0.3685985362675498,0.2862552687127164,0.3403685227939295,0.3685985362675498,0.0129553620519902,0.0541236223159599,0.1359210109633596,0.0129553620519902,0.0541236223159599,0.1359210109633596,0.8275819133388204,0.9125479430219864,0.9194114016014144,0.8275819133388204,0.9125479430219864,0.9194114016014144,0.2723788961334666,0.3025659397677354,0.3530820868734233,695.0,736.5,741.9,13.20090777777778,13.435447222222225,13.907681055555557,11.583333333333334,12.275,12.365,14.883189722222223,15.772793472222222,17.122592805555552
RECORDED,BUS_A_to_BUS_B,BUS_A,BUS_B,ACC,CORAL,FIVE_PARTITION_UNLABELED_BUDGET,1,5,0.5311071022167914,0.5386170642943793,0.5468377543669447,0.4606989624897957,0.5006904296492902,0.544942701418151,0.3876354486804007,0.4048442162483848,0.4499783380585714,0.2222604523374697,0.2682415043914208,0.2963129320701473,0.2222604523374697,0.2682415043914208,0.2963129320701473,0.0033521850899742,0.0097266602041671,0.0125485971667499,0.0033521850899742,0.0097266602041671,0.0125485971667499,0.8788537793817749,0.8930986508426837,0.910036076902464,0.8788537793817749,0.8930986508426837,0.910036076902464,0.2412621405710318,0.2508355361231299,0.2763988229494193,695.0,736.5,741.9,13.20090777777778,13.435447222222225,13.907681055555557,11.583333333333334,12.275,12.365,14.883189722222223,15.772793472222222,17.122592805555552
RECORDED,BUS_A_to_BUS_B,BUS_A,BUS_B,ACC,ZSCORE,FIVE_PARTITION_UNLABELED_BUDGET,3,5,0.6411671520775208,0.6850990699555196,0.7178815177257414,0.520574451380451,0.5718395648408423,0.6589600175071386,0.4554311183981662,0.4757077331951994,0.6165813706749069,0.2863353294751452,0.3206884454732673,0.4985810885484052,0.2863353294751452,0.3206884454732673,0.4985810885484052,0.0003433476394849,0.0437956204379562,0.5519742466775551,0.0003433476394849,0.0437956204379562,0.5519742466775551,0.954125192634484,0.9678639056285484,0.974892349243792,0.954125192634484,0.9678639056285484,0.974892349243792,0.2808106788147985,0.3030950978985658,0.5874840673909874,1141.3,1361.0,1807.5,21.268327805555558,24.758099861111116,32.869359916666674,19.02166666666667,22.683333333333334,30.125,34.82972738888889,38.08004055555556,40.22354008333333
RECORDED,BUS_A_to_BUS_B,BUS_A,BUS_B,ACC,QUANTILE,FIVE_PARTITION_UNLABELED_BUDGET,3,5,0.6426866816285848,0.6579880552444942,0.6979149077553501,0.5906341541594311,0.6361896950220599,0.7161623504332247,0.5069905119375077,0.5773691240118575,0.6360591565052819,0.3635646727768459,0.4822689789882177,0.544231169238498,0.3635646727768459,0.4822689789882177,0.544231169238498,0.1611252834729766,0.3537082556850012,0.5667419358408907,0.1611252834729766,0.3537082556850012,0.5667419358408907,0.8870609088442304,0.9319038519944116,0.9645908702356092,0.8870609088442304,0.9319038519944116,0.9645908702356092,0.3609224221544505,0.4991011397669886,0.6081151315363602,1141.3,1361.0,1807.5,21.268327805555558,24.758099861111116,32.869359916666674,19.02166666666667,22.683333333333334,30.125,34.82972738888889,38.08004055555556,40.22354008333333
RECORDED,BUS_A_to_BUS_B,BUS_A,BUS_B,ACC,CORAL,FIVE_PARTITION_UNLABELED_BUDGET,3,5,0.5868577651098615,0.60183611016661,0.6389572220748413,0.500448009585163,0.5677525172459703,0.5979249295498927,0.4185143171474713,0.4794990320198412,0.5409939476632026,0.2558444826377867,0.3432108991995071,0.4179583120508926,0.2558444826377867,0.3432108991995071,0.4179583120508926,0.0338042748314985,0.0822786963325848,0.3524019101208195,0.0338042748314985,0.0822786963325848,0.3524019101208195,0.9025161640447296,0.9069535809436452,0.9138640602275292,0.9025161640447296,0.9069535809436452,0.9138640602275292,0.2695859957164124,0.3233763320425259,0.4617279003774398,1141.3,1361.0,1807.5,21.268327805555558,24.758099861111116,32.869359916666674,19.02166666666667,22.683333333333334,30.125,34.82972738888889,38.08004055555556,40.22354008333333
RECORDED,BUS_A_to_BUS_B,BUS_A,BUS_B,ACC,ZSCORE,FIVE_PARTITION_UNLABELED_BUDGET,7,5,0.7352753080078422,0.7850788515972503,0.8219743789181653,0.6470601114753465,0.6784956948201344,0.7073285510102542,0.6312884611315175,0.6790472581824856,0.7070568464554752,0.5201728119318607,0.5830349079086004,0.6183585295346381,0.5201728119318607,0.5830349079086004,0.6183585295346381,0.5268277038755897,0.7283253084116577,0.7840293699158711,0.5268277038755897,0.7283253084116577,0.7840293699158711,0.9623560747881456,0.9685417993720296,0.9753120300596216,0.9623560747881456,0.9685417993720296,0.9753120300596216,0.588471640862016,0.710409850014095,0.7447916564578427,3118.0,3159.0,3728.5,58.45919441666667,59.28457500000003,70.85762594444446,51.96666666666667,52.65,62.14166666666667,79.82707983333333,81.92578222222221,90.36951019444444
RECORDED,BUS_A_to_BUS_B,BUS_A,BUS_B,ACC,QUANTILE,FIVE_PARTITION_UNLABELED_BUDGET,7,5,0.7278655786486655,0.7657259435566135,0.7887079052493039,0.696157531477295,0.7507751527009734,0.7716346366865232,0.6386857632743065,0.6941826678151891,0.7240104898480875,0.5301716867469097,0.6162110284518522,0.6465558067955075,0.5301716867469097,0.6162110284518522,0.6465558067955075,0.5552173832634552,0.6915295597339697,0.7941692683673501,0.5552173832634552,0.6915295597339697,0.7941692683673501,0.9506720727182169,0.95656046363662,0.9710471692366934,0.9506720727182169,0.95656046363662,0.9710471692366934,0.6138009233869552,0.6919519364534854,0.742770421281446,3118.0,3159.0,3728.5,58.45919441666667,59.28457500000003,70.85762594444446,51.96666666666667,52.65,62.14166666666667,79.82707983333333,81.92578222222221,90.36951019444444
RECORDED,BUS_A_to_BUS_B,BUS_A,BUS_B,ACC,CORAL,FIVE_PARTITION_UNLABELED_BUDGET,7,5,0.6668897380846002,0.6782377919320595,0.6909239714107877,0.6111885910727808,0.6235847208559145,0.6360419879300476,0.573984661347039,0.5825719270514057,0.6093288001333605,0.4607419954444083,0.4704426462597485,0.5088075600914368,0.4607419954444083,0.4704426462597485,0.5088075600914368,0.4311740729309001,0.4805261678113829,0.5947167551548261,0.4311740729309001,0.4805261678113829,0.5947167551548261,0.9049864338343662,0.9112071829204847,0.9216637546909758,0.9049864338343662,0.9112071829204847,0.9216637546909758,0.5214293093117194,0.5578572609608888,0.5906871420608051,3118.0,3159.0,3728.5,58.45919441666667,59.28457500000003,70.85762594444446,51.96666666666667,52.65,62.14166666666667,79.82707983333333,81.92578222222221,90.36951019444444
RECORDED,BUS_A_to_BUS_B,BUS_A,BUS_B,ACC,ZSCORE,FIVE_PARTITION_UNLABELED_BUDGET,14,5,0.8193324956208095,0.8304670912951169,0.8512821436492012,0.6987102220357828,0.70374699556357,0.7341851036333401,0.701101656818532,0.7068709208848941,0.7337483019008052,0.6113029302753299,0.6195686514175942,0.65642137138525,0.6113029302753299,0.6195686514175942,0.65642137138525,0.7759421100847463,0.8128321461998509,0.8643862645029721,0.7759421100847463,0.8128321461998509,0.8643862645029721,0.9622805237740768,0.9688118973991768,0.9741810028207428,0.9622805237740768,0.9688118973991768,0.9741810028207428,0.7299220607952183,0.7515336596442417,0.7884554722055358,6021.5,6440.5,7518.2,112.67047713888884,120.79728791666663,138.44149127777774,100.35833333333332,107.34166666666668,125.30333333333334,155.049714,164.70108680555555,180.24895747222223
RECORDED,BUS_A_to_BUS_B,BUS_A,BUS_B,ACC,QUANTILE,FIVE_PARTITION_UNLABELED_BUDGET,14,5,0.7596499840460716,0.8029723991507431,0.8288915046184615,0.7226315566083386,0.7871928543985511,0.8065274401191653,0.6748004781046777,0.741646662321717,0.7686598838003026,0.577262702751103,0.663812790054708,0.70194006796717,0.577262702751103,0.663812790054708,0.70194006796717,0.6193359033829402,0.7622356714882286,0.846258430509134,0.6193359033829402,0.7622356714882286,0.846258430509134,0.9670229726881852,0.972449299253804,0.9733301330654808,0.9670229726881852,0.972449299253804,0.9733301330654808,0.6558018307865772,0.7750840558614611,0.7791207735362514,6021.5,6440.5,7518.2,112.67047713888884,120.79728791666663,138.44149127777774,100.35833333333332,107.34166666666668,125.30333333333334,155.049714,164.70108680555555,180.24895747222223
RECORDED,BUS_A_to_BUS_B,BUS_A,BUS_B,ACC,CORAL,FIVE_PARTITION_UNLABELED_BUDGET,14,5,0.7127821969430148,0.7406581740976645,0.7535556169451308,0.6628284471408221,0.6747894763681548,0.692195927548479,0.6311983950942823,0.6573358108440395,0.6671145592190468,0.540989033532627,0.5704305251688655,0.5854556562947344,0.540989033532627,0.5704305251688655,0.5854556562947344,0.6178160143166284,0.7187371408225183,0.7804238311292467,0.6178160143166284,0.7187371408225183,0.7804238311292467,0.9030102377528052,0.9159401420043696,0.9173496282941904,0.9030102377528052,0.9159401420043696,0.9173496282941904,0.6331024901646229,0.6818778879928185,0.7042105852826955,6021.5,6440.5,7518.2,112.67047713888884,120.79728791666663,138.44149127777774,100.35833333333332,107.34166666666668,125.30333333333334,155.049714,164.70108680555555,180.24895747222223
RECORDED,BUS_A_to_BUS_B,BUS_A,BUS_B,ACC,ZSCORE,FIVE_PARTITION_UNLABELED_BUDGET,18,5,0.8193930239216499,0.8346072186836518,0.8594932307341594,0.6962862091108699,0.7099107281776054,0.7498666661883014,0.6955559000980722,0.7087980902761848,0.7530012577037859,0.6046842732861677,0.6227065411274365,0.6806286869838045,0.6046842732861677,0.6227065411274365,0.6806286869838045,0.7855174320470287,0.822998193859121,0.8814967589598931,0.7855174320470287,0.822998193859121,0.8814967589598931,0.963463208426846,0.9686119507091374,0.9743289293705576,0.963463208426846,0.9686119507091374,0.9743289293705576,0.7317162884436871,0.7560727394456437,0.8037616151117151,7973.8,8375.0,9672.4,149.09656916666663,158.7114808333332,178.50561349999998,132.89666666666668,139.58333333333334,161.20666666666668,206.65689111111112,212.34181361111115,235.39408666666668
RECORDED,BUS_A_to_BUS_B,BUS_A,BUS_B,ACC,QUANTILE,FIVE_PARTITION_UNLABELED_BUDGET,18,5,0.7612747455992889,0.8048282896973818,0.8281105366853394,0.722131036859083,0.7773533070689287,0.800665191043153,0.6789943147401639,0.7340924815160035,0.7579075798178428,0.5799113330436644,0.6570044343551565,0.6848382182064995,0.5799113330436644,0.6570044343551565,0.6848382182064995,0.5937179757384368,0.7654814222932481,0.8426289457133865,0.5937179757384368,0.7654814222932481,0.8426289457133865,0.9690894257878772,0.9751671442215856,0.9780244807571412,0.9690894257878772,0.9751671442215856,0.9780244807571412,0.6498123358801957,0.7627348715767964,0.7770450434360426,7973.8,8375.0,9672.4,149.09656916666663,158.7114808333332,178.50561349999998,132.89666666666668,139.58333333333334,161.20666666666668,206.65689111111112,212.34181361111115,235.39408666666668
RECORDED,BUS_A_to_BUS_B,BUS_A,BUS_B,ACC,CORAL,FIVE_PARTITION_UNLABELED_BUDGET,18,5,0.72741654682185,0.7514537610204465,0.7527720270642686,0.6642404552963842,0.6940756755125072,0.7101108602712779,0.6374366212468999,0.6611162467414203,0.6767725611858938,0.5477225071709354,0.5792893305126188,0.5967752326696131,0.5477225071709354,0.5792893305126188,0.5967752326696131,0.6409514603014678,0.7672162948593598,0.7960474755550089,0.6409514603014678,0.7672162948593598,0.7960474755550089,0.9026256661947676,0.9162098668754894,0.9171500353653188,0.9026256661947676,0.9162098668754894,0.9171500353653188,0.6480927401398049,0.7034675022337489,0.7139745795325982,7973.8,8375.0,9672.4,149.09656916666663,158.7114808333332,178.50561349999998,132.89666666666668,139.58333333333334,161.20666666666668,206.65689111111112,212.34181361111115,235.39408666666668
RECORDED,BUS_A_to_BUS_B,BUS_A,BUS_B,ACC_MAG,RAW,FIVE_PARTITION_UNLABELED_BUDGET,0,5,0.6594369512342994,0.6898503841488072,0.7542239163500063,0.5807423996709623,0.6209383475553374,0.7277254982514285,0.5617715384479641,0.5708434653005134,0.6831304826577309,0.4263725183225362,0.4405127418398479,0.5886959346649143,0.4263725183225362,0.4405127418398479,0.5886959346649143,0.4159099192576564,0.5084937712344281,0.6030682475848458,0.4159099192576564,0.5084937712344281,0.6030682475848458,0.9627062107570796,0.9646635156425838,0.9713878457904288,0.9627062107570796,0.9646635156425838,0.9713878457904288,0.503426890771841,0.5459035876740793,0.6511055886285768,0.0,0.0,0.0,0.0,0.0,0.0,0.0,0.0,0.0,0.0,0.0,0.0
RECORDED,BUS_A_to_BUS_B,BUS_A,BUS_B,ACC_MAG,CAUSAL,FIVE_PARTITION_UNLABELED_BUDGET,0,5,0.738789733852677,0.7603583426651735,0.8372403049066172,0.641514659347507,0.7343731154051356,0.8109526403432838,0.6180223901760965,0.6912686091773865,0.7900233212164124,0.4999946708112623,0.5966895323174933,0.7275526052546325,0.4999946708112623,0.5966895323174933,0.7275526052546325,0.5322417971299543,0.615948670944088,0.8041172755250975,0.5322417971299543,0.615948670944088,0.8041172755250975,0.9721055482705993,0.975005839757066,0.9776156542455132,0.9721055482705993,0.975005839757066,0.9776156542455132,0.5845269773320263,0.6611406338840671,0.7956609029398864,0.0,0.0,0.0,0.0,0.0,0.0,0.0,0.0,0.0,0.0,0.0,0.0
RECORDED,BUS_A_to_BUS_B,BUS_A,BUS_B,ACC_MAG,ZSCORE,FIVE_PARTITION_UNLABELED_BUDGET,1,5,0.6624532294856639,0.6953154162000746,0.7499548329680872,0.5965356340265028,0.6757423170061326,0.7006526518073206,0.5511544606705364,0.6026164003480048,0.6627970157190008,0.410187965557122,0.479325763162871,0.5593987166084349,0.410187965557122,0.479325763162871,0.5593987166084349,0.3603301687117224,0.3860925530144519,0.557345189157088,0.3603301687117224,0.3860925530144519,0.557345189157088,0.9662914800083608,0.9742209649655732,0.9759421185221182,0.9662914800083608,0.9742209649655732,0.9759421185221182,0.4774331393647312,0.5310316266922732,0.6355051370545268,695.0,736.5,741.9,13.20090777777778,13.435447222222225,13.907681055555557,11.583333333333334,12.275,12.365,14.883189722222223,15.772793472222222,17.122592805555552
RECORDED,BUS_A_to_BUS_B,BUS_A,BUS_B,ACC_MAG,QUANTILE,FIVE_PARTITION_UNLABELED_BUDGET,1,5,0.5953971488820116,0.6198649409116488,0.6383185737053874,0.5450780105770328,0.6020011840538178,0.6275186049557968,0.4836597567312167,0.5455621477423367,0.5548664421915075,0.3493264655617066,0.4258164069204563,0.4457506498843874,0.3493264655617066,0.4258164069204563,0.4457506498843874,0.17174098443204,0.2868618057958871,0.4003627208227207,0.17174098443204,0.2868618057958871,0.4003627208227207,0.8373341771363725,0.9165901937438528,0.9225804886616134,0.8373341771363725,0.9165901937438528,0.9225804886616134,0.3775812638636704,0.4453068493444597,0.4705709994771921,695.0,736.5,741.9,13.20090777777778,13.435447222222225,13.907681055555557,11.583333333333334,12.275,12.365,14.883189722222223,15.772793472222222,17.122592805555552
RECORDED,BUS_A_to_BUS_B,BUS_A,BUS_B,ACC_MAG,CORAL,FIVE_PARTITION_UNLABELED_BUDGET,1,5,0.3684232554155432,0.4073344588257362,0.4202700170945048,0.3029872959347842,0.3545188808748887,0.3853145981806103,0.2509025763923114,0.2867887633847946,0.301454693213772,0.110953828709412,0.1403859378765294,0.1517235693867464,0.110953828709412,0.1403859378765294,0.1517235693867464,0.0,0.0,0.0,0.0,0.0,0.0,0.5955738393801953,0.7153985585430063,0.7444183436003655,0.5955738393801953,0.7153985585430063,0.7444183436003655,0.1519032479630464,0.1720732580308767,0.1819957702604411,695.0,736.5,741.9,13.20090777777778,13.435447222222225,13.907681055555557,11.583333333333334,12.275,12.365,14.883189722222223,15.772793472222222,17.122592805555552
RECORDED,BUS_A_to_BUS_B,BUS_A,BUS_B,ACC_MAG,ZSCORE,FIVE_PARTITION_UNLABELED_BUDGET,3,5,0.6635359089698248,0.6882329154872624,0.7503367339672473,0.5391548726262446,0.6067642765529404,0.6986743518115184,0.5020468304128757,0.5797288376770984,0.6634851033174369,0.3518660113293032,0.4479095998566558,0.5606119053944199,0.3518660113293032,0.4479095998566558,0.5606119053944199,0.1014852880458216,0.3200197792326694,0.5883668085649405,0.1014852880458216,0.3200197792326694,0.5883668085649405,0.9538368517008832,0.9667845586904924,0.9738840044878396,0.9538368517008832,0.9667845586904924,0.9738840044878396,0.3518340884961581,0.4462682723782332,0.6363922558612134,1141.3,1361.0,1807.5,21.268327805555558,24.758099861111116,32.869359916666674,19.02166666666667,22.683333333333334,30.125,34.82972738888889,38.08004055555556,40.22354008333333
RECORDED,BUS_A_to_BUS_B,BUS_A,BUS_B,ACC_MAG,QUANTILE,FIVE_PARTITION_UNLABELED_BUDGET,3,5,0.6408020219183228,0.7171519223590892,0.7229233888552357,0.5771620064261137,0.703358835122744,0.723152142762099,0.5322369109738829,0.6414706301086404,0.6513664367932892,0.4107392988080821,0.5381896112687552,0.5536603743826112,0.4107392988080821,0.5381896112687552,0.5536603743826112,0.3015159027811512,0.3917931124813606,0.4975993669397046,0.3015159027811512,0.3917931124813606,0.4975993669397046,0.895945873183315,0.9406020978016432,0.9684359061354778,0.895945873183315,0.9406020978016432,0.9684359061354778,0.4393557185715016,0.5577588591948773,0.5823751532521939,1141.3,1361.0,1807.5,21.268327805555558,24.758099861111116,32.869359916666674,19.02166666666667,22.683333333333334,30.125,34.82972738888889,38.08004055555556,40.22354008333333
RECORDED,BUS_A_to_BUS_B,BUS_A,BUS_B,ACC_MAG,CORAL,FIVE_PARTITION_UNLABELED_BUDGET,3,5,0.475759519638204,0.5015300918055083,0.5224347187252587,0.3898842916865014,0.4335999788136724,0.4422780871537198,0.3418230730147679,0.3790623961959859,0.4193289534999863,0.1860827748195241,0.2188969060530772,0.2722304999797824,0.1860827748195241,0.2188969060530772,0.2722304999797824,0.0046158018195253,0.0225097357352292,0.28690461798116,0.0046158018195253,0.0225097357352292,0.28690461798116,0.8013726748119951,0.860728573873879,0.8786279453254111,0.8013726748119951,0.860728573873879,0.8786279453254111,0.2188297289239932,0.2339805881106357,0.3462164060098407,1141.3,1361.0,1807.5,21.268327805555558,24.758099861111116,32.869359916666674,19.02166666666667,22.683333333333334,30.125,34.82972738888889,38.08004055555556,40.22354008333333
RECORDED,BUS_A_to_BUS_B,BUS_A,BUS_B,ACC_MAG,ZSCORE,FIVE_PARTITION_UNLABELED_BUDGET,7,5,0.7462972974496546,0.7627846211272863,0.8226596269625923,0.6438634724091128,0.7421477417366924,0.771866766933566,0.6354614618323243,0.7020004116480163,0.758167739875172,0.5266118453216398,0.6122776928965779,0.6861201343494233,0.5266118453216398,0.6122776928965779,0.6861201343494233,0.6175114407297262,0.6770343222227726,0.7610453772748501,0.6175114407297262,0.6770343222227726,0.7610453772748501,0.9602093545175016,0.9680220719651706,0.9749364013106364,0.9602093545175016,0.9680220719651706,0.9749364013106364,0.6459082274983958,0.6638553704880275,0.7597980150676861,3118.0,3159.0,3728.5,58.45919441666667,59.28457500000003,70.85762594444446,51.96666666666667,52.65,62.14166666666667,79.82707983333333,81.92578222222221,90.36951019444444
RECORDED,BUS_A_to_BUS_B,BUS_A,BUS_B,ACC_MAG,QUANTILE,FIVE_PARTITION_UNLABELED_BUDGET,7,5,0.6933802225483727,0.721656050955414,0.7524117730929606,0.6718376963352071,0.7004520667731314,0.7169877163473033,0.605259996175759,0.6223244573947937,0.6837033203424386,0.4895725715230412,0.5181956525310911,0.5873912854677018,0.4895725715230412,0.5181956525310911,0.5873912854677018,0.3597540698549751,0.5077488458783423,0.5871385129223492,0.3597540698549751,0.5077488458783423,0.5871385129223492,0.9547930818641857,0.9580511777503103,0.9756979536720698,0.9547930818641857,0.9580511777503103,0.9756979536720698,0.5026295215070776,0.5788396081152012,0.6433678327415494,3118.0,3159.0,3728.5,58.45919441666667,59.28457500000003,70.85762594444446,51.96666666666667,52.65,62.14166666666667,79.82707983333333,81.92578222222221,90.36951019444444
RECORDED,BUS_A_to_BUS_B,BUS_A,BUS_B,ACC_MAG,CORAL,FIVE_PARTITION_UNLABELED_BUDGET,7,5,0.5907046011923676,0.6096491228070176,0.6501699589111637,0.5008246386919366,0.5418188801132788,0.5988777291436304,0.457768565841525,0.4903473698397603,0.5511373865369347,0.3114815265677647,0.3534944494445357,0.4262803640953014,0.3114815265677647,0.3534944494445357,0.4262803640953014,0.1732213251463568,0.3828736531727021,0.4963353278368972,0.1732213251463568,0.3828736531727021,0.4963353278368972,0.9115832363547408,0.918827257018634,0.9346132572064724,0.9115832363547408,0.918827257018634,0.9346132572064724,0.3476327692014798,0.454689366536922,0.5271054982520598,3118.0,3159.0,3728.5,58.45919441666667,59.28457500000003,70.85762594444446,51.96666666666667,52.65,62.14166666666667,79.82707983333333,81.92578222222221,90.36951019444444
RECORDED,BUS_A_to_BUS_B,BUS_A,BUS_B,ACC_MAG,ZSCORE,FIVE_PARTITION_UNLABELED_BUDGET,14,5,0.7707771592776453,0.8408366160195085,0.8574618740394062,0.688888705509347,0.7589548193283127,0.7715689241017486,0.6690584642946323,0.7582356004550983,0.7723762960352698,0.5700935065035534,0.6886008053340378,0.7060202025152533,0.5700935065035534,0.6886008053340378,0.7060202025152533,0.6617629886409585,0.7867402244756674,0.8667800622098485,0.6617629886409585,0.7867402244756674,0.8667800622098485,0.9618050326670412,0.9659514562595346,0.9741966177498796,0.9618050326670412,0.9659514562595346,0.9741966177498796,0.6641767401418178,0.769637450063326,0.8063278023768616,6021.5,6440.5,7518.2,112.67047713888884,120.79728791666663,138.44149127777774,100.35833333333332,107.34166666666668,125.30333333333334,155.049714,164.70108680555555,180.24895747222223
RECORDED,BUS_A_to_BUS_B,BUS_A,BUS_B,ACC_MAG,QUANTILE,FIVE_PARTITION_UNLABELED_BUDGET,14,5,0.6999933666664289,0.7165386170642944,0.7412523198212377,0.6588950885313889,0.7037726331723458,0.7120206022013869,0.6064742009111468,0.630697436694164,0.6561996199495663,0.4851527495980536,0.5171723623335438,0.5513223194726855,0.4851527495980536,0.5171723623335438,0.5513223194726855,0.4020670219912981,0.4506585921153296,0.5409019073130994,0.4020670219912981,0.4506585921153296,0.5409019073130994,0.9736741669816028,0.9751808459611804,0.9768685448252,0.9736741669816028,0.9751808459611804,0.9768685448252,0.5301768627523046,0.5557535080293501,0.6100805348949796,6021.5,6440.5,7518.2,112.67047713888884,120.79728791666663,138.44149127777774,100.35833333333332,107.34166666666668,125.30333333333334,155.049714,164.70108680555555,180.24895747222223
RECORDED,BUS_A_to_BUS_B,BUS_A,BUS_B,ACC_MAG,CORAL,FIVE_PARTITION_UNLABELED_BUDGET,14,5,0.631045147465236,0.637458006718925,0.6913015051021238,0.5405988354766642,0.5905207697128703,0.663876081871015,0.5146716801086091,0.5417229794324336,0.606578093246466,0.3768813760122135,0.4065605301347037,0.4974366533818034,0.3768813760122135,0.4065605301347037,0.4974366533818034,0.3576540709344873,0.4203628379737756,0.5337350520395739,0.3576540709344873,0.4203628379737756,0.5337350520395739,0.9282563199234982,0.935798370333079,0.9412847852679176,0.9282563199234982,0.935798370333079,0.9412847852679176,0.4765615260435546,0.4778268851868942,0.5714884596609481,6021.5,6440.5,7518.2,112.67047713888884,120.79728791666663,138.44149127777774,100.35833333333332,107.34166666666668,125.30333333333334,155.049714,164.70108680555555,180.24895747222223
RECORDED,BUS_A_to_BUS_B,BUS_A,BUS_B,ACC_MAG,ZSCORE,FIVE_PARTITION_UNLABELED_BUDGET,18,5,0.7954235417763809,0.8373663477771525,0.8642006741211267,0.6900961167257789,0.7407712051842466,0.7897188118865803,0.7114509521646583,0.7417450002400393,0.7904407559361806,0.6279762313172245,0.6668587977646222,0.7294488093761075,0.6279762313172245,0.6668587977646222,0.7294488093761075,0.7013325552723858,0.7879017013232514,0.8705379692936568,0.7013325552723858,0.7879017013232514,0.8705379692936568,0.96187511470696,0.966168371361133,0.9735106901384628,0.96187511470696,0.966168371361133,0.9735106901384628,0.707788137982996,0.7602076806733242,0.8208053597563548,7973.8,8375.0,9672.4,149.09656916666663,158.7114808333332,178.50561349999998,132.89666666666668,139.58333333333334,161.20666666666668,206.65689111111112,212.34181361111115,235.39408666666668
RECORDED,BUS_A_to_BUS_B,BUS_A,BUS_B,ACC_MAG,QUANTILE,FIVE_PARTITION_UNLABELED_BUDGET,18,5,0.670834833295523,0.6851380042462845,0.7263270123725712,0.6123331965457539,0.6712274712341709,0.6905137661615647,0.5340469190726672,0.6244320990946616,0.625872055721568,0.3856646554078971,0.5078839133899647,0.5088922576903318,0.3856646554078971,0.5078839133899647,0.5088922576903318,0.1680701296261937,0.4329140461215933,0.4453458022441588,0.1680701296261937,0.4329140461215933,0.4453458022441588,0.973769188805222,0.9791915809614924,0.9798595262641264,0.973769188805222,0.9791915809614924,0.9798595262641264,0.3907179377974599,0.5478248779054342,0.5536266949375771,7973.8,8375.0,9672.4,149.09656916666663,158.7114808333332,178.50561349999998,132.89666666666668,139.58333333333334,161.20666666666668,206.65689111111112,212.34181361111115,235.39408666666668
RECORDED,BUS_A_to_BUS_B,BUS_A,BUS_B,ACC_MAG,CORAL,FIVE_PARTITION_UNLABELED_BUDGET,18,5,0.6306875283294745,0.6492215344213094,0.6860051068032235,0.5388141590073899,0.6104743321789762,0.6445962126319283,0.5113709151726119,0.534612449123623,0.6073114537049782,0.3705288396091784,0.4040907864912272,0.4952102561368444,0.3705288396091784,0.4040907864912272,0.4952102561368444,0.2929347257341864,0.4199475065616798,0.5415109398603841,0.2929347257341864,0.4199475065616798,0.5415109398603841,0.9280219370342844,0.935969445068524,0.9436834391792868,0.9280219370342844,0.935969445068524,0.9436834391792868,0.4313324576199979,0.4786675542267684,0.5809912481671405,7973.8,8375.0,9672.4,149.09656916666663,158.7114808333332,178.50561349999998,132.89666666666668,139.58333333333334,161.20666666666668,206.65689111111112,212.34181361111115,235.39408666666668
RECORDED,BUS_A_to_BUS_B,BUS_A,BUS_B,ACC_GYR,RAW,FIVE_PARTITION_UNLABELED_BUDGET,0,5,0.6254687460795945,0.6549085479656588,0.7026195595189006,0.5533633294648508,0.5619103080431723,0.6132411773825306,0.4979185448024493,0.5556424102446507,0.5954048037581244,0.3343407271523174,0.4105044399910142,0.4637504029722669,0.3343407271523174,0.4105044399910142,0.4637504029722669,0.1588756774439191,0.4405940594059406,0.4501243329693192,0.1588756774439191,0.4405940594059406,0.4501243329693192,0.9870670331697856,0.9910563210055596,0.9929392946849762,0.9870670331697856,0.9910563210055596,0.9929392946849762,0.3623013978590372,0.5096230699091666,0.5372926154426023,0.0,0.0,0.0,0.0,0.0,0.0,0.0,0.0,0.0,0.0,0.0,0.0
RECORDED,BUS_A_to_BUS_B,BUS_A,BUS_B,ACC_GYR,CAUSAL,FIVE_PARTITION_UNLABELED_BUDGET,0,5,0.699971760289688,0.7474804031354984,0.8577037288904001,0.6048919401671863,0.7217880082246109,0.8302371445831094,0.5768198184571626,0.676844187392994,0.8076141483969006,0.4394275380790353,0.5710339801372236,0.7468302995083496,0.4394275380790353,0.5710339801372236,0.7468302995083496,0.3958293209364104,0.5763688760806917,0.8468947535891871,0.3958293209364104,0.5763688760806917,0.8468947535891871,0.9877347309435396,0.9915315751270264,0.9935045284545284,0.9877347309435396,0.9915315751270264,0.9935045284545284,0.5044236194488617,0.636654062868073,0.8233263904738152,0.0,0.0,0.0,0.0,0.0,0.0,0.0,0.0,0.0,0.0,0.0,0.0
RECORDED,BUS_A_to_BUS_B,BUS_A,BUS_B,ACC_GYR,ZSCORE,FIVE_PARTITION_UNLABELED_BUDGET,1,5,0.640058568849305,0.6577081000373274,0.716516514907608,0.5235399015430457,0.5489076420791255,0.6322068593536906,0.468041341675653,0.5348335194382354,0.6196048421973881,0.2966028788788845,0.3838188613417717,0.4998401772616649,0.2966028788788845,0.3838188613417717,0.4998401772616649,0.1146095312827246,0.3650457889111997,0.4992808744396197,0.1146095312827246,0.3650457889111997,0.4992808744396197,0.9818111847261372,0.9885649912138768,0.9898204631690568,0.9818111847261372,0.9885649912138768,0.9898204631690568,0.3186686447013242,0.4622989232739583,0.5707244176719797,695.0,736.5,741.9,13.20090777777778,13.435447222222225,13.907681055555557,11.583333333333334,12.275,12.365,14.883189722222223,15.772793472222222,17.122592805555552
RECORDED,BUS_A_to_BUS_B,BUS_A,BUS_B,ACC_GYR,QUANTILE,FIVE_PARTITION_UNLABELED_BUDGET,1,5,0.597113601850491,0.6174770486229173,0.6360099149198805,0.544223514319482,0.5599074216105249,0.6027453789803376,0.4595886022872719,0.4833292593795603,0.5289705294356456,0.2940943757482141,0.3290314307508188,0.38771690833282,0.2940943757482141,0.3290314307508188,0.38771690833282,0.0400371418237622,0.1605037193229075,0.2694664710032644,0.0400371418237622,0.1605037193229075,0.2694664710032644,0.9301161419456218,0.951515269282896,0.9550403272527068,0.9301161419456218,0.951515269282896,0.9550403272527068,0.2875604487874453,0.3322522769929683,0.4043431281417989,695.0,736.5,741.9,13.20090777777778,13.435447222222225,13.907681055555557,11.583333333333334,12.275,12.365,14.883189722222223,15.772793472222222,17.122592805555552
RECORDED,BUS_A_to_BUS_B,BUS_A,BUS_B,ACC_GYR,CORAL,FIVE_PARTITION_UNLABELED_BUDGET,1,5,0.5275318859644407,0.5353621217273037,0.5493368469051422,0.4394971694692554,0.4687934746769898,0.4793137979351585,0.3865478786335398,0.4098872365493345,0.4436585333763334,0.2177005597641101,0.2470534844155298,0.3065002221134953,0.2177005597641101,0.2470534844155298,0.3065002221134953,0.0117219553186127,0.09385486060018,0.2810164712497187,0.0117219553186127,0.09385486060018,0.2810164712497187,0.8489772289230243,0.8883222222149005,0.8948955776179554,0.8489772289230243,0.8883222222149005,0.8948955776179554,0.2338026292581112,0.2802402023548235,0.3683309300810483,695.0,736.5,741.9,13.20090777777778,13.435447222222225,13.907681055555557,11.583333333333334,12.275,12.365,14.883189722222223,15.772793472222222,17.122592805555552
RECORDED,BUS_A_to_BUS_B,BUS_A,BUS_B,ACC_GYR,ZSCORE,FIVE_PARTITION_UNLABELED_BUDGET,3,5,0.6305954471917997,0.6700261291526689,0.7176504105908244,0.5037251355426419,0.5624351421137525,0.6152330853707401,0.4535875330068842,0.5389086293560142,0.5817361486908964,0.2759658401711584,0.3990512547274206,0.4457696085012805,0.2759658401711584,0.3990512547274206,0.4457696085012805,0.0830553302370778,0.356973009696745,0.4897384686028719,0.0830553302370778,0.356973009696745,0.4897384686028719,0.9785189317602434,0.9849165038352078,0.9888144057946642,0.9785189317602434,0.9849165038352078,0.9888144057946642,0.305580837465972,0.4661343814923065,0.5449370766556866,1141.3,1361.0,1807.5,21.268327805555558,24.758099861111116,32.869359916666674,19.02166666666667,22.683333333333334,30.125,34.82972738888889,38.08004055555556,40.22354008333333
RECORDED,BUS_A_to_BUS_B,BUS_A,BUS_B,ACC_GYR,QUANTILE,FIVE_PARTITION_UNLABELED_BUDGET,3,5,0.6451681217997977,0.6612267867191897,0.6758868360127085,0.5731660673057108,0.6182853278254301,0.6451259637778503,0.4920879592778087,0.5694130827397228,0.5924386813427148,0.3332356009760227,0.4479244846885586,0.475191393982756,0.3332356009760227,0.4479244846885586,0.475191393982756,0.1615683099939317,0.3711505749472681,0.4418286523448976,0.1615683099939317,0.3711505749472681,0.4418286523448976,0.9262940733790306,0.9599013725814044,0.9779458646992534,0.9262940733790306,0.9599013725814044,0.9779458646992534,0.3499420850534966,0.4901080796227409,0.5325526506196792,1141.3,1361.0,1807.5,21.268327805555558,24.758099861111116,32.869359916666674,19.02166666666667,22.683333333333334,30.125,34.82972738888889,38.08004055555556,40.22354008333333
RECORDED,BUS_A_to_BUS_B,BUS_A,BUS_B,ACC_GYR,CORAL,FIVE_PARTITION_UNLABELED_BUDGET,3,5,0.576518915855474,0.5904454267256036,0.5973068030697564,0.4836906345820595,0.523474481503589,0.5283310714957552,0.4340823582431788,0.4611510858245526,0.4881863166959734,0.2778305690326527,0.3052812577853502,0.3552830450701575,0.2778305690326527,0.3052812577853502,0.3552830450701575,0.0695673500529362,0.1972316764094696,0.3020854263244595,0.0695673500529362,0.1972316764094696,0.3020854263244595,0.905425606106852,0.910177167313626,0.921437713737306,0.905425606106852,0.910177167313626,0.921437713737306,0.2911755424507515,0.3492718564002421,0.4139411738339992,1141.3,1361.0,1807.5,21.268327805555558,24.758099861111116,32.869359916666674,19.02166666666667,22.683333333333334,30.125,34.82972738888889,38.08004055555556,40.22354008333333
RECORDED,BUS_A_to_BUS_B,BUS_A,BUS_B,ACC_GYR,ZSCORE,FIVE_PARTITION_UNLABELED_BUDGET,7,5,0.787762346217084,0.8000680040802448,0.8136260927850202,0.6595798536878443,0.6793984668638586,0.6926532360961603,0.6557560505430691,0.6789239463306399,0.692152467822662,0.5456908094472536,0.5775912297064044,0.5963539966424488,0.5456908094472536,0.5775912297064044,0.5963539966424488,0.6526279144192266,0.7311431623931623,0.7553654177853667,0.6526279144192266,0.7311431623931623,0.7553654177853667,0.9711997285496144,0.9826430000372282,0.9862998792442071,0.9711997285496144,0.9826430000372282,0.9862998792442071,0.6603003196065844,0.7059095871899446,0.7130877052233514,3118.0,3159.0,3728.5,58.45919441666667,59.28457500000003,70.85762594444446,51.96666666666667,52.65,62.14166666666667,79.82707983333333,81.92578222222221,90.36951019444444
RECORDED,BUS_A_to_BUS_B,BUS_A,BUS_B,ACC_GYR,QUANTILE,FIVE_PARTITION_UNLABELED_BUDGET,7,5,0.7286306109986949,0.7361441686501191,0.7492126687975358,0.6732527888024215,0.6907641306284238,0.7236377013333013,0.6359590788758817,0.6554295091314939,0.6795478801968086,0.5235218360862135,0.5520256076836234,0.5804247021323644,0.5235218360862135,0.5520256076836234,0.5804247021323644,0.5450546283940633,0.5850893673802451,0.6401369567127086,0.5450546283940633,0.5850893673802451,0.6401369567127086,0.9621104783851132,0.9748676502422464,0.9824555110500632,0.9621104783851132,0.9748676502422464,0.9824555110500632,0.6048027523501034,0.6285468669500099,0.6634168111756348,3118.0,3159.0,3728.5,58.45919441666667,59.28457500000003,70.85762594444446,51.96666666666667,52.65,62.14166666666667,79.82707983333333,81.92578222222221,90.36951019444444
RECORDED,BUS_A_to_BUS_B,BUS_A,BUS_B,ACC_GYR,CORAL,FIVE_PARTITION_UNLABELED_BUDGET,7,5,0.5960877121656288,0.6340273869818045,0.6658847480707315,0.5153954439584404,0.556046875923909,0.5922951374913007,0.4896034257019639,0.5055473104193942,0.5617594850823511,0.3497769113240674,0.3661951422059174,0.4395390440699841,0.3497769113240674,0.3661951422059174,0.4395390440699841,0.2976840648924544,0.357391561234753,0.4159531182249591,0.2976840648924544,0.357391561234753,0.4159531182249591,0.9167036650113796,0.9236164736164736,0.9286096153369368,0.9167036650113796,0.9236164736164736,0.9286096153369368,0.4153974037980024,0.4462850107455377,0.5031807191412859,3118.0,3159.0,3728.5,58.45919441666667,59.28457500000003,70.85762594444446,51.96666666666667,52.65,62.14166666666667,79.82707983333333,81.92578222222221,90.36951019444444
RECORDED,BUS_A_to_BUS_B,BUS_A,BUS_B,ACC_GYR,ZSCORE,FIVE_PARTITION_UNLABELED_BUDGET,14,5,0.8211888170079624,0.8274244982179704,0.8621096279120863,0.68782772959101,0.69175075581839,0.7414632995388475,0.6824839151928677,0.6977779903455302,0.7481135985757825,0.5839346886109267,0.6052734861889747,0.6731724833786645,0.5839346886109267,0.6052734861889747,0.6731724833786645,0.7496110135042908,0.7734855127220819,0.8585673930347513,0.7496110135042908,0.7734855127220819,0.8585673930347513,0.9682135658825418,0.9761379254700122,0.981456807458002,0.9682135658825418,0.9761379254700122,0.981456807458002,0.710869275586617,0.7280609992961509,0.7904472683921568,6021.5,6440.5,7518.2,112.67047713888884,120.79728791666663,138.44149127777774,100.35833333333332,107.34166666666668,125.30333333333334,155.049714,164.70108680555555,180.24895747222223
RECORDED,BUS_A_to_BUS_B,BUS_A,BUS_B,ACC_GYR,QUANTILE,FIVE_PARTITION_UNLABELED_BUDGET,14,5,0.7404534348427118,0.7511198208286674,0.7691218852831938,0.69958012542,0.7137673906951718,0.728876424618408,0.6518050910187754,0.6846038067741075,0.6964957303029888,0.541522007560035,0.5870380371889272,0.6037481425547098,0.541522007560035,0.5870380371889272,0.6037481425547098,0.5816023938248904,0.6296117206958091,0.6641754412510309,0.5816023938248904,0.6296117206958091,0.6641754412510309,0.9774893505036064,0.9800205831903944,0.9848742898055544,0.9774893505036064,0.9800205831903944,0.9848742898055544,0.6306901307136044,0.6673802454318964,0.6712578514674015,6021.5,6440.5,7518.2,112.67047713888884,120.79728791666663,138.44149127777774,100.35833333333332,107.34166666666668,125.30333333333334,155.049714,164.70108680555555,180.24895747222223
RECORDED,BUS_A_to_BUS_B,BUS_A,BUS_B,ACC_GYR,CORAL,FIVE_PARTITION_UNLABELED_BUDGET,14,5,0.6450177483279957,0.6671356218345526,0.7289166246052402,0.5534960531918451,0.6193481234185564,0.6514838449303154,0.547380072941988,0.5676323721722247,0.6305215430306359,0.4217654923891791,0.4492563032384146,0.5334654026461854,0.4217654923891791,0.4492563032384146,0.5334654026461854,0.4553144103526346,0.4944151236653601,0.6084771714039622,0.4553144103526346,0.4944151236653601,0.6084771714039622,0.9205917559635162,0.9229165711682203,0.9238579088995358,0.9205917559635162,0.9229165711682203,0.9238579088995358,0.5151626938603202,0.5299332992290902,0.6232506676189752,6021.5,6440.5,7518.2,112.67047713888884,120.79728791666663,138.44149127777774,100.35833333333332,107.34166666666668,125.30333333333334,155.049714,164.70108680555555,180.24895747222223
RECORDED,BUS_A_to_BUS_B,BUS_A,BUS_B,ACC_GYR,ZSCORE,FIVE_PARTITION_UNLABELED_BUDGET,18,5,0.8205115512728155,0.8308009754267492,0.8779908905330923,0.6991959815247114,0.7064876972005785,0.772907002796768,0.7051921351355621,0.7099751753972685,0.7867251459911349,0.6142852655756972,0.6202659624782378,0.7254610275694895,0.6142852655756972,0.6202659624782378,0.7254610275694895,0.7620435244405412,0.7790171842025927,0.8740406711023223,0.7620435244405412,0.7790171842025927,0.8740406711023223,0.9705175012560712,0.9747325290234464,0.9796608578675228,0.9705175012560712,0.9747325290234464,0.9796608578675228,0.729433417698555,0.734330157897717,0.8216513560356099,7973.8,8375.0,9672.4,149.09656916666663,158.7114808333332,178.50561349999998,132.89666666666668,139.58333333333334,161.20666666666668,206.65689111111112,212.34181361111115,235.39408666666668
RECORDED,BUS_A_to_BUS_B,BUS_A,BUS_B,ACC_GYR,QUANTILE,FIVE_PARTITION_UNLABELED_BUDGET,18,5,0.7128332417980852,0.7371613424989891,0.780989549299801,0.6719480159154094,0.7228267560628858,0.7417326775553,0.6241202478304447,0.6799420308745835,0.7073721648102401,0.5033527338106312,0.5801605290832574,0.6160641810424918,0.5033527338106312,0.5801605290832574,0.6160641810424918,0.4832704544174785,0.6088850174216028,0.6542945808862787,0.4832704544174785,0.6088850174216028,0.6542945808862787,0.9792982542869252,0.984266543267006,0.9864227898898856,0.9792982542869252,0.984266543267006,0.9864227898898856,0.5677803304652582,0.6515192254933913,0.6861411312406556,7973.8,8375.0,9672.4,149.09656916666663,158.7114808333332,178.50561349999998,132.89666666666668,139.58333333333334,161.20666666666668,206.65689111111112,212.34181361111115,235.39408666666668
RECORDED,BUS_A_to_BUS_B,BUS_A,BUS_B,ACC_GYR,CORAL,FIVE_PARTITION_UNLABELED_BUDGET,18,5,0.647936895958861,0.6935423665546846,0.7283881011833617,0.569108333984953,0.6134260199757403,0.6498247162560036,0.5551284055640883,0.5800435014508503,0.6331139877348889,0.4329580338920111,0.4653298429543395,0.5366702451848437,0.4329580338920111,0.4653298429543395,0.5366702451848437,0.4582069793740749,0.5402357765248591,0.6257875187260153,0.4582069793740749,0.5402357765248591,0.6257875187260153,0.9181958632736736,0.9241844769403824,0.9245614422669792,0.9181958632736736,0.9241844769403824,0.9245614422669792,0.5163598350880829,0.5641204114804539,0.6301834001313394,7973.8,8375.0,9672.4,149.09656916666663,158.7114808333332,178.50561349999998,132.89666666666668,139.58333333333334,161.20666666666668,206.65689111111112,212.34181361111115,235.39408666666668
RECORDED,BUS_A_to_BUS_B,BUS_A,BUS_B,ACC_MAG_GYR,RAW,FIVE_PARTITION_UNLABELED_BUDGET,0,5,0.5827742550576197,0.6435503437120906,0.6626897482541505,0.4997225721977326,0.5340450295446862,0.6055226126461112,0.4425227439525434,0.4520930210725996,0.51060743434917,0.258992074375361,0.272438587761613,0.3515344117043432,0.258992074375361,0.272438587761613,0.3515344117043432,0.0153775123888085,0.0239377618192698,0.0270875584796108,0.0153775123888085,0.0239377618192698,0.0270875584796108,0.987734957262406,0.9910563210055596,0.9931147526840904,0.987734957262406,0.9910563210055596,0.9931147526840904,0.2738719901494016,0.2819983086941127,0.3149905769351219,0.0,0.0,0.0,0.0,0.0,0.0,0.0,0.0,0.0,0.0,0.0,0.0
RECORDED,BUS_A_to_BUS_B,BUS_A,BUS_B,ACC_MAG_GYR,CAUSAL,FIVE_PARTITION_UNLABELED_BUDGET,0,5,0.706908898603511,0.7150055991041433,0.7714962413668387,0.6196185156363436,0.7030487591185044,0.7585079697095553,0.5594288511525433,0.6208202686771526,0.718333184669448,0.4157370192538612,0.4963354218494349,0.6277515107928574,0.4157370192538612,0.4963354218494349,0.6277515107928574,0.215186716712259,0.3169897377423033,0.5686163719019278,0.215186716712259,0.3169897377423033,0.5686163719019278,0.9889538633027276,0.9915315751270264,0.9936170396911944,0.9889538633027276,0.9915315751270264,0.9936170396911944,0.4217319973764296,0.4992880563032128,0.6584464595624399,0.0,0.0,0.0,0.0,0.0,0.0,0.0,0.0,0.0,0.0,0.0,0.0
RECORDED,BUS_A_to_BUS_B,BUS_A,BUS_B,ACC_MAG_GYR,ZSCORE,FIVE_PARTITION_UNLABELED_BUDGET,1,5,0.6241273928665019,0.6705860395670027,0.7103792199422873,0.5213924436844848,0.5550848915004909,0.6130957010151333,0.4716676535732547,0.526151828405254,0.5647646186069945,0.2991692367841098,0.3752798343484037,0.4246058736821941,0.2991692367841098,0.3752798343484037,0.4246058736821941,0.0310711265575122,0.2773163257548948,0.363616263300572,0.0310711265575122,0.2773163257548948,0.363616263300572,0.9817672899294252,0.9895568260054242,0.9903630544631726,0.9817672899294252,0.9895568260054242,0.9903630544631726,0.2939748731084624,0.436070991425363,0.4748923191508302,695.0,736.5,741.9,13.20090777777778,13.435447222222225,13.907681055555557,11.583333333333334,12.275,12.365,14.883189722222223,15.772793472222222,17.122592805555552
RECORDED,BUS_A_to_BUS_B,BUS_A,BUS_B,ACC_MAG_GYR,QUANTILE,FIVE_PARTITION_UNLABELED_BUDGET,1,5,0.5989907458141756,0.6346542660735949,0.6794555204688165,0.5455028565881416,0.5969223916366554,0.6331769886681132,0.4724876550247802,0.5099993067587227,0.5726621554742131,0.3056163869813082,0.3913918674141692,0.4466006140693583,0.3056163869813082,0.3913918674141692,0.4466006140693583,0.0167765160630583,0.2472757753562447,0.4969134814454041,0.0167765160630583,0.2472757753562447,0.4969134814454041,0.9301685109606233,0.9539228609024698,0.9569648448719736,0.9301685109606233,0.9539228609024698,0.9569648448719736,0.2850655668467271,0.4319153218319312,0.5324438646304653,695.0,736.5,741.9,13.20090777777778,13.435447222222225,13.907681055555557,11.583333333333334,12.275,12.365,14.883189722222223,15.772793472222222,17.122592805555552
RECORDED,BUS_A_to_BUS_B,BUS_A,BUS_B,ACC_MAG_GYR,CORAL,FIVE_PARTITION_UNLABELED_BUDGET,1,5,0.3622501698297227,0.3948645369995956,0.410797648103184,0.2867842000736266,0.3192013850548131,0.3797231729031231,0.2482025330002351,0.2754848271899248,0.3080295025667267,0.1280442534986808,0.1722834522620654,0.1863935987426113,0.1280442534986808,0.1722834522620654,0.1863935987426113,0.0002686366689053,0.0024032097497623,0.0098634753656947,0.0002686366689053,0.0024032097497623,0.0098634753656947,0.5749612298508118,0.6505265835481219,0.6908463358752518,0.5749612298508118,0.6505265835481219,0.6908463358752518,0.1543836151303033,0.1731075403281085,0.194512783461336,695.0,736.5,741.9,13.20090777777778,13.435447222222225,13.907681055555557,11.583333333333334,12.275,12.365,14.883189722222223,15.772793472222222,17.122592805555552
RECORDED,BUS_A_to_BUS_B,BUS_A,BUS_B,ACC_MAG_GYR,ZSCORE,FIVE_PARTITION_UNLABELED_BUDGET,3,5,0.6231643121517227,0.660414333706607,0.7088237148030467,0.5317847989450836,0.5402429271179572,0.6240952654755582,0.456648869196364,0.4853646615919612,0.5691285042776252,0.2788873391713732,0.3279695630634665,0.4287475225569629,0.2788873391713732,0.3279695630634665,0.4287475225569629,0.0025773744537587,0.1861167002012072,0.4432800736587566,0.0025773744537587,0.1861167002012072,0.4432800736587566,0.9781652305196054,0.9846650242682748,0.9895054117626754,0.9781652305196054,0.9846650242682748,0.9895054117626754,0.2745860128937143,0.3656654770356596,0.5168596393807929,1141.3,1361.0,1807.5,21.268327805555558,24.758099861111116,32.869359916666674,19.02166666666667,22.683333333333334,30.125,34.82972738888889,38.08004055555556,40.22354008333333
RECORDED,BUS_A_to_BUS_B,BUS_A,BUS_B,ACC_MAG_GYR,QUANTILE,FIVE_PARTITION_UNLABELED_BUDGET,3,5,0.6570530245252565,0.6679405520169851,0.6915127496261823,0.582751363736834,0.6103334526075221,0.6585003472032968,0.5111974121235716,0.567436803076611,0.5973351720548794,0.3613209078334321,0.4450944034645575,0.4840576663954562,0.3613209078334321,0.4450944034645575,0.4840576663954562,0.1335860780964099,0.3368571534662656,0.4639977648277293,0.1335860780964099,0.3368571534662656,0.4639977648277293,0.9247142230882966,0.9591003015177816,0.9779243701199408,0.9247142230882966,0.9591003015177816,0.9779243701199408,0.3687316359674709,0.4785473770554821,0.5446107747915285,1141.3,1361.0,1807.5,21.268327805555558,24.758099861111116,32.869359916666674,19.02166666666667,22.683333333333334,30.125,34.82972738888889,38.08004055555556,40.22354008333333
RECORDED,BUS_A_to_BUS_B,BUS_A,BUS_B,ACC_MAG_GYR,CORAL,FIVE_PARTITION_UNLABELED_BUDGET,3,5,0.4741409000646472,0.4841493153254549,0.514013847549778,0.3852367350102051,0.396541777788726,0.4236812633911833,0.3509173201939597,0.3653163717892522,0.3874005828095465,0.1880894923026304,0.1994839170825627,0.2446546749696367,0.1880894923026304,0.1994839170825627,0.2446546749696367,0.0109358515562371,0.0682571968018563,0.1760240188643857,0.0109358515562371,0.0682571968018563,0.1760240188643857,0.806363824020585,0.8380269454356859,0.8584189421518773,0.806363824020585,0.8380269454356859,0.8584189421518773,0.222200208541688,0.2484574206307699,0.306329182454599,1141.3,1361.0,1807.5,21.268327805555558,24.758099861111116,32.869359916666674,19.02166666666667,22.683333333333334,30.125,34.82972738888889,38.08004055555556,40.22354008333333
RECORDED,BUS_A_to_BUS_B,BUS_A,BUS_B,ACC_MAG_GYR,ZSCORE,FIVE_PARTITION_UNLABELED_BUDGET,7,5,0.6999598932668673,0.7425690021231423,0.8012352058560895,0.5844673248585706,0.6327302440793761,0.6845229697470172,0.5718567755658948,0.6403362669840604,0.6889198926416582,0.4365307789491738,0.5286378753260699,0.590135481915783,0.4365307789491738,0.5286378753260699,0.590135481915783,0.3916632869920141,0.6374572524043414,0.7141411135889311,0.3916632869920141,0.6374572524043414,0.7141411135889311,0.9721860456949726,0.9826485532667106,0.987326062031147,0.9721860456949726,0.9826485532667106,0.987326062031147,0.502244526985167,0.6391846611521728,0.6961133798659996,3118.0,3159.0,3728.5,58.45919441666667,59.28457500000003,70.85762594444446,51.96666666666667,52.65,62.14166666666667,79.82707983333333,81.92578222222221,90.36951019444444
RECORDED,BUS_A_to_BUS_B,BUS_A,BUS_B,ACC_MAG_GYR,QUANTILE,FIVE_PARTITION_UNLABELED_BUDGET,7,5,0.6659663184886635,0.7227052163364335,0.7280953194178108,0.6227132263731446,0.6399957768340182,0.6924025134370935,0.5789944320711969,0.5918481157354979,0.6448102944647542,0.4503018233972148,0.4606942535404384,0.5370887602559825,0.4503018233972148,0.4606942535404384,0.5370887602559825,0.3542223005159744,0.453454573976962,0.5157615610721011,0.3542223005159744,0.453454573976962,0.5157615610721011,0.9629522144601756,0.9739012244152048,0.9825988039040344,0.9629522144601756,0.9739012244152048,0.9825988039040344,0.4863945085745649,0.5352246314984535,0.5945779947776971,3118.0,3159.0,3728.5,58.45919441666667,59.28457500000003,70.85762594444446,51.96666666666667,52.65,62.14166666666667,79.82707983333333,81.92578222222221,90.36951019444444
RECORDED,BUS_A_to_BUS_B,BUS_A,BUS_B,ACC_MAG_GYR,CORAL,FIVE_PARTITION_UNLABELED_BUDGET,7,5,0.5723591604616483,0.5924855491329479,0.6491866857483631,0.4929411745051408,0.5239349699770799,0.5524057678030786,0.4334242266930257,0.4798153810938406,0.5315341703950116,0.2720805662168951,0.3404557378562057,0.4029553901029433,0.2720805662168951,0.3404557378562057,0.4029553901029433,0.1778165106511683,0.2927339257710402,0.5074227807087609,0.1778165106511683,0.2927339257710402,0.5074227807087609,0.9064164465739096,0.9148200277132228,0.933331752598644,0.9064164465739096,0.9148200277132228,0.933331752598644,0.3313163194757288,0.3925140781164793,0.5238377550372593,3118.0,3159.0,3728.5,58.45919441666667,59.28457500000003,70.85762594444446,51.96666666666667,52.65,62.14166666666667,79.82707983333333,81.92578222222221,90.36951019444444
RECORDED,BUS_A_to_BUS_B,BUS_A,BUS_B,ACC_MAG_GYR,ZSCORE,FIVE_PARTITION_UNLABELED_BUDGET,14,5,0.7550531782821475,0.816135881104034,0.834034549670054,0.6117053575805255,0.6994854984467417,0.7212676007773767,0.6081987958692181,0.7122157380916474,0.7262517308848336,0.4847568050572905,0.624153704967348,0.6440645563800529,0.4847568050572905,0.624153704967348,0.6440645563800529,0.4389144543323168,0.7481033754204486,0.7860731851652105,0.4389144543323168,0.7481033754204486,0.7860731851652105,0.9684296162740376,0.9765505561249213,0.9819392541846343,0.9684296162740376,0.9765505561249213,0.9819392541846343,0.5404850592544576,0.7266916998508032,0.7512280281791581,6021.5,6440.5,7518.2,112.67047713888884,120.79728791666663,138.44149127777774,100.35833333333332,107.34166666666668,125.30333333333334,155.049714,164.70108680555555,180.24895747222223
RECORDED,BUS_A_to_BUS_B,BUS_A,BUS_B,ACC_MAG_GYR,QUANTILE,FIVE_PARTITION_UNLABELED_BUDGET,14,5,0.6850161238973702,0.721351250466592,0.7388035692627251,0.6281821086798959,0.6463795322827544,0.6934867594423217,0.592170412482224,0.6136440422927938,0.6462104808254363,0.4644078875919564,0.4926870395120447,0.5354548731177268,0.4644078875919564,0.4926870395120447,0.5354548731177268,0.4419427313876273,0.4797120309757799,0.5079432994910644,0.4419427313876273,0.4797120309757799,0.5079432994910644,0.9775019526929474,0.9791300814803364,0.9842799019947748,0.9775019526929474,0.9791300814803364,0.9842799019947748,0.5362290295530278,0.5683360009604056,0.5850969040693093,6021.5,6440.5,7518.2,112.67047713888884,120.79728791666663,138.44149127777774,100.35833333333332,107.34166666666668,125.30333333333334,155.049714,164.70108680555555,180.24895747222223
RECORDED,BUS_A_to_BUS_B,BUS_A,BUS_B,ACC_MAG_GYR,CORAL,FIVE_PARTITION_UNLABELED_BUDGET,14,5,0.6374744652008142,0.6465098917506532,0.6906352985568555,0.5527410464967655,0.5676310930809392,0.6197690803114487,0.5325827413092221,0.5553688190595434,0.6048442678040286,0.396218153226587,0.4270504583615686,0.4948354029983321,0.396218153226587,0.4270504583615686,0.4948354029983321,0.4031373636904095,0.454868078317983,0.6113328386643977,0.4031373636904095,0.454868078317983,0.6113328386643977,0.929637248437052,0.942211031018218,0.9479346874933277,0.929637248437052,0.942211031018218,0.9479346874933277,0.4862572823582847,0.4970842285615619,0.6074483959251324,6021.5,6440.5,7518.2,112.67047713888884,120.79728791666663,138.44149127777774,100.35833333333332,107.34166666666668,125.30333333333334,155.049714,164.70108680555555,180.24895747222223
RECORDED,BUS_A_to_BUS_B,BUS_A,BUS_B,ACC_MAG_GYR,ZSCORE,FIVE_PARTITION_UNLABELED_BUDGET,18,5,0.7933410584216217,0.8273885350318472,0.8459829660685662,0.6596865630895373,0.7105560154219803,0.7421359202678879,0.6771407270555483,0.722958205821096,0.7517447371060405,0.5778798107564435,0.6373946972512857,0.678213813631315,0.5778798107564435,0.6373946972512857,0.678213813631315,0.6317726553888916,0.7702001482579689,0.8115018074268814,0.6317726553888916,0.7702001482579689,0.8115018074268814,0.9708367757492402,0.9754098360655736,0.979752500589686,0.9708367757492402,0.9754098360655736,0.979752500589686,0.6589934983888857,0.7497463542775729,0.7724910166416858,7973.8,8375.0,9672.4,149.09656916666663,158.7114808333332,178.50561349999998,132.89666666666668,139.58333333333334,161.20666666666668,206.65689111111112,212.34181361111115,235.39408666666668
RECORDED,BUS_A_to_BUS_B,BUS_A,BUS_B,ACC_MAG_GYR,QUANTILE,FIVE_PARTITION_UNLABELED_BUDGET,18,5,0.6856314386725725,0.6953093408815204,0.7249482172081704,0.6131906797490825,0.6515933992056913,0.6869565943739235,0.5720520202722086,0.6093974894148302,0.6250985219262967,0.4340604345115209,0.4865036805855234,0.5060991597368192,0.4340604345115209,0.4865036805855234,0.5060991597368192,0.3418925945659919,0.3863636363636363,0.4925328330206379,0.3418925945659919,0.3863636363636363,0.4925328330206379,0.9779212811407024,0.9849502199583235,0.9860267775542716,0.9779212811407024,0.9849502199583235,0.9860267775542716,0.4832833934607778,0.531612353092115,0.5652152034253758,7973.8,8375.0,9672.4,149.09656916666663,158.7114808333332,178.50561349999998,132.89666666666668,139.58333333333334,161.20666666666668,206.65689111111112,212.34181361111115,235.39408666666668
RECORDED,BUS_A_to_BUS_B,BUS_A,BUS_B,ACC_MAG_GYR,CORAL,FIVE_PARTITION_UNLABELED_BUDGET,18,5,0.6391278973673505,0.6646136618141097,0.67518219246021,0.5463076302130677,0.5834943424876713,0.6205655192640168,0.5252865551934846,0.5663466835993245,0.5969699636547499,0.3905815333745954,0.4394946931766805,0.4803343409786104,0.3905815333745954,0.4394946931766805,0.4803343409786104,0.3978440993070379,0.4735557363710334,0.5362993564789068,0.3978440993070379,0.4735557363710334,0.5362993564789068,0.9268834960639852,0.9464,0.947077893630071,0.9268834960639852,0.9464,0.947077893630071,0.47702593368392,0.5377174178250999,0.5693068755375759,7973.8,8375.0,9672.4,149.09656916666663,158.7114808333332,178.50561349999998,132.89666666666668,139.58333333333334,161.20666666666668,206.65689111111112,212.34181361111115,235.39408666666668
RECORDED,BUS_B_to_BUS_A,BUS_B,BUS_A,ACC,RAW,FIVE_PARTITION_UNLABELED_BUDGET,0,5,0.7065340884284942,0.72,0.7756768798281205,0.5529246307483885,0.5907939609031814,0.6032844645984695,0.518820023886036,0.5495825166788576,0.5534019025117033,0.359546393950354,0.4005071853590441,0.4057248595822663,0.359546393950354,0.4005071853590441,0.4057248595822663,0.0,0.0,0.0042374300740294,0.0,0.0,0.0042374300740294,0.9954798572149066,0.996667407242835,0.9975297703030646,0.9954798572149066,0.996667407242835,0.9975297703030646,0.3124135096587244,0.3297495100073145,0.3329013565607854,0.0,0.0,0.0,0.0,0.0,0.0,0.0,0.0,0.0,0.0,0.0,0.0
RECORDED,BUS_B_to_BUS_A,BUS_B,BUS_A,ACC,CAUSAL,FIVE_PARTITION_UNLABELED_BUDGET,0,5,0.7239436563750591,0.7362745098039216,0.789176632886755,0.5672167289705797,0.6132752352047827,0.6212873422929994,0.5383691331503261,0.5588274077934399,0.5807257411670246,0.3854607368336459,0.4121011125663663,0.4426687041593566,0.3854607368336459,0.4121011125663663,0.4426687041593566,0.0014953271028037,0.0098280098280098,0.0729673370156754,0.0014953271028037,0.0098280098280098,0.0729673370156754,0.9948968521900282,0.9970752459452272,0.9982465918996468,0.9948968521900282,0.9970752459452272,0.9982465918996468,0.325380202248918,0.3367917717788676,0.3763550098170768,0.0,0.0,0.0,0.0,0.0,0.0,0.0,0.0,0.0,0.0,0.0,0.0
RECORDED,BUS_B_to_BUS_A,BUS_B,BUS_A,ACC,ZSCORE,FIVE_PARTITION_UNLABELED_BUDGET,1,5,0.5733196389666978,0.6100787719652595,0.7015528503469102,0.4673293403082003,0.4803735247926639,0.5044226812864865,0.363459241831958,0.3909645536720466,0.4463044513802477,0.1836796886947923,0.2305987747810918,0.2777070174760889,0.1836796886947923,0.2305987747810918,0.2777070174760889,0.0,0.0,0.0,0.0,0.0,0.0,0.8943200431175002,0.9323185746569234,0.9637178546764984,0.8943200431175002,0.9323185746569234,0.9637178546764984,0.2180755450991748,0.2345787322032279,0.2684530618896011,244.7,367.0,547.4,5.640714805555555,7.4070775,10.743072916666668,4.078333333333333,6.116666666666667,9.123333333333331,17.328113722222223,17.883746944444447,18.39658675
RECORDED,BUS_B_to_BUS_A,BUS_B,BUS_A,ACC,QUANTILE,FIVE_PARTITION_UNLABELED_BUDGET,1,5,0.5335343915343915,0.6124773492104582,0.6668151548030088,0.4360609524832632,0.4949259656068098,0.5383490238903563,0.4043529598127211,0.4811579028771889,0.5150906833082914,0.2697018728809217,0.3466374748662104,0.3992932458397804,0.2697018728809217,0.3466374748662104,0.3992932458397804,0.0125269780043164,0.041249531030942,0.1048018653124683,0.0125269780043164,0.041249531030942,0.1048018653124683,0.7341029004320574,0.8543166884446625,0.876234619949326,0.7341029004320574,0.8543166884446625,0.876234619949326,0.2710032106999685,0.2886947417263133,0.3521830233291279,244.7,367.0,547.4,5.640714805555555,7.4070775,10.743072916666668,4.078333333333333,6.116666666666667,9.123333333333331,17.328113722222223,17.883746944444447,18.39658675
RECORDED,BUS_B_to_BUS_A,BUS_B,BUS_A,ACC,CORAL,FIVE_PARTITION_UNLABELED_BUDGET,1,5,0.2979607843137254,0.4091092708543729,0.5330057420573509,0.3167153255653598,0.3523612098882649,0.4354883278230425,0.2165517712223366,0.2711260120266666,0.3963924527598332,0.1490017564238425,0.1938713765689045,0.3000690303981387,0.1490017564238425,0.1938713765689045,0.3000690303981387,0.0,0.0,0.0,0.0,0.0,0.0,0.3861912467311168,0.5437724335348597,0.6763286722587261,0.3861912467311168,0.5437724335348597,0.6763286722587261,0.129931062733402,0.1626756072159999,0.2378354716558999,244.7,367.0,547.4,5.640714805555555,7.4070775,10.743072916666668,4.078333333333333,6.116666666666667,9.123333333333331,17.328113722222223,17.883746944444447,18.39658675
RECORDED,BUS_B_to_BUS_A,BUS_B,BUS_A,ACC,ZSCORE,FIVE_PARTITION_UNLABELED_BUDGET,3,5,0.6429184359665903,0.654284235050479,0.7192609055350292,0.5005270285289938,0.5029382977635024,0.5374924971810361,0.4256719365628559,0.4391932475120051,0.4945398980259755,0.2437499418265772,0.2602370235327091,0.349459766762329,0.2437499418265772,0.2602370235327091,0.349459766762329,0.0,0.0,0.0,0.0,0.0,0.0,0.9643472873035182,0.9726254483344524,0.9815705829226536,0.9643472873035182,0.9726254483344524,0.9815705829226536,0.2554031619377135,0.2640914438151182,0.2967239388155853,1015.2,1156.5,1570.7,20.36871327777778,23.36729263888888,31.253864083333337,16.92,19.275,26.17833333333333,45.25482513888889,47.52443291666666,53.782831583333326
RECORDED,BUS_B_to_BUS_A,BUS_B,BUS_A,ACC,QUANTILE,FIVE_PARTITION_UNLABELED_BUDGET,3,5,0.6068901944942792,0.6541548019673828,0.7286553886356959,0.4905408764587817,0.5935864982712299,0.6041144660807807,0.462686827027578,0.5537456943824531,0.5944234421303862,0.3207039168766449,0.4265040541662231,0.478400850620401,0.3207039168766449,0.4265040541662231,0.478400850620401,0.115234002627088,0.2602354319932252,0.3530569905744311,0.115234002627088,0.2602354319932252,0.3530569905744311,0.8753796212198899,0.8964587692994835,0.9335587170965852,0.8753796212198899,0.8964587692994835,0.9335587170965852,0.3355644540969916,0.4296290139294283,0.4901122133029282,1015.2,1156.5,1570.7,20.36871327777778,23.36729263888888,31.253864083333337,16.92,19.275,26.17833333333333,45.25482513888889,47.52443291666666,53.782831583333326
RECORDED,BUS_B_to_BUS_A,BUS_B,BUS_A,ACC,CORAL,FIVE_PARTITION_UNLABELED_BUDGET,3,5,0.3975901838012523,0.503365260160497,0.6301545832109046,0.3530838417706393,0.4207956009136795,0.488643964795092,0.3009682997042132,0.3802953889602191,0.4472114177933683,0.1963208265683476,0.2739738620964919,0.3264650659022072,0.1963208265683476,0.2739738620964919,0.3264650659022072,0.0,0.0,0.001063829787234,0.0,0.0,0.001063829787234,0.6295965017920202,0.695359387244124,0.8305911023296192,0.6295965017920202,0.695359387244124,0.8305911023296192,0.1805809798225279,0.231260092164329,0.2705266236167501,1015.2,1156.5,1570.7,20.36871327777778,23.36729263888888,31.253864083333337,16.92,19.275,26.17833333333333,45.25482513888889,47.52443291666666,53.782831583333326
RECORDED,BUS_B_to_BUS_A,BUS_B,BUS_A,ACC,ZSCORE,FIVE_PARTITION_UNLABELED_BUDGET,7,5,0.650079769981109,0.7113756613756614,0.7662679339247934,0.5175332324698614,0.554176797598132,0.5904120836357889,0.4367236356829955,0.4800358436100179,0.5619433138935752,0.2539741118531405,0.3116936375978413,0.4207792541913174,0.2539741118531405,0.3116936375978413,0.4207792541913174,0.0,0.0,0.0,0.0,0.0,0.0,0.9787638329758364,0.983490476138616,0.9864678011530452,0.9787638329758364,0.983490476138616,0.9864678011530452,0.2620341814097973,0.2880215061660107,0.3371659883361451,2525.2,2722.0,3363.9,51.040724222222174,57.8258706944444,67.39617944444444,42.086666666666666,45.36666666666667,56.065,108.56869094444444,111.54238013888887,118.45321886111113
RECORDED,BUS_B_to_BUS_A,BUS_B,BUS_A,ACC,QUANTILE,FIVE_PARTITION_UNLABELED_BUDGET,7,5,0.6555648809311646,0.6836655449132798,0.762925630013066,0.5559733388807776,0.6089185407769371,0.623442062526067,0.5277019046598854,0.5840060783230479,0.6091605316419629,0.3930801449473804,0.4662017500348046,0.4903283118552557,0.3930801449473804,0.4662017500348046,0.4903283118552557,0.1802416195013498,0.3722590575420317,0.3968904219104229,0.1802416195013498,0.3722590575420317,0.3968904219104229,0.932332974360711,0.9483584195352416,0.9733976160484168,0.932332974360711,0.9483584195352416,0.9733976160484168,0.4113178496687438,0.4772998992973258,0.5194204855879314,2525.2,2722.0,3363.9,51.040724222222174,57.8258706944444,67.39617944444444,42.086666666666666,45.36666666666667,56.065,108.56869094444444,111.54238013888887,118.45321886111113
RECORDED,BUS_B_to_BUS_A,BUS_B,BUS_A,ACC,CORAL,FIVE_PARTITION_UNLABELED_BUDGET,7,5,0.5102043793885965,0.5798602122702563,0.6686447399405258,0.4251637550721393,0.4884127946236671,0.5278445261738337,0.3822757564026439,0.4342495101047254,0.4910453374309903,0.2413499003975308,0.297988277911845,0.3671696212283388,0.2413499003975308,0.297988277911845,0.3671696212283388,0.0,0.0,0.0021314387211367,0.0,0.0,0.0021314387211367,0.7753210286366022,0.8209203268535318,0.8860688307385327,0.7753210286366022,0.8209203268535318,0.8860688307385327,0.2302175248475035,0.2605497060628353,0.2963844966575212,2525.2,2722.0,3363.9,51.040724222222174,57.8258706944444,67.39617944444444,42.086666666666666,45.36666666666667,56.065,108.56869094444444,111.54238013888887,118.45321886111113
RECORDED,BUS_B_to_BUS_A,BUS_B,BUS_A,ACC,ZSCORE,FIVE_PARTITION_UNLABELED_BUDGET,14,5,0.6617167755991286,0.6963239749545547,0.7676528169359442,0.5259562733675831,0.5402572316705911,0.5858556754188841,0.4434008694087779,0.4799184324884784,0.554559890485587,0.2636620067738559,0.3119797589933262,0.4095691269982041,0.2636620067738559,0.3119797589933262,0.4095691269982041,0.0,0.0,0.0,0.0,0.0,0.0,0.9815037393145168,0.9856321411733204,0.9929171807206943,0.9815037393145168,0.9856321411733204,0.9929171807206943,0.2665583209980175,0.287951059493087,0.3332237391694009,4950.5,5482.0,6524.2,102.21780916666664,108.94780361111114,130.578057638889,82.50833333333334,91.36666666666667,108.73666666666668,214.8188573888889,218.20745222222223,231.88380213888885
RECORDED,BUS_B_to_BUS_A,BUS_B,BUS_A,ACC,QUANTILE,FIVE_PARTITION_UNLABELED_BUDGET,14,5,0.690010633621253,0.7302614548278541,0.7578058790800027,0.5612818117906654,0.6242908018231191,0.6560561706631621,0.5410841932810568,0.607353031193101,0.6262482538292802,0.3948273376534041,0.4831747190749101,0.5056476292969435,0.3948273376534041,0.4831747190749101,0.5056476292969435,0.2121088856629411,0.3528496642976593,0.426937211267682,0.2121088856629411,0.3528496642976593,0.426937211267682,0.9680423611985112,0.9848494368608725,0.9881927522940472,0.9680423611985112,0.9848494368608725,0.9881927522940472,0.4367410506528663,0.4919852648832966,0.51595152819895,4950.5,5482.0,6524.2,102.21780916666664,108.94780361111114,130.578057638889,82.50833333333334,91.36666666666667,108.73666666666668,214.8188573888889,218.20745222222223,231.88380213888885
RECORDED,BUS_B_to_BUS_A,BUS_B,BUS_A,ACC,CORAL,FIVE_PARTITION_UNLABELED_BUDGET,14,5,0.5577230003112357,0.6056352252070288,0.6965721745685759,0.4475978688495725,0.4954244837110756,0.5511094324857524,0.4038731657646661,0.4602479494953676,0.5194358152003703,0.2522170254697073,0.3394981540653388,0.393814922281489,0.2522170254697073,0.3394981540653388,0.393814922281489,0.0,0.0,0.0033534726164483,0.0,0.0,0.0033534726164483,0.8409568147743002,0.8837546924307367,0.8964294000775707,0.8409568147743002,0.8837546924307367,0.8964294000775707,0.2459165274907853,0.2761487696972206,0.3130742680758545,4950.5,5482.0,6524.2,102.21780916666664,108.94780361111114,130.578057638889,82.50833333333334,91.36666666666667,108.73666666666668,214.8188573888889,218.20745222222223,231.88380213888885
RECORDED,BUS_B_to_BUS_A,BUS_B,BUS_A,ACC,ZSCORE,FIVE_PARTITION_UNLABELED_BUDGET,18,5,0.6681066451221975,0.6891534391534392,0.7797877113916508,0.5280968667392101,0.533397334472308,0.5972724997514306,0.4499664354143177,0.4800200910295468,0.5689257554664573,0.2725478309966463,0.308176914133447,0.428840765805315,0.2725478309966463,0.308176914133447,0.428840765805315,0.0,0.0,0.0,0.0,0.0,0.0,0.9816891681492456,0.9870875179340028,0.99425798672019,0.9816891681492456,0.9870875179340028,0.99425798672019,0.2699798612485906,0.288012054617728,0.3413554532798744,6445.2,7203.0,8392.0,133.17506311111111,144.022228611111,168.51347488888894,107.42,120.05,139.86666666666667,277.1070373333333,282.78648527777773,301.3703464444444
RECORDED,BUS_B_to_BUS_A,BUS_B,BUS_A,ACC,QUANTILE,FIVE_PARTITION_UNLABELED_BUDGET,18,5,0.6736643815272019,0.7398395029769609,0.7629717361540914,0.549410003182804,0.6454946592480837,0.6649085014294646,0.5303296582961646,0.6060762948983492,0.6393303462790663,0.3865286667420246,0.480621013575559,0.5220963828025447,0.3865286667420246,0.480621013575559,0.5220963828025447,0.2008568631373583,0.3615702479338843,0.4549059152428218,0.2008568631373583,0.3615702479338843,0.4549059152428218,0.9617326329585846,0.9824421388667198,0.9910322367086308,0.9617326329585846,0.9824421388667198,0.9910322367086308,0.4341684633390052,0.4888648950857193,0.5421722246975159,6445.2,7203.0,8392.0,133.17506311111111,144.022228611111,168.51347488888894,107.42,120.05,139.86666666666667,277.1070373333333,282.78648527777773,301.3703464444444
RECORDED,BUS_B_to_BUS_A,BUS_B,BUS_A,ACC,CORAL,FIVE_PARTITION_UNLABELED_BUDGET,18,5,0.5692400109306498,0.6219576719576719,0.7042530008440934,0.4576371542176277,0.5087338897159175,0.5582491298222599,0.4231989374927076,0.4456419182530883,0.5279603194645857,0.2663923224195062,0.3205249217369783,0.4023558285809945,0.2663923224195062,0.3205249217369783,0.4023558285809945,0.0,0.0,0.0110419054262793,0.0,0.0,0.0110419054262793,0.8422377494541208,0.8961988304093568,0.9089454452443112,0.8422377494541208,0.8961988304093568,0.9089454452443112,0.2561676060553435,0.267385150951853,0.3196941248094505,6445.2,7203.0,8392.0,133.17506311111111,144.022228611111,168.51347488888894,107.42,120.05,139.86666666666667,277.1070373333333,282.78648527777773,301.3703464444444
RECORDED,BUS_B_to_BUS_A,BUS_B,BUS_A,ACC_MAG,RAW,FIVE_PARTITION_UNLABELED_BUDGET,0,5,0.7128484560457186,0.7362153766502718,0.7823547995190374,0.5507564634615184,0.6103099587357974,0.6210006835146616,0.5228910468310538,0.5462096384416251,0.579574387606387,0.3662041291771375,0.3991334135405308,0.4434929275592578,0.3662041291771375,0.3991334135405308,0.4434929275592578,0.0,0.0,0.0,0.0,0.0,0.0,0.9857293831992,0.9914484233030464,0.9934371402781216,0.9857293831992,0.9914484233030464,0.9934371402781216,0.3137346280986323,0.327725783064975,0.3477446325638322,0.0,0.0,0.0,0.0,0.0,0.0,0.0,0.0,0.0,0.0,0.0,0.0
RECORDED,BUS_B_to_BUS_A,BUS_B,BUS_A,ACC_MAG,CAUSAL,FIVE_PARTITION_UNLABELED_BUDGET,0,5,0.7279743367353001,0.7408749676417292,0.7779446142817549,0.5711542054212022,0.5995961027856532,0.6241971067438519,0.5422695625556168,0.5521188000006977,0.5729113789529074,0.3917659486310583,0.406709722277936,0.4339318591795349,0.3917659486310583,0.406709722277936,0.4339318591795349,0.0,0.0,0.0088235294117647,0.0,0.0,0.0088235294117647,0.9867177236124206,0.9926617745163442,0.9937804043292918,0.9867177236124206,0.9926617745163442,0.9937804043292918,0.3287174689771355,0.3312712800004186,0.3437468273717444,0.0,0.0,0.0,0.0,0.0,0.0,0.0,0.0,0.0,0.0,0.0,0.0
RECORDED,BUS_B_to_BUS_A,BUS_B,BUS_A,ACC_MAG,ZSCORE,FIVE_PARTITION_UNLABELED_BUDGET,1,5,0.5312682850918145,0.5651383558876995,0.6407888046653414,0.4387744383229481,0.4445164681796574,0.472527902414124,0.3498249286043852,0.3671756147318405,0.4185298065080408,0.1823916892755807,0.2084195408132942,0.2574437298911649,0.1823916892755807,0.2084195408132942,0.2574437298911649,0.0,0.0,0.0,0.0,0.0,0.0,0.8447970148682413,0.8776385224274407,0.9233087948313948,0.8447970148682413,0.8776385224274407,0.9233087948313948,0.2098949571626311,0.2203053688391043,0.2511178839048244,244.7,367.0,547.4,5.640714805555555,7.4070775,10.743072916666668,4.078333333333333,6.116666666666667,9.123333333333331,17.328113722222223,17.883746944444447,18.39658675
RECORDED,BUS_B_to_BUS_A,BUS_B,BUS_A,ACC_MAG,QUANTILE,FIVE_PARTITION_UNLABELED_BUDGET,1,5,0.5245262994086524,0.5870531205817007,0.634140165170684,0.4358298060533636,0.4654567440787963,0.5109514633749104,0.3900655099233304,0.4397480731169649,0.4705657957586301,0.2712249546758896,0.3147782982783044,0.3362878481528288,0.2712249546758896,0.3147782982783044,0.3362878481528288,0.0010025062656641,0.0030581039755351,0.0095510684652386,0.0010025062656641,0.0030581039755351,0.0095510684652386,0.7443739388236408,0.8362346800192122,0.8863121622579855,0.7443739388236408,0.8362346800192122,0.8863121622579855,0.239249020729669,0.2724479405485903,0.2977114056455398,244.7,367.0,547.4,5.640714805555555,7.4070775,10.743072916666668,4.078333333333333,6.116666666666667,9.123333333333331,17.328113722222223,17.883746944444447,18.39658675
RECORDED,BUS_B_to_BUS_A,BUS_B,BUS_A,ACC_MAG,CORAL,FIVE_PARTITION_UNLABELED_BUDGET,1,5,0.2676816059757236,0.2960008079175924,0.3460965908274103,0.2803999665068923,0.2924798237946454,0.303148484029639,0.1763560277466337,0.1944157424446318,0.215937910419011,0.1396060351809335,0.1505176337337115,0.1874418775414172,0.1396060351809335,0.1505176337337115,0.1874418775414172,0.0,0.0,0.0,0.0,0.0,0.0,0.2851345659270399,0.2939166155732679,0.3309379293110049,0.2851345659270399,0.2939166155732679,0.3309379293110049,0.1090956679300315,0.120978668398989,0.1301906771716159,244.7,367.0,547.4,5.640714805555555,7.4070775,10.743072916666668,4.078333333333333,6.116666666666667,9.123333333333331,17.328113722222223,17.883746944444447,18.39658675
RECORDED,BUS_B_to_BUS_A,BUS_B,BUS_A,ACC_MAG,ZSCORE,FIVE_PARTITION_UNLABELED_BUDGET,3,5,0.6214413249848516,0.6469065493140047,0.6932421629979724,0.4779554396939969,0.49176337576499,0.5074080442044823,0.4081900129850718,0.4235913636429245,0.4584843497357772,0.236649544995609,0.259845912865282,0.2976865489368522,0.236649544995609,0.259845912865282,0.2976865489368522,0.0,0.0,0.0,0.0,0.0,0.0,0.92773970129639,0.9572875803208616,0.973306971216011,0.92773970129639,0.9572875803208616,0.973306971216011,0.2449140077910431,0.2541548181857547,0.2750906098414663,1015.2,1156.5,1570.7,20.36871327777778,23.36729263888888,31.253864083333337,16.92,19.275,26.17833333333333,45.25482513888889,47.52443291666666,53.782831583333326
RECORDED,BUS_B_to_BUS_A,BUS_B,BUS_A,ACC_MAG,QUANTILE,FIVE_PARTITION_UNLABELED_BUDGET,3,5,0.5928396095689117,0.6181579478893153,0.7173251873941121,0.488803549200169,0.5224156612833865,0.5553197083079856,0.4496170476797455,0.4881140652649034,0.5433780623545504,0.2934831412552002,0.3462492062919788,0.4118238790981336,0.2934831412552002,0.3462492062919788,0.4118238790981336,0.055909203947019,0.1360613708288266,0.2025415598378959,0.055909203947019,0.1360613708288266,0.2025415598378959,0.8725365713972014,0.9077031024312612,0.937583719143727,0.8725365713972014,0.9077031024312612,0.937583719143727,0.2903296543009894,0.3468639744906736,0.4097150698502554,1015.2,1156.5,1570.7,20.36871327777778,23.36729263888888,31.253864083333337,16.92,19.275,26.17833333333333,45.25482513888889,47.52443291666666,53.782831583333326
RECORDED,BUS_B_to_BUS_A,BUS_B,BUS_A,ACC_MAG,CORAL,FIVE_PARTITION_UNLABELED_BUDGET,3,5,0.3832460069465071,0.4313492063492063,0.4534648762249625,0.3355720289297108,0.3674473659747077,0.376417267674754,0.269186667173083,0.3065223043934552,0.309876280375538,0.1783931718706847,0.2004077816749823,0.2197937523816809,0.1783931718706847,0.2004077816749823,0.2197937523816809,0.0,0.0,0.0,0.0,0.0,0.0,0.4940367517893478,0.6026058384022497,0.635417425876419,0.4940367517893478,0.6026058384022497,0.635417425876419,0.1615120003038498,0.1839133826360731,0.1859257682253228,1015.2,1156.5,1570.7,20.36871327777778,23.36729263888888,31.253864083333337,16.92,19.275,26.17833333333333,45.25482513888889,47.52443291666666,53.782831583333326
RECORDED,BUS_B_to_BUS_A,BUS_B,BUS_A,ACC_MAG,ZSCORE,FIVE_PARTITION_UNLABELED_BUDGET,7,5,0.6356455617997553,0.7072751322751323,0.74457410806128,0.499081380013159,0.5474733885139045,0.5785305149008183,0.4372077460815207,0.4897190619070048,0.5470542267415596,0.2582154843392483,0.3266710654540886,0.403126548060972,0.2582154843392483,0.3266710654540886,0.403126548060972,0.0,0.0,0.0,0.0,0.0,0.0,0.9627625016477248,0.975767010075852,0.9832561426662426,0.9627625016477248,0.975767010075852,0.9832561426662426,0.2623246476489124,0.2938314371442029,0.3287218326810213,2525.2,2722.0,3363.9,51.040724222222174,57.8258706944444,67.39617944444444,42.086666666666666,45.36666666666667,56.065,108.56869094444444,111.54238013888887,118.45321886111113
RECORDED,BUS_B_to_BUS_A,BUS_B,BUS_A,ACC_MAG,QUANTILE,FIVE_PARTITION_UNLABELED_BUDGET,7,5,0.6213303472660079,0.6415686274509804,0.7323861412754678,0.5096278404995297,0.5474740219031698,0.5845490878029999,0.4761700168508798,0.5029910675498308,0.5606845781264533,0.3223742569070446,0.361515842569385,0.4262220714848194,0.3223742569070446,0.361515842569385,0.4262220714848194,0.1480118614516418,0.1651625808252314,0.2618379701459355,0.1480118614516418,0.1651625808252314,0.2618379701459355,0.9273773051279494,0.9603571981256644,0.97080974431538,0.9273773051279494,0.9603571981256644,0.97080974431538,0.3429238326415154,0.3616770326959904,0.4460986508565117,2525.2,2722.0,3363.9,51.040724222222174,57.8258706944444,67.39617944444444,42.086666666666666,45.36666666666667,56.065,108.56869094444444,111.54238013888887,118.45321886111113
RECORDED,BUS_B_to_BUS_A,BUS_B,BUS_A,ACC_MAG,CORAL,FIVE_PARTITION_UNLABELED_BUDGET,7,5,0.4700510096989715,0.4989417989417989,0.5611398400331479,0.3886395907399498,0.4326610916709872,0.442029629959841,0.3278204530527576,0.3655107426316444,0.4084519367581086,0.1888206532242081,0.2348527050522977,0.2975788122990905,0.1888206532242081,0.2348527050522977,0.2975788122990905,0.0,0.0,0.0,0.0,0.0,0.0,0.7287941218137033,0.7617597487167701,0.7896908286310371,0.7287941218137033,0.7617597487167701,0.7896908286310371,0.1966922718316545,0.2193064455789866,0.2471192022784323,2525.2,2722.0,3363.9,51.040724222222174,57.8258706944444,67.39617944444444,42.086666666666666,45.36666666666667,56.065,108.56869094444444,111.54238013888887,118.45321886111113
RECORDED,BUS_B_to_BUS_A,BUS_B,BUS_A,ACC_MAG,ZSCORE,FIVE_PARTITION_UNLABELED_BUDGET,14,5,0.656360410830999,0.6995556453241769,0.7629815061076204,0.5165669717991046,0.5453079419642537,0.5918637115373612,0.4446774241795882,0.4995302732970143,0.5584439004133279,0.2667300153297096,0.3412645592585461,0.415435332827711,0.2667300153297096,0.3412645592585461,0.415435332827711,0.0,0.0,0.0,0.0,0.0,0.0,0.9749337967719705,0.9783011654638948,0.9934681884552808,0.9749337967719705,0.9783011654638948,0.9934681884552808,0.2668064545077529,0.2997181639782086,0.3350663402479967,4950.5,5482.0,6524.2,102.21780916666664,108.94780361111114,130.578057638889,82.50833333333334,91.36666666666667,108.73666666666668,214.8188573888889,218.20745222222223,231.88380213888885
RECORDED,BUS_B_to_BUS_A,BUS_B,BUS_A,ACC_MAG,QUANTILE,FIVE_PARTITION_UNLABELED_BUDGET,14,5,0.6519091075208235,0.6753181175520097,0.7338006464237263,0.5179403864660809,0.5790742769145022,0.5950137809712782,0.4765002052695105,0.5280774192315361,0.573899996954198,0.3086731799061125,0.3865147801796235,0.4424763447418282,0.3086731799061125,0.3865147801796235,0.4424763447418282,0.1446573958952957,0.2193817878028404,0.302314566671417,0.1446573958952957,0.2193817878028404,0.302314566671417,0.9607744083956808,0.973223131818398,0.9855249894717264,0.9607744083956808,0.973223131818398,0.9855249894717264,0.347550353788022,0.41242996429229,0.4613976806557597,4950.5,5482.0,6524.2,102.21780916666664,108.94780361111114,130.578057638889,82.50833333333334,91.36666666666667,108.73666666666668,214.8188573888889,218.20745222222223,231.88380213888885
RECORDED,BUS_B_to_BUS_A,BUS_B,BUS_A,ACC_MAG,CORAL,FIVE_PARTITION_UNLABELED_BUDGET,14,5,0.5673457827575474,0.6142193496263382,0.6405442072348556,0.4743169353301134,0.4856585899856128,0.5032960832247128,0.4047103152256081,0.4504617987488247,0.4722179503856035,0.2533112836962123,0.3063392657609561,0.3472079326561382,0.2533112836962123,0.3063392657609561,0.3472079326561382,0.0,0.0,0.0,0.0,0.0,0.0,0.820046159912582,0.8614498489324469,0.8873756670989015,0.820046159912582,0.8614498489324469,0.8873756670989015,0.2428261891353648,0.2702770792492948,0.2833307702313621,4950.5,5482.0,6524.2,102.21780916666664,108.94780361111114,130.578057638889,82.50833333333334,91.36666666666667,108.73666666666668,214.8188573888889,218.20745222222223,231.88380213888885
RECORDED,BUS_B_to_BUS_A,BUS_B,BUS_A,ACC_MAG,ZSCORE,FIVE_PARTITION_UNLABELED_BUDGET,18,5,0.6671315123504462,0.6862433862433862,0.7811427366017897,0.5242396309767068,0.5323701497514854,0.6118518474554788,0.4556549197955293,0.4835196632610244,0.580248757774886,0.2822411143991773,0.3128443320095025,0.4442502688923673,0.2822411143991773,0.3128443320095025,0.4442502688923673,0.0,0.0,0.0,0.0,0.0,0.0,0.9738499123057044,0.9806105610561056,0.9946607275426874,0.9738499123057044,0.9806105610561056,0.9946607275426874,0.2733929518773176,0.2901117979566147,0.3481492546649316,6445.2,7203.0,8392.0,133.17506311111111,144.022228611111,168.51347488888894,107.42,120.05,139.86666666666667,277.1070373333333,282.78648527777773,301.3703464444444
RECORDED,BUS_B_to_BUS_A,BUS_B,BUS_A,ACC_MAG,QUANTILE,FIVE_PARTITION_UNLABELED_BUDGET,18,5,0.6512437453366021,0.6659260755402949,0.7453079890220496,0.5114493854386173,0.5888385933598851,0.6084042091700224,0.4695643409079003,0.5278451178415369,0.5915556546437052,0.3022603079268006,0.3826469136450403,0.4618714283948891,0.3022603079268006,0.3826469136450403,0.4618714283948891,0.1159007170435741,0.2366863905325443,0.3401500501179544,0.1159007170435741,0.2366863905325443,0.3401500501179544,0.9566936355335092,0.9763907734056988,0.9861737490039192,0.9566936355335092,0.9763907734056988,0.9861737490039192,0.3280988913621698,0.4234203075905811,0.4861779405643483,6445.2,7203.0,8392.0,133.17506311111111,144.022228611111,168.51347488888894,107.42,120.05,139.86666666666667,277.1070373333333,282.78648527777773,301.3703464444444
RECORDED,BUS_B_to_BUS_A,BUS_B,BUS_A,ACC_MAG,CORAL,FIVE_PARTITION_UNLABELED_BUDGET,18,5,0.5853837535014006,0.5897798424560695,0.6664739257334482,0.4672424065859196,0.4983864644331264,0.526777486161973,0.4010501897652483,0.4452285457848015,0.4945627797958279,0.2432369433702854,0.298716186046402,0.3723298526044954,0.2432369433702854,0.298716186046402,0.3723298526044954,0.0,0.0,0.0,0.0,0.0,0.0,0.8456295109760457,0.884765625,0.897938004540807,0.8456295109760457,0.884765625,0.897938004540807,0.2406301138591489,0.2671371274708809,0.2967376678774968,6445.2,7203.0,8392.0,133.17506311111111,144.022228611111,168.51347488888894,107.42,120.05,139.86666666666667,277.1070373333333,282.78648527777773,301.3703464444444
RECORDED,BUS_B_to_BUS_A,BUS_B,BUS_A,ACC_GYR,RAW,FIVE_PARTITION_UNLABELED_BUDGET,0,5,0.7109324708574263,0.722156862745098,0.78861435677505,0.5624616931953569,0.5944047897237624,0.6038873975408298,0.5266485136927264,0.5454799160393766,0.5648846562437282,0.3696834160157864,0.3945245500880077,0.4201703574335609,0.3696834160157864,0.3945245500880077,0.4201703574335609,0.0,0.0,0.0,0.0,0.0,0.0,0.9969521925657892,0.9983792544570502,0.999423076923077,0.9969521925657892,0.9983792544570502,0.999423076923077,0.3159891082156358,0.3272879496236259,0.3389307937462369,0.0,0.0,0.0,0.0,0.0,0.0,0.0,0.0,0.0,0.0,0.0,0.0
RECORDED,BUS_B_to_BUS_A,BUS_B,BUS_A,ACC_GYR,CAUSAL,FIVE_PARTITION_UNLABELED_BUDGET,0,5,0.7197631900049949,0.7347058823529412,0.799657491284116,0.5715019285083198,0.5981306572215663,0.6246713134427628,0.5406184047329564,0.5504918087613777,0.577619773372319,0.3879521802055193,0.4006557450151702,0.4377323075829635,0.3879521802055193,0.4006557450151702,0.4377323075829635,0.0,0.0,0.0028368794326241,0.0,0.0,0.0028368794326241,0.9969358118011408,0.9983460138934832,0.9995191151719164,0.9969358118011408,0.9983460138934832,0.9995191151719164,0.3243710428397738,0.3302950852568266,0.3473283652054244,0.0,0.0,0.0,0.0,0.0,0.0,0.0,0.0,0.0,0.0,0.0,0.0
RECORDED,BUS_B_to_BUS_A,BUS_B,BUS_A,ACC_GYR,ZSCORE,FIVE_PARTITION_UNLABELED_BUDGET,1,5,0.5759140280632551,0.6111111111111112,0.6961897122976315,0.4562205633535143,0.4616737691335793,0.5043312564793623,0.3639236102252703,0.3923111805489691,0.454276921246047,0.2046751430479959,0.250765868027158,0.2944830210258777,0.2046751430479959,0.250765868027158,0.2944830210258777,0.0,0.0,0.0,0.0,0.0,0.0,0.8888744319435041,0.9072508404110916,0.9585119410210888,0.8888744319435041,0.9072508404110916,0.9585119410210888,0.2183541661351622,0.2353867083293814,0.2725661527476282,244.7,367.0,547.4,5.640714805555555,7.4070775,10.743072916666668,4.078333333333333,6.116666666666667,9.123333333333331,17.328113722222223,17.883746944444447,18.39658675
RECORDED,BUS_B_to_BUS_A,BUS_B,BUS_A,ACC_GYR,QUANTILE,FIVE_PARTITION_UNLABELED_BUDGET,1,5,0.5683569332398684,0.6088532228837691,0.6624501376411578,0.4740801732161236,0.5109162531165936,0.5488459850432915,0.4341720105636871,0.4908094357270203,0.5051478340860815,0.3039449770286815,0.361461646709023,0.378508945459156,0.3039449770286815,0.361461646709023,0.378508945459156,0.0121474918423543,0.0225064955165595,0.0355632793889353,0.0121474918423543,0.0225064955165595,0.0355632793889353,0.781208788202047,0.8693842217833624,0.9164349407401102,0.781208788202047,0.8693842217833624,0.9164349407401102,0.2763561026381951,0.3026903772355821,0.3494029233967509,244.7,367.0,547.4,5.640714805555555,7.4070775,10.743072916666668,4.078333333333333,6.116666666666667,9.123333333333331,17.328113722222223,17.883746944444447,18.39658675
RECORDED,BUS_B_to_BUS_A,BUS_B,BUS_A,ACC_GYR,CORAL,FIVE_PARTITION_UNLABELED_BUDGET,1,5,0.3221226268285092,0.4025449404160776,0.5100464643867344,0.3106396468034409,0.3374002597883772,0.4116143194243735,0.2383869273998873,0.2823791237981793,0.3664121224597769,0.1812707697877206,0.1995332685601178,0.2903157515082952,0.1812707697877206,0.1995332685601178,0.2903157515082952,0.0,0.0,0.0,0.0,0.0,0.0,0.4518778673763595,0.5722046130415936,0.633031167807235,0.4518778673763595,0.5722046130415936,0.633031167807235,0.143449911009123,0.1694274742789075,0.2201435697721624,244.7,367.0,547.4,5.640714805555555,7.4070775,10.743072916666668,4.078333333333333,6.116666666666667,9.123333333333331,17.328113722222223,17.883746944444447,18.39658675
RECORDED,BUS_B_to_BUS_A,BUS_B,BUS_A,ACC_GYR,ZSCORE,FIVE_PARTITION_UNLABELED_BUDGET,3,5,0.6402359713426877,0.6760289930106136,0.732022376847111,0.4946567680982575,0.5238806055367724,0.5562758623033204,0.4073892062289999,0.4552353363025112,0.508016000799246,0.2305932104794904,0.2814705736170666,0.3488742253487736,0.2305932104794904,0.2814705736170666,0.3488742253487736,0.0,0.0,0.0,0.0,0.0,0.0,0.9601123847497064,0.976529624358845,0.9864235523377828,0.9601123847497064,0.976529624358845,0.9864235523377828,0.2444335237373999,0.2731412017815067,0.3048096004795476,1015.2,1156.5,1570.7,20.36871327777778,23.36729263888888,31.253864083333337,16.92,19.275,26.17833333333333,45.25482513888889,47.52443291666666,53.782831583333326
RECORDED,BUS_B_to_BUS_A,BUS_B,BUS_A,ACC_GYR,QUANTILE,FIVE_PARTITION_UNLABELED_BUDGET,3,5,0.6285511661339955,0.6694279057727155,0.7247629362891277,0.5091920597921668,0.5751776556471887,0.5892868239824762,0.4853498502006718,0.540947972093756,0.5723177993411793,0.3348701101447465,0.3979222488895024,0.4378544206415162,0.3348701101447465,0.3979222488895024,0.4378544206415162,0.0890320529432299,0.2222660594349763,0.2715675261221577,0.0890320529432299,0.2222660594349763,0.2715675261221577,0.9263980158876844,0.9631331486375186,0.9716210109457348,0.9263980158876844,0.9631331486375186,0.9716210109457348,0.3395216169222086,0.3865632579777172,0.4455975347959957,1015.2,1156.5,1570.7,20.36871327777778,23.36729263888888,31.253864083333337,16.92,19.275,26.17833333333333,45.25482513888889,47.52443291666666,53.782831583333326
RECORDED,BUS_B_to_BUS_A,BUS_B,BUS_A,ACC_GYR,CORAL,FIVE_PARTITION_UNLABELED_BUDGET,3,5,0.4200429859683724,0.477090344292001,0.6006127896872284,0.3576115201036962,0.39267911580013,0.4800328251837951,0.306477734079877,0.3630303133055636,0.4388640946962804,0.1955886878789228,0.2452712184788734,0.3165596173956743,0.1955886878789228,0.2452712184788734,0.3165596173956743,0.0,0.0,0.0013824884792626,0.0,0.0,0.0013824884792626,0.689302411164439,0.6998191656737773,0.8124233768774984,0.689302411164439,0.6998191656737773,0.8124233768774984,0.1866937539910179,0.2178181879833381,0.2681212099247857,1015.2,1156.5,1570.7,20.36871327777778,23.36729263888888,31.253864083333337,16.92,19.275,26.17833333333333,45.25482513888889,47.52443291666666,53.782831583333326
RECORDED,BUS_B_to_BUS_A,BUS_B,BUS_A,ACC_GYR,ZSCORE,FIVE_PARTITION_UNLABELED_BUDGET,7,5,0.6600195801204748,0.720553973595651,0.7815294943849492,0.5171249097117945,0.5723261584987951,0.6189043245620596,0.4496197791691907,0.5067667492371903,0.5827746412591174,0.2718536201313509,0.3491250966314575,0.4472384200221809,0.2718536201313509,0.3491250966314575,0.4472384200221809,0.0,0.0,0.0006772009029345,0.0,0.0,0.0006772009029345,0.9767579320347998,0.9812190709124218,0.9908809492457976,0.9767579320347998,0.9812190709124218,0.9908809492457976,0.2714894191752313,0.3040600495423142,0.3522491842744683,2525.2,2722.0,3363.9,51.040724222222174,57.8258706944444,67.39617944444444,42.086666666666666,45.36666666666667,56.065,108.56869094444444,111.54238013888887,118.45321886111113
RECORDED,BUS_B_to_BUS_A,BUS_B,BUS_A,ACC_GYR,QUANTILE,FIVE_PARTITION_UNLABELED_BUDGET,7,5,0.6688513887037832,0.6745098039215687,0.7525151446951368,0.5519034523480811,0.5918225210724077,0.6175367901946932,0.5309285704490156,0.5639816699675217,0.5858644067809441,0.3859884782028236,0.425088183371525,0.4504033468986979,0.3859884782028236,0.425088183371525,0.4504033468986979,0.1500478139291965,0.286719551661536,0.3332401423758042,0.1500478139291965,0.286719551661536,0.3332401423758042,0.968719626817175,0.9757479957743784,0.9935585213044658,0.968719626817175,0.9757479957743784,0.9935585213044658,0.3909311394671937,0.4549277723608279,0.4710529591072522,2525.2,2722.0,3363.9,51.040724222222174,57.8258706944444,67.39617944444444,42.086666666666666,45.36666666666667,56.065,108.56869094444444,111.54238013888887,118.45321886111113
RECORDED,BUS_B_to_BUS_A,BUS_B,BUS_A,ACC_GYR,CORAL,FIVE_PARTITION_UNLABELED_BUDGET,7,5,0.4986375539106775,0.5515143670722236,0.6099955404681675,0.4074428886922578,0.4624200385729045,0.4891882880441433,0.3717349725683119,0.4309674202637682,0.4468659845896113,0.2289754582456383,0.2957154870371666,0.3170670738324187,0.2289754582456383,0.2957154870371666,0.3170670738324187,0.0,0.0017421602787456,0.0062661382264487,0.0,0.0017421602787456,0.0062661382264487,0.7710379773420956,0.81234465574314,0.8514954773910864,0.7710379773420956,0.81234465574314,0.8514954773910864,0.2233115585128022,0.2606173072088387,0.2739530140381651,2525.2,2722.0,3363.9,51.040724222222174,57.8258706944444,67.39617944444444,42.086666666666666,45.36666666666667,56.065,108.56869094444444,111.54238013888887,118.45321886111113
RECORDED,BUS_B_to_BUS_A,BUS_B,BUS_A,ACC_GYR,ZSCORE,FIVE_PARTITION_UNLABELED_BUDGET,14,5,0.6871512605042017,0.7119773783074126,0.7829979934048772,0.5404924728783163,0.565449267181396,0.6089193367931315,0.4695380735755698,0.5340389011734361,0.5792509426531158,0.2996909531026285,0.3803087896044486,0.4423713405287894,0.2996909531026285,0.3803087896044486,0.4423713405287894,0.0,0.0,0.0277960242005185,0.0,0.0,0.0277960242005185,0.978999954930862,0.9855161680318494,0.9965838920971116,0.978999954930862,0.9855161680318494,0.9965838920971116,0.2817228441453419,0.3415746945260786,0.3497150718248941,4950.5,5482.0,6524.2,102.21780916666664,108.94780361111114,130.578057638889,82.50833333333334,91.36666666666667,108.73666666666668,214.8188573888889,218.20745222222223,231.88380213888885
RECORDED,BUS_B_to_BUS_A,BUS_B,BUS_A,ACC_GYR,QUANTILE,FIVE_PARTITION_UNLABELED_BUDGET,14,5,0.6833141721612279,0.7103615431226016,0.7454312721543915,0.5611133747058713,0.6010071439790576,0.6259000186060303,0.5341214325261009,0.5782971294592535,0.5935405074310426,0.3836498466810345,0.439903615328206,0.4645865301622648,0.3836498466810345,0.439903615328206,0.4645865301622648,0.1717226393143708,0.3002136569035745,0.3735520228119444,0.1717226393143708,0.3002136569035745,0.3735520228119444,0.9789765871499838,0.9895112025282932,0.9946236289008826,0.9789765871499838,0.9895112025282932,0.9946236289008826,0.4165438416674796,0.4670327234980706,0.4762251606369223,4950.5,5482.0,6524.2,102.21780916666664,108.94780361111114,130.578057638889,82.50833333333334,91.36666666666667,108.73666666666668,214.8188573888889,218.20745222222223,231.88380213888885
RECORDED,BUS_B_to_BUS_A,BUS_B,BUS_A,ACC_GYR,CORAL,FIVE_PARTITION_UNLABELED_BUDGET,14,5,0.5389489586179856,0.6172705789680977,0.6295186185038631,0.4254809415267723,0.4759273679925119,0.5284998200262078,0.4027734213453243,0.443742929439358,0.4843995488953651,0.2531027020297922,0.3114709375124275,0.3592438315901498,0.2531027020297922,0.3114709375124275,0.3592438315901498,0.0,0.0072137588301872,0.0355959641765291,0.0,0.0072137588301872,0.0355959641765291,0.8248676285820031,0.8655648511020412,0.8788807251285798,0.8248676285820031,0.8655648511020412,0.8788807251285798,0.2524566655452094,0.2672983892425622,0.2982529086550076,4950.5,5482.0,6524.2,102.21780916666664,108.94780361111114,130.578057638889,82.50833333333334,91.36666666666667,108.73666666666668,214.8188573888889,218.20745222222223,231.88380213888885
RECORDED,BUS_B_to_BUS_A,BUS_B,BUS_A,ACC_GYR,ZSCORE,FIVE_PARTITION_UNLABELED_BUDGET,18,5,0.6923110824706462,0.7162745098039216,0.7954289169718634,0.5367977719121807,0.6010772288060048,0.6203952510810784,0.4679248130426844,0.5788019174630492,0.5918298075537749,0.2969688450737547,0.4395824976203488,0.4586197879484106,0.2969688450737547,0.4395824976203488,0.4586197879484106,0.0,0.0,0.1315538608198284,0.0,0.0,0.1315538608198284,0.980248820771909,0.986869101354124,0.9975916791325502,0.980248820771909,0.986869101354124,0.9975916791325502,0.2807548878256107,0.3545887602234547,0.4031651549098844,6445.2,7203.0,8392.0,133.17506311111111,144.022228611111,168.51347488888894,107.42,120.05,139.86666666666667,277.1070373333333,282.78648527777773,301.3703464444444
RECORDED,BUS_B_to_BUS_A,BUS_B,BUS_A,ACC_GYR,QUANTILE,FIVE_PARTITION_UNLABELED_BUDGET,18,5,0.6803971390212316,0.704115972042454,0.7511825678151003,0.5521543608312658,0.6044152351898104,0.626690672854992,0.527303200149648,0.5732862597167492,0.5982804791407319,0.3767207525411111,0.4322639054462112,0.4671216579981988,0.3767207525411111,0.4322639054462112,0.4671216579981988,0.1792631716011002,0.3044982698961938,0.3836080731831169,0.1792631716011002,0.3044982698961938,0.3836080731831169,0.9790505429752586,0.988474939694452,0.9965492971388352,0.9790505429752586,0.988474939694452,0.9965492971388352,0.411937802000015,0.465771063788527,0.4845098883769872,6445.2,7203.0,8392.0,133.17506311111111,144.022228611111,168.51347488888894,107.42,120.05,139.86666666666667,277.1070373333333,282.78648527777773,301.3703464444444
RECORDED,BUS_B_to_BUS_A,BUS_B,BUS_A,ACC_GYR,CORAL,FIVE_PARTITION_UNLABELED_BUDGET,18,5,0.5486321479914932,0.6228830248129185,0.6412143699485143,0.4335869517017177,0.4859432744158345,0.5356435002998721,0.4076934725877545,0.4593865762521062,0.4899399495001382,0.255226784798961,0.315413985727446,0.3663926576314353,0.255226784798961,0.315413985727446,0.3663926576314353,0.0,0.0106951871657754,0.0339613570729692,0.0,0.0106951871657754,0.0339613570729692,0.8271774712919868,0.8709315375982043,0.8955122292547947,0.8271774712919868,0.8709315375982043,0.8955122292547947,0.2543567825379965,0.2756319457512637,0.3003746584637128,6445.2,7203.0,8392.0,133.17506311111111,144.022228611111,168.51347488888894,107.42,120.05,139.86666666666667,277.1070373333333,282.78648527777773,301.3703464444444
RECORDED,BUS_B_to_BUS_A,BUS_B,BUS_A,ACC_MAG_GYR,RAW,FIVE_PARTITION_UNLABELED_BUDGET,0,5,0.7150946412093417,0.7380274398136164,0.7904023372948146,0.5538066828037982,0.613130001893561,0.6197667563991276,0.5254012746129968,0.5499684665908564,0.5772986523012198,0.3676088534254451,0.4009168696685344,0.4372276243401098,0.3676088534254451,0.4009168696685344,0.4372276243401098,0.0,0.0,0.0,0.0,0.0,0.0,0.9970226335702854,0.9983177120884402,0.9990202719412744,0.9970226335702854,0.9983177120884402,0.9990202719412744,0.315240764767798,0.3299810799545138,0.3463791913807318,0.0,0.0,0.0,0.0,0.0,0.0,0.0,0.0,0.0,0.0,0.0,0.0
RECORDED,BUS_B_to_BUS_A,BUS_B,BUS_A,ACC_MAG_GYR,CAUSAL,FIVE_PARTITION_UNLABELED_BUDGET,0,5,0.7196131511541557,0.7350980392156863,0.7830661990409923,0.5643367619544842,0.6000958742144084,0.6152237601824423,0.5352867278936247,0.5531634455725529,0.5606818113455396,0.3807770330934368,0.4051040594637435,0.4149871973870691,0.3807770330934368,0.4051040594637435,0.4149871973870691,0.0,0.0,0.0088235294117647,0.0,0.0,0.0088235294117647,0.9972320961050468,0.9985569985569984,0.9989926184154808,0.9972320961050468,0.9985569985569984,0.9989926184154808,0.3247014485008807,0.3318980673435317,0.3364090868073237,0.0,0.0,0.0,0.0,0.0,0.0,0.0,0.0,0.0,0.0,0.0,0.0
RECORDED,BUS_B_to_BUS_A,BUS_B,BUS_A,ACC_MAG_GYR,ZSCORE,FIVE_PARTITION_UNLABELED_BUDGET,1,5,0.5345732412940939,0.6046296296296296,0.6705271438864611,0.4407528648065133,0.4544896191408428,0.495141759969684,0.3711884394554576,0.3997043901421354,0.4409370235272729,0.207091294696198,0.2540567637851839,0.2784668829501528,0.207091294696198,0.2540567637851839,0.2784668829501528,0.0,0.0,0.0,0.0,0.0,0.0,0.8365676659270452,0.8935819460797338,0.9468445073285124,0.8365676659270452,0.8935819460797338,0.9468445073285124,0.2227130636732745,0.2398226340852812,0.2645622141163637,244.7,367.0,547.4,5.640714805555555,7.4070775,10.743072916666668,4.078333333333333,6.116666666666667,9.123333333333331,17.328113722222223,17.883746944444447,18.39658675
RECORDED,BUS_B_to_BUS_A,BUS_B,BUS_A,ACC_MAG_GYR,QUANTILE,FIVE_PARTITION_UNLABELED_BUDGET,1,5,0.5290346728388482,0.6090688749747526,0.653579191074268,0.4564679067337363,0.5018484812851165,0.5108536603339227,0.4150256942379317,0.4606447443782522,0.4691038139855792,0.3025224512540927,0.3298431595153125,0.3583456397453904,0.3025224512540927,0.3298431595153125,0.3583456397453904,0.0,0.0091278640059127,0.0112477276057686,0.0,0.0091278640059127,0.0112477276057686,0.7798592805564619,0.8889706061714844,0.9217803362745228,0.7798592805564619,0.8889706061714844,0.9217803362745228,0.2616547952569514,0.2926436531998544,0.3094153231736728,244.7,367.0,547.4,5.640714805555555,7.4070775,10.743072916666668,4.078333333333333,6.116666666666667,9.123333333333331,17.328113722222223,17.883746944444447,18.39658675
RECORDED,BUS_B_to_BUS_A,BUS_B,BUS_A,ACC_MAG_GYR,CORAL,FIVE_PARTITION_UNLABELED_BUDGET,1,5,0.2431120448179271,0.2809533427590386,0.364093330683838,0.2655912914981877,0.2822975743485154,0.3035783253246452,0.1699661655363624,0.19344077815603,0.2531481885197043,0.1400050097825054,0.1897681952214189,0.2121719978004087,0.1400050097825054,0.1897681952214189,0.2121719978004087,0.0,0.0,0.0167509794226161,0.0,0.0,0.0167509794226161,0.1808137718842702,0.2300943003165917,0.368201038969145,0.1808137718842702,0.2300943003165917,0.368201038969145,0.1019796993218174,0.122900222289397,0.1557263286114252,244.7,367.0,547.4,5.640714805555555,7.4070775,10.743072916666668,4.078333333333333,6.116666666666667,9.123333333333331,17.328113722222223,17.883746944444447,18.39658675
RECORDED,BUS_B_to_BUS_A,BUS_B,BUS_A,ACC_MAG_GYR,ZSCORE,FIVE_PARTITION_UNLABELED_BUDGET,3,5,0.6246882032150367,0.6551902666321512,0.704977650243503,0.4854564322192202,0.4974881636669899,0.5268709630336283,0.4116138258665939,0.4286224737286419,0.4809131505902251,0.2348746165412596,0.2480301096983847,0.3201061461699427,0.2348746165412596,0.2480301096983847,0.3201061461699427,0.0,0.0,0.0,0.0,0.0,0.0,0.9403370764843924,0.9599195914985388,0.9716689543212904,0.9403370764843924,0.9599195914985388,0.9716689543212904,0.2469682955199563,0.2571734842371851,0.2885478903541351,1015.2,1156.5,1570.7,20.36871327777778,23.36729263888888,31.253864083333337,16.92,19.275,26.17833333333333,45.25482513888889,47.52443291666666,53.782831583333326
RECORDED,BUS_B_to_BUS_A,BUS_B,BUS_A,ACC_MAG_GYR,QUANTILE,FIVE_PARTITION_UNLABELED_BUDGET,3,5,0.6153812641805363,0.6544132498485155,0.7276363022562313,0.4909647100604272,0.5494960100734128,0.5688838430339342,0.4531683281905715,0.5040083345334196,0.5426178252990563,0.2907453441063575,0.3621478649751402,0.3986027453067774,0.2907453441063575,0.3621478649751402,0.3986027453067774,0.0356246174470183,0.1089197266693794,0.1799589726378758,0.0356246174470183,0.1089197266693794,0.1799589726378758,0.916383825678785,0.9571156529891856,0.9719472288456428,0.916383825678785,0.9571156529891856,0.9719472288456428,0.2814033756918214,0.3590511558742885,0.3948425010987401,1015.2,1156.5,1570.7,20.36871327777778,23.36729263888888,31.253864083333337,16.92,19.275,26.17833333333333,45.25482513888889,47.52443291666666,53.782831583333326
RECORDED,BUS_B_to_BUS_A,BUS_B,BUS_A,ACC_MAG_GYR,CORAL,FIVE_PARTITION_UNLABELED_BUDGET,3,5,0.3216940606175817,0.3958994708994709,0.4450973205261702,0.3124713457698858,0.3597923953440207,0.3623162505619913,0.2363795214601793,0.2882151230883303,0.3175371779195175,0.1707486899564327,0.1888937168918549,0.2393113997696784,0.1707486899564327,0.1888937168918549,0.2393113997696784,0.0,0.0,0.0,0.0,0.0,0.0,0.3848387804074819,0.5347577994925616,0.5644934213239328,0.3848387804074819,0.5347577994925616,0.5644934213239328,0.1418277128761075,0.1729290738529981,0.1917771104301877,1015.2,1156.5,1570.7,20.36871327777778,23.36729263888888,31.253864083333337,16.92,19.275,26.17833333333333,45.25482513888889,47.52443291666666,53.782831583333326
RECORDED,BUS_B_to_BUS_A,BUS_B,BUS_A,ACC_MAG_GYR,ZSCORE,FIVE_PARTITION_UNLABELED_BUDGET,7,5,0.6474402873651985,0.7137566137566138,0.7762140838487801,0.5010656968953043,0.5601854021705281,0.615685936648076,0.4383895777044204,0.5006379065553344,0.5786005432841119,0.2585717731391118,0.3440583456024704,0.441897201520922,0.2585717731391118,0.3440583456024704,0.441897201520922,0.0,0.0,0.0,0.0,0.0,0.0,0.957273464632824,0.9809323558534472,0.9857115483540853,0.957273464632824,0.9809323558534472,0.9857115483540853,0.2668592593525803,0.3003827439332006,0.3486117330037295,2525.2,2722.0,3363.9,51.040724222222174,57.8258706944444,67.39617944444444,42.086666666666666,45.36666666666667,56.065,108.56869094444444,111.54238013888887,118.45321886111113
RECORDED,BUS_B_to_BUS_A,BUS_B,BUS_A,ACC_MAG_GYR,QUANTILE,FIVE_PARTITION_UNLABELED_BUDGET,7,5,0.6549397298655418,0.6653201373459907,0.7405258913332958,0.5234406384739271,0.5791897762791404,0.5928049931054922,0.4901987167847899,0.5326482583763527,0.5614703515585725,0.3351258628820549,0.3930071315455764,0.4209530304720066,0.3351258628820549,0.3930071315455764,0.4209530304720066,0.1199467080476782,0.1977501256913021,0.2194475849590898,0.1199467080476782,0.1977501256913021,0.2194475849590898,0.9582527435734608,0.9715349163012832,0.9933205113961948,0.9582527435734608,0.9715349163012832,0.9933205113961948,0.3554544923480583,0.3804959252494566,0.4262320605921136,2525.2,2722.0,3363.9,51.040724222222174,57.8258706944444,67.39617944444444,42.086666666666666,45.36666666666667,56.065,108.56869094444444,111.54238013888887,118.45321886111113
RECORDED,BUS_B_to_BUS_A,BUS_B,BUS_A,ACC_MAG_GYR,CORAL,FIVE_PARTITION_UNLABELED_BUDGET,7,5,0.389866191320443,0.4250980392156863,0.5475479899026902,0.3408107112553938,0.3889138236179661,0.443453026207024,0.2859174979765519,0.3282783350512396,0.4083363842644232,0.1860178832878884,0.2162434129268576,0.3064043100311914,0.1860178832878884,0.2162434129268576,0.3064043100311914,0.0,0.0,0.0,0.0,0.0,0.0,0.5699880191451385,0.663312617145112,0.7207990650809242,0.5699880191451385,0.663312617145112,0.7207990650809242,0.1718481189183435,0.1969670010307437,0.2540058787145942,2525.2,2722.0,3363.9,51.040724222222174,57.8258706944444,67.39617944444444,42.086666666666666,45.36666666666667,56.065,108.56869094444444,111.54238013888887,118.45321886111113
RECORDED,BUS_B_to_BUS_A,BUS_B,BUS_A,ACC_MAG_GYR,ZSCORE,FIVE_PARTITION_UNLABELED_BUDGET,14,5,0.6738776844070962,0.7011714805089881,0.7765546269294017,0.5327498855536491,0.5512746448483219,0.6111261214917978,0.4612017167238298,0.5011676022411393,0.5780730323798977,0.2903028916970639,0.3453947291715686,0.4414503768001864,0.2903028916970639,0.3453947291715686,0.4414503768001864,0.0,0.0,0.0,0.0,0.0,0.0,0.9652114996325394,0.9798573547792832,0.995650973357928,0.9652114996325394,0.9798573547792832,0.995650973357928,0.2792700465866191,0.3204073337657423,0.3468438194279385,4950.5,5482.0,6524.2,102.21780916666664,108.94780361111114,130.578057638889,82.50833333333334,91.36666666666667,108.73666666666668,214.8188573888889,218.20745222222223,231.88380213888885
RECORDED,BUS_B_to_BUS_A,BUS_B,BUS_A,ACC_MAG_GYR,QUANTILE,FIVE_PARTITION_UNLABELED_BUDGET,14,5,0.6725164227741316,0.7010704908099374,0.7405187644179373,0.5301704035138017,0.5931936660967532,0.6059787272018153,0.4955286075416405,0.5368747606202803,0.5861786411391315,0.3333704763996593,0.3847993286934608,0.4526478101277325,0.3333704763996593,0.3847993286934608,0.4526478101277325,0.1692822453020208,0.2482737594963827,0.2818569608076143,0.1692822453020208,0.2482737594963827,0.2818569608076143,0.97751297962918,0.9888233873621416,0.9940466484253866,0.97751297962918,0.9888233873621416,0.9940466484253866,0.3854672393930964,0.4220945281523645,0.453604490110594,4950.5,5482.0,6524.2,102.21780916666664,108.94780361111114,130.578057638889,82.50833333333334,91.36666666666667,108.73666666666668,214.8188573888889,218.20745222222223,231.88380213888885
RECORDED,BUS_B_to_BUS_A,BUS_B,BUS_A,ACC_MAG_GYR,CORAL,FIVE_PARTITION_UNLABELED_BUDGET,14,5,0.5019047619047619,0.5177741870329227,0.6310935785387611,0.4291039972800425,0.4448826372449138,0.512432505733371,0.3686868036690529,0.3924220072575382,0.4751707638533737,0.2367521970248336,0.291122479777484,0.3653490984242759,0.2367521970248336,0.291122479777484,0.3653490984242759,0.0,0.0,0.0176108331895808,0.0,0.0,0.0176108331895808,0.7253532226156727,0.7609067789074975,0.8226299596067519,0.7253532226156727,0.7609067789074975,0.8226299596067519,0.2212120822014317,0.2354532043545229,0.2924623476099701,4950.5,5482.0,6524.2,102.21780916666664,108.94780361111114,130.578057638889,82.50833333333334,91.36666666666667,108.73666666666668,214.8188573888889,218.20745222222223,231.88380213888885
RECORDED,BUS_B_to_BUS_A,BUS_B,BUS_A,ACC_MAG_GYR,ZSCORE,FIVE_PARTITION_UNLABELED_BUDGET,18,5,0.6800952616060675,0.6937254901960784,0.7942314646880143,0.5290371120719449,0.5645774120440095,0.627860817493965,0.4633744757146386,0.5094066421947687,0.5943228325226215,0.2954721933824821,0.3472047209768678,0.463155066722502,0.2954721933824821,0.3472047209768678,0.463155066722502,0.0,0.0,0.0,0.0,0.0,0.0,0.967081322711108,0.9808128739426448,0.9974125706754784,0.967081322711108,0.9808128739426448,0.9974125706754784,0.2780246854287831,0.3056439853168612,0.3565936995135729,6445.2,7203.0,8392.0,133.17506311111111,144.022228611111,168.51347488888894,107.42,120.05,139.86666666666667,277.1070373333333,282.78648527777773,301.3703464444444
RECORDED,BUS_B_to_BUS_A,BUS_B,BUS_A,ACC_MAG_GYR,QUANTILE,FIVE_PARTITION_UNLABELED_BUDGET,18,5,0.6697422742880226,0.7028216412114937,0.7480614165056859,0.5281310057526183,0.5985975034810008,0.6134544380679008,0.4987713928405143,0.5327238563278874,0.5952507952477752,0.3370876104278972,0.3837545078236863,0.4637061422173226,0.3370876104278972,0.3837545078236863,0.4637061422173226,0.1853548512541318,0.2716763005780346,0.2972203661633035,0.1853548512541318,0.2716763005780346,0.2972203661633035,0.9770539723329076,0.986021505376344,0.996204143835808,0.9770539723329076,0.986021505376344,0.996204143835808,0.3861707872918947,0.4272098147988068,0.4703551103532983,6445.2,7203.0,8392.0,133.17506311111111,144.022228611111,168.51347488888894,107.42,120.05,139.86666666666667,277.1070373333333,282.78648527777773,301.3703464444444
RECORDED,BUS_B_to_BUS_A,BUS_B,BUS_A,ACC_MAG_GYR,CORAL,FIVE_PARTITION_UNLABELED_BUDGET,18,5,0.4809635922233971,0.5092592592592593,0.6439580545050411,0.4018987081470588,0.4453093431540588,0.5272238322140536,0.3480991056388134,0.3964415798402454,0.4944706211070687,0.2251964368090024,0.2681417371630872,0.3868276126337071,0.2251964368090024,0.2681417371630872,0.3868276126337071,0.0,0.0,0.0484149855907781,0.0,0.0,0.0484149855907781,0.70562731510185,0.780523611450942,0.8361646626335705,0.70562731510185,0.780523611450942,0.8361646626335705,0.2088594633832881,0.2378649479041472,0.3160483669005525,6445.2,7203.0,8392.0,133.17506311111111,144.022228611111,168.51347488888894,107.42,120.05,139.86666666666667,277.1070373333333,282.78648527777773,301.3703464444444
YAW90_LEFT,BUS_A_to_BUS_B,BUS_A,BUS_B,ACC,RAW,FIVE_PARTITION_UNLABELED_BUDGET,0,5,0.7552664514854094,0.782248281439547,0.7927785205390416,0.6650256126394504,0.7096997295881272,0.7145092422601068,0.6577038233624426,0.6683679060738422,0.6963697623587963,0.5597970362203116,0.5729225971809185,0.6103284954361758,0.5597970362203116,0.5729225971809185,0.6103284954361758,0.7390895717554756,0.7794448612153039,0.8188726147427303,0.7390895717554756,0.7794448612153039,0.8188726147427303,0.9493353549152213,0.9536423841059604,0.9575481250795352,0.9493353549152213,0.9536423841059604,0.9575481250795352,0.6913149017510182,0.7190810638054751,0.7418011740109882,0.0,0.0,0.0,0.0,0.0,0.0,0.0,0.0,0.0,0.0,0.0,0.0
YAW90_LEFT,BUS_A_to_BUS_B,BUS_A,BUS_B,ACC,CAUSAL,FIVE_PARTITION_UNLABELED_BUDGET,0,5,0.6367836614533641,0.6515923566878981,0.6903740804827205,0.5744381714902329,0.6317454426706904,0.6556871905579922,0.5183062428386193,0.5676180097339293,0.6040264418856858,0.3727539560654201,0.4358530082584105,0.4866400211890198,0.3727539560654201,0.4358530082584105,0.4866400211890198,0.2734148002421308,0.4011834319526627,0.5451047378664937,0.2734148002421308,0.4011834319526627,0.5451047378664937,0.9525066316995238,0.9584466019417476,0.9613220227656192,0.9525066316995238,0.9584466019417476,0.9613220227656192,0.4257022687055928,0.5010441786214226,0.580457760278009,0.0,0.0,0.0,0.0,0.0,0.0,0.0,0.0,0.0,0.0,0.0,0.0
YAW90_LEFT,BUS_A_to_BUS_B,BUS_A,BUS_B,ACC,ZSCORE,FIVE_PARTITION_UNLABELED_BUDGET,1,5,0.527211489178671,0.53704745826299,0.5593271251370268,0.503188690594867,0.5365056644277562,0.5522631976032295,0.3809242375324702,0.410313099447078,0.4246148540931183,0.1897904248820081,0.2266076108047577,0.2463417504645321,0.1897904248820081,0.2266076108047577,0.2463417504645321,0.0,0.0,0.0010174111436494,0.0,0.0,0.0010174111436494,0.9496999630122388,0.9561140445559476,0.9623065915555732,0.9496999630122388,0.9561140445559476,0.9623065915555732,0.2289613364960009,0.2461878596682468,0.2547689124558709,695.0,736.5,741.9,13.20090777777778,13.435447222222225,13.907681055555557,11.583333333333334,12.275,12.365,14.883189722222223,15.772793472222222,17.122592805555552
YAW90_LEFT,BUS_A_to_BUS_B,BUS_A,BUS_B,ACC,QUANTILE,FIVE_PARTITION_UNLABELED_BUDGET,1,5,0.5029301326640845,0.5567124949454104,0.5863482191044762,0.4909623140603728,0.5162104816600298,0.6049447064248741,0.3873448089796609,0.4166914331505439,0.4758611916910391,0.230302163604979,0.2437040937824951,0.3228599899219592,0.230302163604979,0.2437040937824951,0.3228599899219592,0.0003454231433506,0.0014503263234227,0.0476795801259741,0.0003454231433506,0.0014503263234227,0.0476795801259741,0.851436508955204,0.8965522311872567,0.9151379385232492,0.851436508955204,0.8965522311872567,0.9151379385232492,0.2428080429049963,0.2585950680929283,0.2859780275856065,695.0,736.5,741.9,13.20090777777778,13.435447222222225,13.907681055555557,11.583333333333334,12.275,12.365,14.883189722222223,15.772793472222222,17.122592805555552
YAW90_LEFT,BUS_A_to_BUS_B,BUS_A,BUS_B,ACC,CORAL,FIVE_PARTITION_UNLABELED_BUDGET,1,5,0.496184832054095,0.5064698746461787,0.521229116292561,0.4085464254584443,0.4562508524292846,0.5233120115127238,0.3572884026299543,0.3705401002075491,0.4281980698513905,0.1901688079317718,0.2084807177985529,0.2778928051406566,0.1901688079317718,0.2084807177985529,0.2778928051406566,0.0,0.0104836483859791,0.0231132229895241,0.0,0.0104836483859791,0.0231132229895241,0.8749040423693891,0.891384365154438,0.907615432594244,0.8749040423693891,0.891384365154438,0.907615432594244,0.2212395092850596,0.2288995404867832,0.2703314196968048,695.0,736.5,741.9,13.20090777777778,13.435447222222225,13.907681055555557,11.583333333333334,12.275,12.365,14.883189722222223,15.772793472222222,17.122592805555552
YAW90_LEFT,BUS_A_to_BUS_B,BUS_A,BUS_B,ACC,ZSCORE,FIVE_PARTITION_UNLABELED_BUDGET,3,5,0.5898595087679783,0.6519414743950478,0.6811943910244074,0.4960695587370157,0.5485253986909514,0.5864073467380909,0.4287115403631867,0.464394229036163,0.5349297329835285,0.2587962418524244,0.3052976614971796,0.4015511508328871,0.2587962418524244,0.3052976614971796,0.4015511508328871,0.0,0.0035986902585396,0.2934279624073991,0.0,0.0035986902585396,0.2934279624073991,0.9288752533690928,0.9430980841774526,0.9590705111336127,0.9288752533690928,0.9430980841774526,0.9590705111336127,0.2618757149268026,0.2916439791215351,0.4386696454232645,1141.3,1361.0,1807.5,21.268327805555558,24.758099861111116,32.869359916666674,19.02166666666667,22.683333333333334,30.125,34.82972738888889,38.08004055555556,40.22354008333333
YAW90_LEFT,BUS_A_to_BUS_B,BUS_A,BUS_B,ACC,QUANTILE,FIVE_PARTITION_UNLABELED_BUDGET,3,5,0.5957695636430236,0.6170642943792964,0.6351582678886981,0.5340514643910608,0.5677435054286013,0.6391975150561022,0.4557519068152044,0.4804718970089638,0.5350992703991879,0.3015878128508207,0.330426084190441,0.4095756673655004,0.3015878128508207,0.330426084190441,0.4095756673655004,0.0449363496108234,0.0862412042252371,0.2092875993230379,0.0449363496108234,0.0862412042252371,0.2092875993230379,0.8794679049767571,0.916576247861488,0.9454859000937064,0.8794679049767571,0.916576247861488,0.9454859000937064,0.2798693949405563,0.3022900740813027,0.4112560066410959,1141.3,1361.0,1807.5,21.268327805555558,24.758099861111116,32.869359916666674,19.02166666666667,22.683333333333334,30.125,34.82972738888889,38.08004055555556,40.22354008333333
YAW90_LEFT,BUS_A_to_BUS_B,BUS_A,BUS_B,ACC,CORAL,FIVE_PARTITION_UNLABELED_BUDGET,3,5,0.5539634431329105,0.588235294117647,0.6085035495882065,0.522740194445005,0.533151572286467,0.5683553732737675,0.4182621438095147,0.457233749254804,0.4854079426081458,0.2543931475235443,0.3141295074098646,0.3447641492339048,0.2543931475235443,0.3141295074098646,0.3447641492339048,0.0632794993636035,0.185382387117607,0.2100960983520891,0.0632794993636035,0.185382387117607,0.2100960983520891,0.8985838433092642,0.9087325079951014,0.9140753768135392,0.8985838433092642,0.9087325079951014,0.9140753768135392,0.2773102942734946,0.3513211050298459,0.3741520446537548,1141.3,1361.0,1807.5,21.268327805555558,24.758099861111116,32.869359916666674,19.02166666666667,22.683333333333334,30.125,34.82972738888889,38.08004055555556,40.22354008333333
YAW90_LEFT,BUS_A_to_BUS_B,BUS_A,BUS_B,ACC,ZSCORE,FIVE_PARTITION_UNLABELED_BUDGET,7,5,0.748550134732608,0.7747139373475895,0.7802679554904219,0.6529752755666196,0.6686836621254935,0.702293380765506,0.6409464011125818,0.6646419186917176,0.6722973170405521,0.5368793609502982,0.5691184167611374,0.5786731585004169,0.5368793609502982,0.5691184167611374,0.5786731585004169,0.5889209061285005,0.7377747353546111,0.7920724443059092,0.5889209061285005,0.7377747353546111,0.7920724443059092,0.9404944382537054,0.9506787890344712,0.9570476872968962,0.9404944382537054,0.9506787890344712,0.9570476872968962,0.6349398322328214,0.7104163859053918,0.7218970507163437,3118.0,3159.0,3728.5,58.45919441666667,59.28457500000003,70.85762594444446,51.96666666666667,52.65,62.14166666666667,79.82707983333333,81.92578222222221,90.36951019444444
YAW90_LEFT,BUS_A_to_BUS_B,BUS_A,BUS_B,ACC,QUANTILE,FIVE_PARTITION_UNLABELED_BUDGET,7,5,0.632272809828836,0.714218720690302,0.7954169231522095,0.6294750221234863,0.6721729692841691,0.7622874541184783,0.5416439295352128,0.609691562515444,0.7229055242442158,0.406986565291673,0.5009675069325069,0.648459166187205,0.406986565291673,0.5009675069325069,0.648459166187205,0.2316627918994756,0.5168941802342542,0.7684694500329292,0.2316627918994756,0.5168941802342542,0.7684694500329292,0.9420814899974516,0.9441892038666232,0.956905485855474,0.9420814899974516,0.9441892038666232,0.956905485855474,0.4179775185243377,0.5550075246202608,0.7409419135745785,3118.0,3159.0,3728.5,58.45919441666667,59.28457500000003,70.85762594444446,51.96666666666667,52.65,62.14166666666667,79.82707983333333,81.92578222222221,90.36951019444444
YAW90_LEFT,BUS_A_to_BUS_B,BUS_A,BUS_B,ACC,CORAL,FIVE_PARTITION_UNLABELED_BUDGET,7,5,0.6138957401635272,0.6354342524854624,0.6736004338181844,0.5532430948237788,0.608441422919468,0.6256171034532954,0.5143055531782262,0.5302454933591567,0.5840847744768022,0.3885714176203053,0.4033027168072173,0.4726958884947803,0.3885714176203053,0.4033027168072173,0.4726958884947803,0.3564333781244748,0.4229694877297751,0.5318789407009006,0.3564333781244748,0.4229694877297751,0.5318789407009006,0.9035655526833442,0.9145177062930684,0.9247371110202004,0.9035655526833442,0.9145177062930684,0.9247371110202004,0.4546608330124613,0.4739359326803305,0.5603221906377371,3118.0,3159.0,3728.5,58.45919441666667,59.28457500000003,70.85762594444446,51.96666666666667,52.65,62.14166666666667,79.82707983333333,81.92578222222221,90.36951019444444
YAW90_LEFT,BUS_A_to_BUS_B,BUS_A,BUS_B,ACC,ZSCORE,FIVE_PARTITION_UNLABELED_BUDGET,14,5,0.7718261712903651,0.7900212314225054,0.8214844427260863,0.6607548552781174,0.7101499828526878,0.7294947917903587,0.6560380040657299,0.6705281235412006,0.7342530148091019,0.5568089667685362,0.5756783710147709,0.6645157364035683,0.5568089667685362,0.5756783710147709,0.6645157364035683,0.7769119391057746,0.8097546708263906,0.8313946940584215,0.7769119391057746,0.8097546708263906,0.8313946940584215,0.9416473146670497,0.9506493984767646,0.9556085956295324,0.9416473146670497,0.9506493984767646,0.9556085956295324,0.7045056171517503,0.727607824256036,0.7703561623261095,6021.5,6440.5,7518.2,112.67047713888884,120.79728791666663,138.44149127777774,100.35833333333332,107.34166666666668,125.30333333333334,155.049714,164.70108680555555,180.24895747222223
YAW90_LEFT,BUS_A_to_BUS_B,BUS_A,BUS_B,ACC,QUANTILE,FIVE_PARTITION_UNLABELED_BUDGET,14,5,0.6976603575684492,0.7651472519227163,0.8157568663004182,0.685763057416464,0.7353429159290814,0.775946466599215,0.6275669286236756,0.6916724582372222,0.7366536794224499,0.517972477131436,0.6060824579745323,0.6649737052750521,0.517972477131436,0.6060824579745323,0.6649737052750521,0.4854041587613147,0.6614743007749551,0.8227934167136769,0.4854041587613147,0.6614743007749551,0.8227934167136769,0.9494673972726,0.9587638981063784,0.9627083485168384,0.9494673972726,0.9587638981063784,0.9627083485168384,0.5695529798182529,0.6730942955988921,0.7711095743389406,6021.5,6440.5,7518.2,112.67047713888884,120.79728791666663,138.44149127777774,100.35833333333332,107.34166666666668,125.30333333333334,155.049714,164.70108680555555,180.24895747222223
YAW90_LEFT,BUS_A_to_BUS_B,BUS_A,BUS_B,ACC,CORAL,FIVE_PARTITION_UNLABELED_BUDGET,14,5,0.6826808139326903,0.7058386411889597,0.7368141574519607,0.6161254397819109,0.6664429803653695,0.6860807883720821,0.5776117010089334,0.6282941386884913,0.6519046619704016,0.4690482016935642,0.5336091572971609,0.5621481190488378,0.4690482016935642,0.5336091572971609,0.5621481190488378,0.6233761956570348,0.6575631633323942,0.7384535982056948,0.6233761956570348,0.6575631633323942,0.7384535982056948,0.9012048306740956,0.9145794638747824,0.9198361957754682,0.9012048306740956,0.9145794638747824,0.9198361957754682,0.5981305570711277,0.6458700018670123,0.6908542908155758,6021.5,6440.5,7518.2,112.67047713888884,120.79728791666663,138.44149127777774,100.35833333333332,107.34166666666668,125.30333333333334,155.049714,164.70108680555555,180.24895747222223
YAW90_LEFT,BUS_A_to_BUS_B,BUS_A,BUS_B,ACC,ZSCORE,FIVE_PARTITION_UNLABELED_BUDGET,18,5,0.7724835592615442,0.7900212314225054,0.816715048192014,0.6616296189457096,0.7105310619379712,0.7476372375003565,0.6548800033430338,0.6734958042627053,0.7426302312204648,0.5565340739068502,0.5785840862732875,0.6756975471556317,0.5565340739068502,0.5785840862732875,0.6756975471556317,0.7933440910021926,0.8083785880527541,0.8212254684452384,0.7933440910021926,0.8083785880527541,0.8212254684452384,0.9430714516516566,0.9502677888293802,0.9552309409374922,0.9430714516516566,0.9502677888293802,0.9552309409374922,0.7124796700849403,0.7295106931883757,0.7710295842682708,7973.8,8375.0,9672.4,149.09656916666663,158.7114808333332,178.50561349999998,132.89666666666668,139.58333333333334,161.20666666666668,206.65689111111112,212.34181361111115,235.39408666666668
YAW90_LEFT,BUS_A_to_BUS_B,BUS_A,BUS_B,ACC,QUANTILE,FIVE_PARTITION_UNLABELED_BUDGET,18,5,0.7004108399370204,0.7437476670399403,0.8213849093754093,0.6935547733125196,0.7442822311975246,0.7667633625053678,0.6341623379862026,0.6854652569328847,0.7276120407737304,0.5279381407745514,0.5924020208652298,0.6485387789643593,0.5279381407745514,0.5924020208652298,0.6485387789643593,0.4713740621192364,0.6361957525392429,0.7939914840654363,0.4713740621192364,0.6361957525392429,0.7939914840654363,0.9495226647020047,0.9634347723519698,0.9653199033153956,0.9495226647020047,0.9634347723519698,0.9653199033153956,0.5715570158809273,0.6594824845716503,0.7541638180904127,7973.8,8375.0,9672.4,149.09656916666663,158.7114808333332,178.50561349999998,132.89666666666668,139.58333333333334,161.20666666666668,206.65689111111112,212.34181361111115,235.39408666666668
YAW90_LEFT,BUS_A_to_BUS_B,BUS_A,BUS_B,ACC,CORAL,FIVE_PARTITION_UNLABELED_BUDGET,18,5,0.6907560807463707,0.7069968111048583,0.731937587027898,0.6212349379616304,0.6643484218662551,0.6770093970369582,0.5824657278622504,0.6205600575207222,0.6492869370871954,0.4744434413169155,0.5226168101490624,0.5618011215091117,0.4744434413169155,0.5226168101490624,0.5618011215091117,0.6397838047836258,0.6860423394330821,0.7286596038691847,0.6397838047836258,0.6860423394330821,0.7286596038691847,0.8999814717774249,0.9143897996357012,0.9187548462011512,0.8999814717774249,0.9143897996357012,0.9187548462011512,0.6064285697230077,0.648333218800156,0.679368293301988,7973.8,8375.0,9672.4,149.09656916666663,158.7114808333332,178.50561349999998,132.89666666666668,139.58333333333334,161.20666666666668,206.65689111111112,212.34181361111115,235.39408666666668
YAW90_LEFT,BUS_A_to_BUS_B,BUS_A,BUS_B,ACC_MAG,RAW,FIVE_PARTITION_UNLABELED_BUDGET,0,5,0.8042788092334101,0.8396684189243834,0.8575637126860138,0.7106808000411433,0.7708018482635315,0.8309203618540341,0.725524503365883,0.7430608954287587,0.8193515608171109,0.6505904014929372,0.675716081721843,0.773025721463328,0.6505904014929372,0.675716081721843,0.773025721463328,0.7595194673614126,0.8373408769448374,0.8661230642226058,0.7595194673614126,0.8373408769448374,0.8661230642226058,0.946813629534575,0.9517304189435336,0.95832907887846,0.946813629534575,0.9517304189435336,0.95832907887846,0.7408287306527861,0.7950914708053824,0.8309298751416895,0.0,0.0,0.0,0.0,0.0,0.0,0.0,0.0,0.0,0.0,0.0,0.0
YAW90_LEFT,BUS_A_to_BUS_B,BUS_A,BUS_B,ACC_MAG,CAUSAL,FIVE_PARTITION_UNLABELED_BUDGET,0,5,0.6656671156773407,0.6675998506905562,0.7030190252608178,0.6101109591186288,0.6546426465453878,0.6779844996026384,0.5481353627126067,0.5962209983410721,0.6162635594872143,0.4122535339779089,0.4767671510833549,0.5020094399510572,0.4122535339779089,0.4767671510833549,0.5020094399510572,0.3201658537298807,0.3771760154738878,0.462419258881523,0.3201658537298807,0.3771760154738878,0.462419258881523,0.95387104062255,0.955813953488372,0.960443161040176,0.95387104062255,0.955813953488372,0.960443161040176,0.4623015229256097,0.5167569125532601,0.5514642763013131,0.0,0.0,0.0,0.0,0.0,0.0,0.0,0.0,0.0,0.0,0.0,0.0
YAW90_LEFT,BUS_A_to_BUS_B,BUS_A,BUS_B,ACC_MAG,ZSCORE,FIVE_PARTITION_UNLABELED_BUDGET,1,5,0.5778782726963617,0.6204003234937323,0.652799604586245,0.538688216776463,0.5687608229290246,0.6027077163627975,0.4471169009848438,0.4594732961752062,0.5162952199805236,0.2788078947251994,0.2942373716156826,0.366457569013379,0.2788078947251994,0.2942373716156826,0.366457569013379,0.0719289688841575,0.0892535727818979,0.1065963555344561,0.0719289688841575,0.0892535727818979,0.1065963555344561,0.9470922554811904,0.94964512448999,0.9617690047351984,0.9470922554811904,0.94964512448999,0.9617690047351984,0.2913624068371547,0.2950391357762504,0.3488052526862177,695.0,736.5,741.9,13.20090777777778,13.435447222222225,13.907681055555557,11.583333333333334,12.275,12.365,14.883189722222223,15.772793472222222,17.122592805555552
YAW90_LEFT,BUS_A_to_BUS_B,BUS_A,BUS_B,ACC_MAG,QUANTILE,FIVE_PARTITION_UNLABELED_BUDGET,1,5,0.5525598194065742,0.6122678671918964,0.6249985170185144,0.5314708202056734,0.5599906864957456,0.6118968186633934,0.4549536885851117,0.49085839391027,0.5298851367843439,0.3028372883349917,0.3529900145917506,0.4059834354738784,0.3028372883349917,0.3529900145917506,0.4059834354738784,0.0435948261675973,0.0534732815921849,0.1373988465321705,0.0435948261675973,0.0534732815921849,0.1373988465321705,0.8721777640722402,0.9051062621914704,0.916067515207596,0.8721777640722402,0.9051062621914704,0.916067515207596,0.3011300578141981,0.31329834336921,0.3556406082030756,695.0,736.5,741.9,13.20090777777778,13.435447222222225,13.907681055555557,11.583333333333334,12.275,12.365,14.883189722222223,15.772793472222222,17.122592805555552
YAW90_LEFT,BUS_A_to_BUS_B,BUS_A,BUS_B,ACC_MAG,CORAL,FIVE_PARTITION_UNLABELED_BUDGET,1,5,0.3646241832169597,0.3805524449421426,0.4111127481755077,0.3251306200753431,0.3450830100130453,0.3948201542405221,0.2439748161701759,0.2612730065241789,0.3006384003815092,0.1288920741536951,0.1418269064575351,0.19626062450591,0.1288920741536951,0.1418269064575351,0.19626062450591,0.0,0.0,0.0023290158657702,0.0,0.0,0.0023290158657702,0.5830119387816993,0.5934593486954867,0.62053326113385,0.5830119387816993,0.5934593486954867,0.62053326113385,0.1503283125757319,0.1567638039145073,0.1803830402289055,695.0,736.5,741.9,13.20090777777778,13.435447222222225,13.907681055555557,11.583333333333334,12.275,12.365,14.883189722222223,15.772793472222222,17.122592805555552
YAW90_LEFT,BUS_A_to_BUS_B,BUS_A,BUS_B,ACC_MAG,ZSCORE,FIVE_PARTITION_UNLABELED_BUDGET,3,5,0.5899232030354943,0.6552769915082894,0.6795226971150382,0.4877109126716912,0.5476474744962345,0.5924648510698791,0.4209462076547308,0.4359840052573249,0.5396384558421893,0.2482028927630888,0.2769877626949711,0.4029568814595853,0.2482028927630888,0.2769877626949711,0.4029568814595853,0.0006507523415723,0.0142147057040674,0.2606910230638916,0.0006507523415723,0.0142147057040674,0.2606910230638916,0.9288995983026987,0.9432900644539746,0.9588377532778222,0.9288995983026987,0.9432900644539746,0.9588377532778222,0.257445859504627,0.273124748810814,0.4228635351601857,1141.3,1361.0,1807.5,21.268327805555558,24.758099861111116,32.869359916666674,19.02166666666667,22.683333333333334,30.125,34.82972738888889,38.08004055555556,40.22354008333333
YAW90_LEFT,BUS_A_to_BUS_B,BUS_A,BUS_B,ACC_MAG,QUANTILE,FIVE_PARTITION_UNLABELED_BUDGET,3,5,0.6236558366571141,0.64501679731243,0.6608964033229506,0.5606354722883944,0.5952445853962647,0.6578819343406275,0.4871131416285764,0.5647138581245041,0.5868283374590436,0.3472842799051215,0.4600453661728749,0.4692307590561761,0.3472842799051215,0.4600453661728749,0.4692307590561761,0.1102439051489533,0.2138364547031161,0.4068153567511779,0.1102439051489533,0.2138364547031161,0.4068153567511779,0.8950097466931447,0.9214788168134256,0.9493749999282848,0.8950097466931447,0.9214788168134256,0.9493749999282848,0.3339343399594521,0.4346083301281223,0.5130650605655411,1141.3,1361.0,1807.5,21.268327805555558,24.758099861111116,32.869359916666674,19.02166666666667,22.683333333333334,30.125,34.82972738888889,38.08004055555556,40.22354008333333
YAW90_LEFT,BUS_A_to_BUS_B,BUS_A,BUS_B,ACC_MAG,CORAL,FIVE_PARTITION_UNLABELED_BUDGET,3,5,0.4810891030258938,0.4839264051758997,0.4966765062741131,0.3806926112679663,0.4098178211959381,0.4264070158374226,0.3254438251980731,0.341355519196715,0.3607035275661143,0.1691886140137004,0.2113110864415652,0.2159349458281327,0.1691886140137004,0.2113110864415652,0.2159349458281327,0.0018855415740966,0.0234934570401039,0.0693425764261039,0.0018855415740966,0.0234934570401039,0.0693425764261039,0.7597931453102618,0.8039592522367849,0.8408498112374216,0.7597931453102618,0.8039592522367849,0.8408498112374216,0.2013579656792814,0.2120557654071018,0.2440395035080202,1141.3,1361.0,1807.5,21.268327805555558,24.758099861111116,32.869359916666674,19.02166666666667,22.683333333333334,30.125,34.82972738888889,38.08004055555556,40.22354008333333
YAW90_LEFT,BUS_A_to_BUS_B,BUS_A,BUS_B,ACC_MAG,ZSCORE,FIVE_PARTITION_UNLABELED_BUDGET,7,5,0.6713776655956414,0.7532661440836133,0.782211293874191,0.5592004038862526,0.6409895170251464,0.6921709084088058,0.5283400523675376,0.6385436006986813,0.6849543677207426,0.3912653435828909,0.5325998239325639,0.5938467290619536,0.3912653435828909,0.5325998239325639,0.5938467290619536,0.2542058947006998,0.641308606608281,0.7535212702705998,0.2542058947006998,0.641308606608281,0.7535212702705998,0.939351224819152,0.9485210802909728,0.9558024458933072,0.939351224819152,0.9485210802909728,0.9558024458933072,0.4188288949581721,0.642064190696958,0.7022516811241396,3118.0,3159.0,3728.5,58.45919441666667,59.28457500000003,70.85762594444446,51.96666666666667,52.65,62.14166666666667,79.82707983333333,81.92578222222221,90.36951019444444
YAW90_LEFT,BUS_A_to_BUS_B,BUS_A,BUS_B,ACC_MAG,QUANTILE,FIVE_PARTITION_UNLABELED_BUDGET,7,5,0.6673149216978496,0.7123926838372527,0.7532166076803365,0.6306741867897789,0.6638950509450894,0.7141713101584095,0.5938793841056125,0.6066778096673071,0.6706795473503022,0.4772410706233474,0.492609317568202,0.5791340181011166,0.4772410706233474,0.492609317568202,0.5791340181011166,0.4214850679324259,0.4905733142842117,0.5253074236857234,0.4214850679324259,0.4905733142842117,0.5253074236857234,0.9465372902242576,0.9489647664559114,0.9576271572464634,0.9465372902242576,0.9489647664559114,0.9576271572464634,0.5207226023292806,0.5632653071954975,0.6124185476786961,3118.0,3159.0,3728.5,58.45919441666667,59.28457500000003,70.85762594444446,51.96666666666667,52.65,62.14166666666667,79.82707983333333,81.92578222222221,90.36951019444444
YAW90_LEFT,BUS_A_to_BUS_B,BUS_A,BUS_B,ACC_MAG,CORAL,FIVE_PARTITION_UNLABELED_BUDGET,7,5,0.5528182060350373,0.5656085725839062,0.5791067396577267,0.4903234472197512,0.4933987838962933,0.5136436769805242,0.4140681543206586,0.4438491033003956,0.4634108090050619,0.2591175904934708,0.2929938249111303,0.314632564041585,0.2591175904934708,0.2929938249111303,0.314632564041585,0.0216600141266594,0.0696845363864183,0.2657143803849995,0.0216600141266594,0.0696845363864183,0.2657143803849995,0.8561817505337795,0.9073235080518106,0.9231304006065804,0.8561817505337795,0.9073235080518106,0.9231304006065804,0.2641417669001676,0.2778813404346259,0.3816103503757884,3118.0,3159.0,3728.5,58.45919441666667,59.28457500000003,70.85762594444446,51.96666666666667,52.65,62.14166666666667,79.82707983333333,81.92578222222221,90.36951019444444
YAW90_LEFT,BUS_A_to_BUS_B,BUS_A,BUS_B,ACC_MAG,ZSCORE,FIVE_PARTITION_UNLABELED_BUDGET,14,5,0.712036404562193,0.7624113475177305,0.8133670313556358,0.6180949306247527,0.6410960061271055,0.7132475801143197,0.6101802396457665,0.6434151995755368,0.7120499172587312,0.4956082313608795,0.5390634954566457,0.6313629198926445,0.4956082313608795,0.5390634954566457,0.6313629198926445,0.4660925394505416,0.7298387687797728,0.7733117926194455,0.4660925394505416,0.7298387687797728,0.7733117926194455,0.9419493926542782,0.9514277072059208,0.9552231836987228,0.9419493926542782,0.9514277072059208,0.9552231836987228,0.5542431146628026,0.673151959116913,0.7411224489649707,6021.5,6440.5,7518.2,112.67047713888884,120.79728791666663,138.44149127777774,100.35833333333332,107.34166666666668,125.30333333333334,155.049714,164.70108680555555,180.24895747222223
YAW90_LEFT,BUS_A_to_BUS_B,BUS_A,BUS_B,ACC_MAG,QUANTILE,FIVE_PARTITION_UNLABELED_BUDGET,14,5,0.6942005297387907,0.7583053378126167,0.7923502053276493,0.6701107165804162,0.7085703460141026,0.7499287205908146,0.6294377805694877,0.6830723845760531,0.7021726899838445,0.5222059447465951,0.5901851696484177,0.6144277870278023,0.5222059447465951,0.5901851696484177,0.6144277870278023,0.532768944935998,0.627736532694127,0.689798525050515,0.532768944935998,0.627736532694127,0.689798525050515,0.952918855346976,0.9607038952406368,0.9634233140170744,0.952918855346976,0.9607038952406368,0.9634233140170744,0.5956243515688444,0.6566739230271093,0.6847931892349463,6021.5,6440.5,7518.2,112.67047713888884,120.79728791666663,138.44149127777774,100.35833333333332,107.34166666666668,125.30333333333334,155.049714,164.70108680555555,180.24895747222223
YAW90_LEFT,BUS_A_to_BUS_B,BUS_A,BUS_B,ACC_MAG,CORAL,FIVE_PARTITION_UNLABELED_BUDGET,14,5,0.5617438244881146,0.6072186836518046,0.6427361475955075,0.4882032814706796,0.5983907645436324,0.6003533709393087,0.4051280505817,0.5330066348628228,0.569857134586285,0.2313743700326954,0.3993552488896249,0.4549206717420883,0.2313743700326954,0.3993552488896249,0.4549206717420883,0.0571600677904842,0.3056551799090423,0.4182471390990931,0.0571600677904842,0.3056551799090423,0.4182471390990931,0.9207604640183172,0.9251751735490648,0.9279791901302747,0.9207604640183172,0.9251751735490648,0.9279791901302747,0.273867230198367,0.4420660528813106,0.5042504435365648,6021.5,6440.5,7518.2,112.67047713888884,120.79728791666663,138.44149127777774,100.35833333333332,107.34166666666668,125.30333333333334,155.049714,164.70108680555555,180.24895747222223
YAW90_LEFT,BUS_A_to_BUS_B,BUS_A,BUS_B,ACC_MAG,ZSCORE,FIVE_PARTITION_UNLABELED_BUDGET,18,5,0.7056825036975156,0.7554140127388536,0.852652898158108,0.615251468422601,0.6356562942615317,0.7473587160499084,0.6148787286021753,0.6370518355163792,0.7592888045890036,0.5036410534834523,0.5330152110112026,0.6958551661026184,0.5036410534834523,0.5330152110112026,0.6958551661026184,0.4156617959994325,0.7419146183699871,0.8467918576444202,0.4156617959994325,0.7419146183699871,0.8467918576444202,0.9425970634545396,0.9491617090319092,0.9535861803840292,0.9425970634545396,0.9491617090319092,0.9535861803840292,0.5351919555610782,0.6789969486578223,0.792264998130568,7973.8,8375.0,9672.4,149.09656916666663,158.7114808333332,178.50561349999998,132.89666666666668,139.58333333333334,161.20666666666668,206.65689111111112,212.34181361111115,235.39408666666668
YAW90_LEFT,BUS_A_to_BUS_B,BUS_A,BUS_B,ACC_MAG,QUANTILE,FIVE_PARTITION_UNLABELED_BUDGET,18,5,0.6766540259931519,0.7745653052972099,0.778621441953643,0.6463698781741681,0.6897576449532244,0.7537574547808424,0.6045934740179967,0.65973648520528,0.7093482493773391,0.4873858352794368,0.5574818614806442,0.6236554236828887,0.4873858352794368,0.5574818614806442,0.6236554236828887,0.4739114318387949,0.6472196900638104,0.6821743815484789,0.4739114318387949,0.6472196900638104,0.6821743815484789,0.9533873335633822,0.9658743233702048,0.9666771396642831,0.9533873335633822,0.9658743233702048,0.9666771396642831,0.552320657146316,0.671520334543547,0.6884043618088821,7973.8,8375.0,9672.4,149.09656916666663,158.7114808333332,178.50561349999998,132.89666666666668,139.58333333333334,161.20666666666668,206.65689111111112,212.34181361111115,235.39408666666668
YAW90_LEFT,BUS_A_to_BUS_B,BUS_A,BUS_B,ACC_MAG,CORAL,FIVE_PARTITION_UNLABELED_BUDGET,18,5,0.5604505322271377,0.6481953290870488,0.6549456976377149,0.4782606294237991,0.6071420116178009,0.6396587754708601,0.4029119087750641,0.583554196465511,0.590757089639993,0.2282309824926153,0.4704954803966068,0.4770036782161383,0.2282309824926153,0.4704954803966068,0.4770036782161383,0.045447377305519,0.3861003861003861,0.4745068696210928,0.045447377305519,0.3861003861003861,0.4745068696210928,0.924089643191843,0.926791277258567,0.9325783460477776,0.924089643191843,0.926791277258567,0.9325783460477776,0.2645743922707821,0.5058267439457556,0.5437553729819151,7973.8,8375.0,9672.4,149.09656916666663,158.7114808333332,178.50561349999998,132.89666666666668,139.58333333333334,161.20666666666668,206.65689111111112,212.34181361111115,235.39408666666668
YAW90_LEFT,BUS_A_to_BUS_B,BUS_A,BUS_B,ACC_GYR,RAW,FIVE_PARTITION_UNLABELED_BUDGET,0,5,0.7979412202582099,0.8180467091295117,0.8434718596179197,0.723515767364304,0.7577587949451378,0.7873774742122377,0.72062614983364,0.753666518828,0.7706652575423463,0.6336996513201054,0.6762745656105281,0.699497670344165,0.6336996513201054,0.6762745656105281,0.699497670344165,0.675581673543377,0.7361455748552522,0.7751697371839094,0.675581673543377,0.7361455748552522,0.7751697371839094,0.9798368032234578,0.984924623115578,0.9861039634336112,0.9798368032234578,0.984924623115578,0.9861039634336112,0.7124434758962499,0.7368129373538086,0.7669129985484602,0.0,0.0,0.0,0.0,0.0,0.0,0.0,0.0,0.0,0.0,0.0,0.0
YAW90_LEFT,BUS_A_to_BUS_B,BUS_A,BUS_B,ACC_GYR,CAUSAL,FIVE_PARTITION_UNLABELED_BUDGET,0,5,0.7161600152871619,0.734946539110861,0.7734718537464689,0.6638589178740929,0.6964844001680586,0.7534981330098084,0.6109535208341238,0.6462959260546066,0.7157558394612046,0.4854390442274368,0.5343469490251898,0.6262220583574409,0.4854390442274368,0.5343469490251898,0.6262220583574409,0.4464504337425498,0.6135093956323007,0.6777635778588307,0.4464504337425498,0.6135093956323007,0.6777635778588307,0.9819307770614184,0.9865707434052756,0.9886153054847489,0.9819307770614184,0.9865707434052756,0.9886153054847489,0.549544189683193,0.6331813138856842,0.700558934820255,0.0,0.0,0.0,0.0,0.0,0.0,0.0,0.0,0.0,0.0,0.0,0.0
YAW90_LEFT,BUS_A_to_BUS_B,BUS_A,BUS_B,ACC_GYR,ZSCORE,FIVE_PARTITION_UNLABELED_BUDGET,1,5,0.597392214985776,0.610846650799048,0.6456997310407421,0.533766494200687,0.5418596368093652,0.5757720128145305,0.447673722760353,0.4627534270928492,0.4785014641349959,0.2703497604001322,0.2931024480023287,0.3102627038020926,0.2703497604001322,0.2931024480023287,0.3102627038020926,0.0556627059256193,0.0853739245532759,0.099295018953067,0.0556627059256193,0.0853739245532759,0.099295018953067,0.9749808918273132,0.9799742519889048,0.9834472952913912,0.9749808918273132,0.9799742519889048,0.9834472952913912,0.2957589620782117,0.3146558928896892,0.3306541071748527,695.0,736.5,741.9,13.20090777777778,13.435447222222225,13.907681055555557,11.583333333333334,12.275,12.365,14.883189722222223,15.772793472222222,17.122592805555552
YAW90_LEFT,BUS_A_to_BUS_B,BUS_A,BUS_B,ACC_GYR,QUANTILE,FIVE_PARTITION_UNLABELED_BUDGET,1,5,0.5681984742007049,0.5950262838657501,0.619197628167179,0.5279166864512042,0.5547670326202445,0.6133417268074629,0.4688573475759505,0.4841982053699585,0.5368168696773143,0.3152302667413327,0.3289782945129028,0.401012745426118,0.3152302667413327,0.3289782945129028,0.401012745426118,0.3071227728906763,0.323789657069503,0.3887928626279431,0.3071227728906763,0.323789657069503,0.3887928626279431,0.912331045263852,0.943740551776266,0.9467515984648506,0.912331045263852,0.943740551776266,0.9467515984648506,0.40132376286068,0.4346537252635305,0.4757036575845721,695.0,736.5,741.9,13.20090777777778,13.435447222222225,13.907681055555557,11.583333333333334,12.275,12.365,14.883189722222223,15.772793472222222,17.122592805555552
YAW90_LEFT,BUS_A_to_BUS_B,BUS_A,BUS_B,ACC_GYR,CORAL,FIVE_PARTITION_UNLABELED_BUDGET,1,5,0.492876947010251,0.5005627462014631,0.5098021090623747,0.4213851978103653,0.430484459583477,0.471001254842717,0.3620373898190568,0.3791013548124473,0.3996449781046214,0.1993856433757426,0.2234321937935249,0.2347957576645288,0.1993856433757426,0.2234321937935249,0.2347957576645288,0.0090084455664361,0.0775988454666239,0.0834375135538377,0.0090084455664361,0.0775988454666239,0.0834375135538377,0.8613112378566342,0.8974964985994398,0.9029584828934828,0.8613112378566342,0.8974964985994398,0.9029584828934828,0.2277511119487623,0.2481326866108774,0.2632985634086515,695.0,736.5,741.9,13.20090777777778,13.435447222222225,13.907681055555557,11.583333333333334,12.275,12.365,14.883189722222223,15.772793472222222,17.122592805555552
YAW90_LEFT,BUS_A_to_BUS_B,BUS_A,BUS_B,ACC_GYR,ZSCORE,FIVE_PARTITION_UNLABELED_BUDGET,3,5,0.6027050463792158,0.671262427311949,0.753970503686926,0.5161625334914475,0.5429121640455136,0.6164147566440525,0.4319425371577757,0.4660152292193047,0.5960558576648962,0.252666682880953,0.2983932134633236,0.4699463056298237,0.252666682880953,0.2983932134633236,0.4699463056298237,0.0126192223037417,0.1229963828131296,0.5439841559881037,0.0126192223037417,0.1229963828131296,0.5439841559881037,0.9683563035963544,0.9761377498241496,0.9798379782916672,0.9683563035963544,0.9761377498241496,0.9798379782916672,0.2631801521405884,0.3288076906568347,0.5762845380168222,1141.3,1361.0,1807.5,21.268327805555558,24.758099861111116,32.869359916666674,19.02166666666667,22.683333333333334,30.125,34.82972738888889,38.08004055555556,40.22354008333333
YAW90_LEFT,BUS_A_to_BUS_B,BUS_A,BUS_B,ACC_GYR,QUANTILE,FIVE_PARTITION_UNLABELED_BUDGET,3,5,0.6638235514164614,0.6806510311362717,0.7426113460912072,0.6250271353399377,0.6533833239583999,0.7469221613567787,0.5456542265662183,0.5883714151122547,0.6847024191681098,0.4208305065695999,0.4676980999584923,0.5900884623849436,0.4208305065695999,0.4676980999584923,0.5900884623849436,0.4548649366502193,0.5516210969947625,0.6081382232213136,0.4548649366502193,0.5516210969947625,0.6081382232213136,0.926564094609803,0.9519669226008208,0.9657493951845472,0.926564094609803,0.9519669226008208,0.9657493951845472,0.5053892520582796,0.57458031577391,0.6503843177985709,1141.3,1361.0,1807.5,21.268327805555558,24.758099861111116,32.869359916666674,19.02166666666667,22.683333333333334,30.125,34.82972738888889,38.08004055555556,40.22354008333333
YAW90_LEFT,BUS_A_to_BUS_B,BUS_A,BUS_B,ACC_GYR,CORAL,FIVE_PARTITION_UNLABELED_BUDGET,3,5,0.5690981537676729,0.5763243024666398,0.6195453907841837,0.5066370645506457,0.52799686518688,0.5580878685967698,0.4323273686009451,0.4507920471364001,0.5224157632364992,0.2715310983132774,0.299904466418159,0.3904448264234018,0.2715310983132774,0.299904466418159,0.3904448264234018,0.1450994916364958,0.2689132651079045,0.3634441098928161,0.1450994916364958,0.2689132651079045,0.3634441098928161,0.9051464224203885,0.9126028496889425,0.9289474044530658,0.9051464224203885,0.9126028496889425,0.9289474044530658,0.3133596549469127,0.4013082328536214,0.4552265357234581,1141.3,1361.0,1807.5,21.268327805555558,24.758099861111116,32.869359916666674,19.02166666666667,22.683333333333334,30.125,34.82972738888889,38.08004055555556,40.22354008333333
YAW90_LEFT,BUS_A_to_BUS_B,BUS_A,BUS_B,ACC_GYR,ZSCORE,FIVE_PARTITION_UNLABELED_BUDGET,7,5,0.7330359328838566,0.7872819358469331,0.8067383967657495,0.6137711412361915,0.6714565300394988,0.702929356331646,0.6017250421973094,0.6728949414610517,0.6805879180064135,0.482251590806979,0.5720981498475973,0.5807634703260329,0.482251590806979,0.5720981498475973,0.5807634703260329,0.5823400841139246,0.7638787657443994,0.8017847532140929,0.5823400841139246,0.7638787657443994,0.8017847532140929,0.9638279765004928,0.976861149434224,0.979590516718711,0.9638279765004928,0.976861149434224,0.979590516718711,0.5939710589639554,0.7069370993514181,0.7281504239528211,3118.0,3159.0,3728.5,58.45919441666667,59.28457500000003,70.85762594444446,51.96666666666667,52.65,62.14166666666667,79.82707983333333,81.92578222222221,90.36951019444444
YAW90_LEFT,BUS_A_to_BUS_B,BUS_A,BUS_B,ACC_GYR,QUANTILE,FIVE_PARTITION_UNLABELED_BUDGET,7,5,0.732780753953875,0.7502123142250531,0.7602588334839111,0.7083175498084913,0.7268411146263764,0.7518147215452717,0.6560708623704684,0.6828512577270377,0.6991218271502084,0.5513148359106727,0.5911307901905508,0.6115316167407902,0.5513148359106727,0.5911307901905508,0.6115316167407902,0.6274566251205208,0.6803050297993969,0.7328039958224815,0.6274566251205208,0.6803050297993969,0.7328039958224815,0.9619049735192702,0.9664523498093256,0.9733162311030824,0.9619049735192702,0.9664523498093256,0.9733162311030824,0.6621160594406977,0.6860459497054854,0.6924416647027568,3118.0,3159.0,3728.5,58.45919441666667,59.28457500000003,70.85762594444446,51.96666666666667,52.65,62.14166666666667,79.82707983333333,81.92578222222221,90.36951019444444
YAW90_LEFT,BUS_A_to_BUS_B,BUS_A,BUS_B,ACC_GYR,CORAL,FIVE_PARTITION_UNLABELED_BUDGET,7,5,0.6045072420751828,0.6464820056611403,0.6704028772511913,0.5665626457652202,0.5937742814868631,0.6156207511090351,0.5078801989990985,0.5255904456033194,0.58621763695799,0.367945765519469,0.3927563199376641,0.4693427567496908,0.367945765519469,0.3927563199376641,0.4693427567496908,0.3724788799560435,0.4614080675612578,0.5058418782117291,0.3724788799560435,0.4614080675612578,0.5058418782117291,0.9242603054052784,0.9296910028900952,0.9365977155471308,0.9242603054052784,0.9296910028900952,0.9365977155471308,0.4607022047243905,0.4899747072444708,0.5560893406874134,3118.0,3159.0,3728.5,58.45919441666667,59.28457500000003,70.85762594444446,51.96666666666667,52.65,62.14166666666667,79.82707983333333,81.92578222222221,90.36951019444444
YAW90_LEFT,BUS_A_to_BUS_B,BUS_A,BUS_B,ACC_GYR,ZSCORE,FIVE_PARTITION_UNLABELED_BUDGET,14,5,0.7920894049733359,0.8044882692961578,0.8238425871670655,0.6675952491478845,0.70129464204835,0.7096912003346918,0.663481327238665,0.6965908849891955,0.7075031147546507,0.5605235665139361,0.6028002986506208,0.6216555062034149,0.5605235665139361,0.6028002986506208,0.6216555062034149,0.7321373671608176,0.7452970287700096,0.792083589533586,0.7321373671608176,0.7452970287700096,0.792083589533586,0.9628073290479364,0.9662014956424624,0.9778055212545136,0.9628073290479364,0.9662014956424624,0.9778055212545136,0.6968494639700353,0.7308380385025841,0.7386400779689161,6021.5,6440.5,7518.2,112.67047713888884,120.79728791666663,138.44149127777774,100.35833333333332,107.34166666666668,125.30333333333334,155.049714,164.70108680555555,180.24895747222223
YAW90_LEFT,BUS_A_to_BUS_B,BUS_A,BUS_B,ACC_GYR,QUANTILE,FIVE_PARTITION_UNLABELED_BUDGET,14,5,0.7502690423035498,0.7618645657475145,0.801625182023659,0.7387064022735021,0.7510524068339155,0.7701628618682269,0.6847780112021978,0.7111876293470296,0.7200702866600179,0.5893560898050655,0.625271579738919,0.6360880125946536,0.5893560898050655,0.625271579738919,0.6360880125946536,0.640688307897178,0.7116087257410039,0.7942089210886849,0.640688307897178,0.7116087257410039,0.7942089210886849,0.9680945408645713,0.9709116390804158,0.9757748025487498,0.9680945408645713,0.9709116390804158,0.9757748025487498,0.6716400989569267,0.7071170726989501,0.7442484954359248,6021.5,6440.5,7518.2,112.67047713888884,120.79728791666663,138.44149127777774,100.35833333333332,107.34166666666668,125.30333333333334,155.049714,164.70108680555555,180.24895747222223
YAW90_LEFT,BUS_A_to_BUS_B,BUS_A,BUS_B,ACC_GYR,CORAL,FIVE_PARTITION_UNLABELED_BUDGET,14,5,0.6547602678075354,0.6793368378487668,0.6853033220209773,0.6010026854645493,0.617988253917015,0.6415700241878243,0.5635100657627679,0.5733908275976233,0.6038829038229243,0.4429442548398427,0.4536436168409634,0.4932439414548172,0.4429442548398427,0.4536436168409634,0.4932439414548172,0.5105252906704054,0.5474719476823087,0.5788883274831649,0.5105252906704054,0.5474719476823087,0.5788883274831649,0.9265471367824688,0.930378469385249,0.938820427253318,0.9265471367824688,0.930378469385249,0.938820427253318,0.5551754020695622,0.5606920322448785,0.5866405380653382,6021.5,6440.5,7518.2,112.67047713888884,120.79728791666663,138.44149127777774,100.35833333333332,107.34166666666668,125.30333333333334,155.049714,164.70108680555555,180.24895747222223
YAW90_LEFT,BUS_A_to_BUS_B,BUS_A,BUS_B,ACC_GYR,ZSCORE,FIVE_PARTITION_UNLABELED_BUDGET,18,5,0.8040192770855177,0.8120427687113112,0.8570374254804661,0.6772860009259293,0.7273926565074651,0.7628852572239041,0.6816393655651412,0.70650271916274,0.7822143744537906,0.5847698815302277,0.617085120509004,0.7204508933715371,0.5847698815302277,0.617085120509004,0.7204508933715371,0.7317467679285755,0.7682291666666666,0.837304589508557,0.7317467679285755,0.7682291666666666,0.837304589508557,0.9650725342869144,0.96938294865756,0.9758900621915688,0.9650725342869144,0.96938294865756,0.9758900621915688,0.7029641157929853,0.750453696218836,0.7952645119714166,7973.8,8375.0,9672.4,149.09656916666663,158.7114808333332,178.50561349999998,132.89666666666668,139.58333333333334,161.20666666666668,206.65689111111112,212.34181361111115,235.39408666666668
YAW90_LEFT,BUS_A_to_BUS_B,BUS_A,BUS_B,ACC_GYR,QUANTILE,FIVE_PARTITION_UNLABELED_BUDGET,18,5,0.7539065579655875,0.7831551303695367,0.79715650549223,0.7468988613938492,0.770345780984788,0.7744541792219043,0.6837615283709227,0.7145774391223492,0.7373648737021087,0.5861006424790598,0.6272102173372617,0.6601990228756918,0.5861006424790598,0.6272102173372617,0.6601990228756918,0.6486395870467364,0.7380448582310623,0.7815878121400474,0.6486395870467364,0.7380448582310623,0.7815878121400474,0.968168688855538,0.9748261807719972,0.9784443581660148,0.968168688855538,0.9748261807719972,0.9784443581660148,0.673038043739221,0.7308599343051765,0.7453324629195348,7973.8,8375.0,9672.4,149.09656916666663,158.7114808333332,178.50561349999998,132.89666666666668,139.58333333333334,161.20666666666668,206.65689111111112,212.34181361111115,235.39408666666668
YAW90_LEFT,BUS_A_to_BUS_B,BUS_A,BUS_B,ACC_GYR,CORAL,FIVE_PARTITION_UNLABELED_BUDGET,18,5,0.6480198008593595,0.6685774946921443,0.691147421199427,0.5751484335900532,0.63172915382477,0.6501242416887429,0.5377733602546602,0.5962388581957258,0.6026222786719059,0.4088697951004376,0.4810493259003706,0.4922935913073919,0.4088697951004376,0.4810493259003706,0.4922935913073919,0.4676215209246601,0.4907718120805369,0.6301971950852239,0.4676215209246601,0.4907718120805369,0.6301971950852239,0.9244788925647554,0.9291200351108184,0.9397246908631548,0.9244788925647554,0.9291200351108184,0.9397246908631548,0.5128095533297765,0.5507526173427701,0.6115686617302674,7973.8,8375.0,9672.4,149.09656916666663,158.7114808333332,178.50561349999998,132.89666666666668,139.58333333333334,161.20666666666668,206.65689111111112,212.34181361111115,235.39408666666668
YAW90_LEFT,BUS_A_to_BUS_B,BUS_A,BUS_B,ACC_MAG_GYR,RAW,FIVE_PARTITION_UNLABELED_BUDGET,0,5,0.8077616184382899,0.8524311458687521,0.876109091298005,0.7418119594320451,0.7744630740973465,0.8419044776931037,0.7341299997843798,0.7478310425587966,0.8359827526382182,0.6503771686794746,0.6694271396206294,0.7876982433761638,0.6503771686794746,0.6694271396206294,0.7876982433761638,0.6804654214486975,0.7742424242424243,0.8286335918536498,0.6804654214486975,0.7742424242424243,0.8286335918536498,0.98063657166632,0.9830427513732984,0.9853884930990954,0.98063657166632,0.9830427513732984,0.9853884930990954,0.7126641684501069,0.7641121593698644,0.8307564626693441,0.0,0.0,0.0,0.0,0.0,0.0,0.0,0.0,0.0,0.0,0.0,0.0
YAW90_LEFT,BUS_A_to_BUS_B,BUS_A,BUS_B,ACC_MAG_GYR,CAUSAL,FIVE_PARTITION_UNLABELED_BUDGET,0,5,0.7360552420791808,0.7532908704883228,0.7744251081626518,0.6850686002416707,0.7170393675866347,0.7557261321905997,0.6313730150393289,0.680782374852685,0.7144305533054933,0.5124281611253921,0.5798785630773077,0.624305205835755,0.5124281611253921,0.5798785630773077,0.624305205835755,0.4138803008022189,0.5627258647392875,0.5883764151752381,0.4138803008022189,0.5627258647392875,0.5883764151752381,0.982695978292692,0.9872871192132406,0.9892610993733348,0.982695978292692,0.9872871192132406,0.9892610993733348,0.5498050507294184,0.633559770807326,0.6640088980533912,0.0,0.0,0.0,0.0,0.0,0.0,0.0,0.0,0.0,0.0,0.0,0.0
YAW90_LEFT,BUS_A_to_BUS_B,BUS_A,BUS_B,ACC_MAG_GYR,ZSCORE,FIVE_PARTITION_UNLABELED_BUDGET,1,5,0.5930933830593338,0.615776946616797,0.6323730517879848,0.5405560004733244,0.5590219985832693,0.5858134598487965,0.4587539927781337,0.4826709034372105,0.5259924663317077,0.284628644435501,0.3207946045857386,0.3743293078303777,0.284628644435501,0.3207946045857386,0.3743293078303777,0.0733399155450584,0.0904658621963388,0.1276495641320147,0.0733399155450584,0.0904658621963388,0.1276495641320147,0.9752956037088588,0.9797371371725276,0.983564535681374,0.9752956037088588,0.9797371371725276,0.983564535681374,0.3129018056422169,0.3290877826355759,0.357649153638084,695.0,736.5,741.9,13.20090777777778,13.435447222222225,13.907681055555557,11.583333333333334,12.275,12.365,14.883189722222223,15.772793472222222,17.122592805555552
YAW90_LEFT,BUS_A_to_BUS_B,BUS_A,BUS_B,ACC_MAG_GYR,QUANTILE,FIVE_PARTITION_UNLABELED_BUDGET,1,5,0.6435498543505528,0.6646970549615456,0.6705587770129963,0.5701659307560156,0.595893958179532,0.6135909711639338,0.5251306422849894,0.5652888078320434,0.5797069047334704,0.3914394173417192,0.4342494547765162,0.4570391606377313,0.3914394173417192,0.4342494547765162,0.4570391606377313,0.3173697207257256,0.4498676116040251,0.5316474985597766,0.3173697207257256,0.4498676116040251,0.5316474985597766,0.9069753410808008,0.940672240551068,0.9439580520900444,0.9069753410808008,0.940672240551068,0.9439580520900444,0.4490741403893775,0.5075491939774304,0.5548108631037397,695.0,736.5,741.9,13.20090777777778,13.435447222222225,13.907681055555557,11.583333333333334,12.275,12.365,14.883189722222223,15.772793472222222,17.122592805555552
YAW90_LEFT,BUS_A_to_BUS_B,BUS_A,BUS_B,ACC_MAG_GYR,CORAL,FIVE_PARTITION_UNLABELED_BUDGET,1,5,0.3530690695176698,0.3652482269503546,0.3892418017037503,0.2883303103419701,0.3393529110620994,0.3750320397331481,0.2231322242723855,0.2555901828380691,0.2910212898372532,0.1121300594379252,0.1658450518373503,0.2008219774877585,0.1121300594379252,0.1658450518373503,0.2008219774877585,0.0,0.0006729475100942,0.0121564702919877,0.0,0.0006729475100942,0.0121564702919877,0.560779792578394,0.5720452811584607,0.5837918869866708,0.560779792578394,0.5720452811584607,0.5837918869866708,0.135714290962283,0.1533541097028414,0.189767348643586,695.0,736.5,741.9,13.20090777777778,13.435447222222225,13.907681055555557,11.583333333333334,12.275,12.365,14.883189722222223,15.772793472222222,17.122592805555552
YAW90_LEFT,BUS_A_to_BUS_B,BUS_A,BUS_B,ACC_MAG_GYR,ZSCORE,FIVE_PARTITION_UNLABELED_BUDGET,3,5,0.6024235224814125,0.6812243374393431,0.7168541463335822,0.5009866665733631,0.5185710294898042,0.5987791128139229,0.4269232530586883,0.4475874618361723,0.5389006011521957,0.2468869396717446,0.2707730807860994,0.391932935850257,0.2468869396717446,0.2707730807860994,0.391932935850257,0.0197930262601747,0.1109769981950293,0.2741168106849911,0.0197930262601747,0.1109769981950293,0.2741168106849911,0.9676616321807172,0.9734675018937192,0.9800880005699364,0.9676616321807172,0.9734675018937192,0.9800880005699364,0.2688546828219874,0.3078737072767803,0.4324311754140266,1141.3,1361.0,1807.5,21.268327805555558,24.758099861111116,32.869359916666674,19.02166666666667,22.683333333333334,30.125,34.82972738888889,38.08004055555556,40.22354008333333
YAW90_LEFT,BUS_A_to_BUS_B,BUS_A,BUS_B,ACC_MAG_GYR,QUANTILE,FIVE_PARTITION_UNLABELED_BUDGET,3,5,0.6616582106127339,0.702870005627462,0.7184421651771385,0.5998961301043405,0.6582536934062226,0.7126380464469912,0.5577422575944289,0.6342813355088934,0.6575642214286612,0.4436082032480374,0.543099234989705,0.5542215963442941,0.4436082032480374,0.543099234989705,0.5542215963442941,0.3151430826909518,0.4813558926718032,0.5381891047885866,0.3151430826909518,0.4813558926718032,0.5381891047885866,0.9255926608772612,0.9490325361860696,0.963892186525384,0.9255926608772612,0.9490325361860696,0.963892186525384,0.4783519316467259,0.5615753545151687,0.6045648537911534,1141.3,1361.0,1807.5,21.268327805555558,24.758099861111116,32.869359916666674,19.02166666666667,22.683333333333334,30.125,34.82972738888889,38.08004055555556,40.22354008333333
YAW90_LEFT,BUS_A_to_BUS_B,BUS_A,BUS_B,ACC_MAG_GYR,CORAL,FIVE_PARTITION_UNLABELED_BUDGET,3,5,0.4566379319614752,0.4620905782450465,0.4946472107475384,0.3842584639235994,0.4072037231879585,0.4240803591353429,0.3167266886081134,0.3569117539775773,0.3798728514657288,0.1620873325500217,0.2086223495380837,0.2343572741479,0.1620873325500217,0.2086223495380837,0.2343572741479,0.008569687268031,0.0145139355127476,0.0436345939106467,0.008569687268031,0.0145139355127476,0.0436345939106467,0.7290841970900517,0.809916933521295,0.8164053191489348,0.7290841970900517,0.809916933521295,0.8164053191489348,0.1928006795686674,0.2215154123415931,0.2660403675912832,1141.3,1361.0,1807.5,21.268327805555558,24.758099861111116,32.869359916666674,19.02166666666667,22.683333333333334,30.125,34.82972738888889,38.08004055555556,40.22354008333333
YAW90_LEFT,BUS_A_to_BUS_B,BUS_A,BUS_B,ACC_MAG_GYR,ZSCORE,FIVE_PARTITION_UNLABELED_BUDGET,7,5,0.6544542600369185,0.75,0.8144352023804187,0.5358271093147691,0.6477455527569218,0.7125859028624263,0.4924924374913196,0.6461591759296528,0.6985218320403498,0.3370861055923965,0.5355489078303485,0.6068727046671152,0.3370861055923965,0.5355489078303485,0.6068727046671152,0.290201743486981,0.6746301061434545,0.7915625864617312,0.290201743486981,0.6746301061434545,0.7915625864617312,0.960516261316321,0.9753155910634212,0.9781682733599376,0.960516261316321,0.9753155910634212,0.9781682733599376,0.410875675496953,0.656914001722027,0.7403430877913147,3118.0,3159.0,3728.5,58.45919441666667,59.28457500000003,70.85762594444446,51.96666666666667,52.65,62.14166666666667,79.82707983333333,81.92578222222221,90.36951019444444
YAW90_LEFT,BUS_A_to_BUS_B,BUS_A,BUS_B,ACC_MAG_GYR,QUANTILE,FIVE_PARTITION_UNLABELED_BUDGET,7,5,0.7501344993650787,0.774822695035461,0.7830528742495484,0.6952409464349196,0.734726810979704,0.7688055812153235,0.6690175689196963,0.7018513824040523,0.7200815540964668,0.5718015896651069,0.6141468027893993,0.6437178403123516,0.5718015896651069,0.6141468027893993,0.6437178403123516,0.6541039478641103,0.6834766643678896,0.6957068490701219,0.6541039478641103,0.6834766643678896,0.6957068490701219,0.9618964010708704,0.9649641049884004,0.971734659579059,0.9618964010708704,0.9649641049884004,0.971734659579059,0.6579747903713826,0.6969671026151408,0.716783466699965,3118.0,3159.0,3728.5,58.45919441666667,59.28457500000003,70.85762594444446,51.96666666666667,52.65,62.14166666666667,79.82707983333333,81.92578222222221,90.36951019444444
YAW90_LEFT,BUS_A_to_BUS_B,BUS_A,BUS_B,ACC_MAG_GYR,CORAL,FIVE_PARTITION_UNLABELED_BUDGET,7,5,0.5635285359337493,0.5771762208067941,0.5963056310540117,0.4766378933693231,0.5018489573544734,0.5182399306876878,0.4123241303378777,0.4572731306906543,0.4997607051705434,0.2506487494728408,0.3148789856338441,0.363179597005024,0.2506487494728408,0.3148789856338441,0.363179597005024,0.0361993768740968,0.2696629092699413,0.3888199733851581,0.0361993768740968,0.2696629092699413,0.3888199733851581,0.8680018323282164,0.9103610755068748,0.9186732788381168,0.8680018323282164,0.9103610755068748,0.9186732788381168,0.264228301255083,0.3951061399371487,0.4635430413109144,3118.0,3159.0,3728.5,58.45919441666667,59.28457500000003,70.85762594444446,51.96666666666667,52.65,62.14166666666667,79.82707983333333,81.92578222222221,90.36951019444444
YAW90_LEFT,BUS_A_to_BUS_B,BUS_A,BUS_B,ACC_MAG_GYR,ZSCORE,FIVE_PARTITION_UNLABELED_BUDGET,14,5,0.7441943934895118,0.7845278088839118,0.8376614197542803,0.6215934994722114,0.6633362942221677,0.732564028478639,0.6079100522658103,0.6663767534940593,0.723545292752012,0.4904240097333616,0.5627722203601817,0.6398841781453547,0.4904240097333616,0.5627722203601817,0.6398841781453547,0.6394110495475145,0.7398289572882317,0.8289850386193064,0.6394110495475145,0.7398289572882317,0.8289850386193064,0.9605728849243708,0.9627040198322534,0.9761572770740112,0.9605728849243708,0.9627040198322534,0.9761572770740112,0.6243558727785471,0.6879742537049678,0.765782117647354,6021.5,6440.5,7518.2,112.67047713888884,120.79728791666663,138.44149127777774,100.35833333333332,107.34166666666668,125.30333333333334,155.049714,164.70108680555555,180.24895747222223
YAW90_LEFT,BUS_A_to_BUS_B,BUS_A,BUS_B,ACC_MAG_GYR,QUANTILE,FIVE_PARTITION_UNLABELED_BUDGET,14,5,0.7639995244734858,0.7772866371982319,0.8031018387913845,0.7216193733878726,0.743074011637959,0.7856553380079206,0.6937398468782813,0.704593416054087,0.7348927483317705,0.6005017761559389,0.6169308472536108,0.6579984599289069,0.6005017761559389,0.6169308472536108,0.6579984599289069,0.7223199564994291,0.7437792538296581,0.7757688666139128,0.7223199564994291,0.7437792538296581,0.7757688666139128,0.9656398343250076,0.9693451212109612,0.9754264853792698,0.9656398343250076,0.9693451212109612,0.9754264853792698,0.7106243944938327,0.7178421781424217,0.7491068588128925,6021.5,6440.5,7518.2,112.67047713888884,120.79728791666663,138.44149127777774,100.35833333333332,107.34166666666668,125.30333333333334,155.049714,164.70108680555555,180.24895747222223
YAW90_LEFT,BUS_A_to_BUS_B,BUS_A,BUS_B,ACC_MAG_GYR,CORAL,FIVE_PARTITION_UNLABELED_BUDGET,14,5,0.573925849939049,0.6173070384223054,0.6441620720727146,0.4795669564390655,0.5474412586745593,0.607274859256589,0.4233067288416955,0.5136082611976034,0.5658105767529961,0.2523906988709771,0.3731001230889689,0.4429201361070114,0.2523906988709771,0.3731001230889689,0.4429201361070114,0.0863585170334534,0.3163187147510137,0.4140806297989692,0.0863585170334534,0.3163187147510137,0.4140806297989692,0.9239572755574956,0.9332153645711952,0.9430191530088984,0.9239572755574956,0.9332153645711952,0.9430191530088984,0.2951746690896406,0.4386268466844842,0.493898396064063,6021.5,6440.5,7518.2,112.67047713888884,120.79728791666663,138.44149127777774,100.35833333333332,107.34166666666668,125.30333333333334,155.049714,164.70108680555555,180.24895747222223
YAW90_LEFT,BUS_A_to_BUS_B,BUS_A,BUS_B,ACC_MAG_GYR,ZSCORE,FIVE_PARTITION_UNLABELED_BUDGET,18,5,0.7632257465123159,0.783651804670913,0.8783994053807761,0.6413171651443563,0.6766445642736122,0.7573964497857574,0.6429475475504158,0.6854541185742498,0.774623324204975,0.5341651421552718,0.5933714488791416,0.7096743634358608,0.5341651421552718,0.5933714488791416,0.7096743634358608,0.6161309162791743,0.7661990647962592,0.8647672479251427,0.6161309162791743,0.7661990647962592,0.8647672479251427,0.9626454192569244,0.9675599435825106,0.9726048614374804,0.9626454192569244,0.9675599435825106,0.9726048614374804,0.6372725622681825,0.7051229289973953,0.8106808936930421,7973.8,8375.0,9672.4,149.09656916666663,158.7114808333332,178.50561349999998,132.89666666666668,139.58333333333334,161.20666666666668,206.65689111111112,212.34181361111115,235.39408666666668
YAW90_LEFT,BUS_A_to_BUS_B,BUS_A,BUS_B,ACC_MAG_GYR,QUANTILE,FIVE_PARTITION_UNLABELED_BUDGET,18,5,0.7740070516519768,0.7951880307319046,0.809485617289333,0.7340095725526754,0.7612015363248782,0.7885152753631394,0.6976457785029289,0.7153105705214927,0.7491835922055191,0.60497613607729,0.6308286236373059,0.6748451261383409,0.60497613607729,0.6308286236373059,0.6748451261383409,0.7212650580449148,0.739697443922796,0.8105000830702775,0.7212650580449148,0.739697443922796,0.8105000830702775,0.966257348428774,0.9740758521363418,0.9774880240471168,0.966257348428774,0.9740758521363418,0.9774880240471168,0.710222242353646,0.7225486926937443,0.772193503316479,7973.8,8375.0,9672.4,149.09656916666663,158.7114808333332,178.50561349999998,132.89666666666668,139.58333333333334,161.20666666666668,206.65689111111112,212.34181361111115,235.39408666666668
YAW90_LEFT,BUS_A_to_BUS_B,BUS_A,BUS_B,ACC_MAG_GYR,CORAL,FIVE_PARTITION_UNLABELED_BUDGET,18,5,0.5691288836812619,0.5936972425436128,0.6634736794554484,0.4800564191420705,0.522036413000412,0.6501827071007609,0.4303145396522642,0.4460110256085078,0.5958075808439931,0.2608669865102774,0.2854851873140883,0.4794018914438054,0.2608669865102774,0.2854851873140883,0.4794018914438054,0.0419540562151834,0.1976744186046511,0.4820680459374596,0.0419540562151834,0.1976744186046511,0.4820680459374596,0.9282834248637032,0.940677966101695,0.9467047282769324,0.9282834248637032,0.940677966101695,0.9467047282769324,0.2841260368212211,0.3314168985673164,0.5503117668813797,7973.8,8375.0,9672.4,149.09656916666663,158.7114808333332,178.50561349999998,132.89666666666668,139.58333333333334,161.20666666666668,206.65689111111112,212.34181361111115,235.39408666666668
YAW90_LEFT,BUS_B_to_BUS_A,BUS_B,BUS_A,ACC,RAW,FIVE_PARTITION_UNLABELED_BUDGET,0,5,0.7021610845105564,0.7212011390111313,0.7736742582902488,0.5456822393754414,0.5895960101409914,0.6012291576452964,0.5226263617716055,0.5526861727499196,0.5702647321624159,0.364812540414123,0.4048233589477374,0.4287048854549767,0.364812540414123,0.4048233589477374,0.4287048854549767,0.0029906542056074,0.0097799511002444,0.1010896369788381,0.0029906542056074,0.0097799511002444,0.1010896369788381,0.9932517177055008,0.9962746141564662,0.9978442297586652,0.9932517177055008,0.9962746141564662,0.9978442297586652,0.3159230053270219,0.3392542925282437,0.3778384662937696,0.0,0.0,0.0,0.0,0.0,0.0,0.0,0.0,0.0,0.0,0.0,0.0
YAW90_LEFT,BUS_B_to_BUS_A,BUS_B,BUS_A,ACC,CAUSAL,FIVE_PARTITION_UNLABELED_BUDGET,0,5,0.7211676468608045,0.7240486668392441,0.7754115168451522,0.5578324290130728,0.6003306607104212,0.6100187468183214,0.5396160700505637,0.5599088848803028,0.5722989430810052,0.3871329418293839,0.4152105140620337,0.4317543655830279,0.3871329418293839,0.4152105140620337,0.4317543655830279,0.00916500853475,0.0223214285714285,0.0813270210689892,0.00916500853475,0.0223214285714285,0.0813270210689892,0.9927275128251892,0.9962746141564662,0.9973623707353084,0.9927275128251892,0.9962746141564662,0.9973623707353084,0.3361429082840895,0.3449954495853267,0.3651026584253753,0.0,0.0,0.0,0.0,0.0,0.0,0.0,0.0,0.0,0.0,0.0,0.0
YAW90_LEFT,BUS_B_to_BUS_A,BUS_B,BUS_A,ACC,ZSCORE,FIVE_PARTITION_UNLABELED_BUDGET,1,5,0.5606822284469344,0.6044233488184205,0.6896078896371662,0.4560067904542447,0.4670881929984701,0.4881977375493363,0.3480607262462226,0.3720946598433068,0.4143945610166451,0.1624248156095008,0.1889783122232604,0.2613328978215875,0.1624248156095008,0.1889783122232604,0.2613328978215875,0.0,0.0,0.0,0.0,0.0,0.0,0.8827589663882731,0.92883751826757,0.9639592654703384,0.8827589663882731,0.92883751826757,0.9639592654703384,0.2088364357477335,0.223256795905984,0.248636736609987,244.7,367.0,547.4,5.640714805555555,7.4070775,10.743072916666668,4.078333333333333,6.116666666666667,9.123333333333331,17.328113722222223,17.883746944444447,18.39658675
YAW90_LEFT,BUS_B_to_BUS_A,BUS_B,BUS_A,ACC,QUANTILE,FIVE_PARTITION_UNLABELED_BUDGET,1,5,0.4969003053453253,0.5617724867724867,0.6800749009217533,0.4095283333731367,0.4455046444747211,0.5422253710031183,0.3973034411943386,0.4260791638674068,0.5093679398224388,0.2797909268418704,0.3058430884142875,0.3847599899957055,0.2797909268418704,0.3058430884142875,0.3847599899957055,0.0100611953975501,0.0282073971478403,0.0783268173649857,0.0100611953975501,0.0282073971478403,0.0783268173649857,0.753389465291711,0.7648508723063727,0.8900253750057343,0.753389465291711,0.7648508723063727,0.8900253750057343,0.2628345115683976,0.2828054711663766,0.3348216320594319,244.7,367.0,547.4,5.640714805555555,7.4070775,10.743072916666668,4.078333333333333,6.116666666666667,9.123333333333331,17.328113722222223,17.883746944444447,18.39658675
YAW90_LEFT,BUS_B_to_BUS_A,BUS_B,BUS_A,ACC,CORAL,FIVE_PARTITION_UNLABELED_BUDGET,1,5,0.2986031746031746,0.3838618460916986,0.4951030708419532,0.3084649832695317,0.3107376161017389,0.386244255848839,0.2223829926171977,0.2716700890361129,0.3509736093303582,0.1586402035190288,0.1794716937958048,0.2288759761659342,0.1586402035190288,0.1794716937958048,0.2288759761659342,0.0,0.0,0.0,0.0,0.0,0.0,0.4052776604133601,0.6093606422365186,0.6860579771901357,0.4052776604133601,0.6093606422365186,0.6860579771901357,0.1334297955703186,0.1639800485316921,0.2105841655982149,244.7,367.0,547.4,5.640714805555555,7.4070775,10.743072916666668,4.078333333333333,6.116666666666667,9.123333333333331,17.328113722222223,17.883746944444447,18.39658675
YAW90_LEFT,BUS_B_to_BUS_A,BUS_B,BUS_A,ACC,ZSCORE,FIVE_PARTITION_UNLABELED_BUDGET,3,5,0.6346935338869946,0.6477513227513227,0.7078761483936279,0.4851272237336769,0.4896908857247676,0.5404044935765385,0.3950875842259276,0.4178514798339909,0.491705341074187,0.2085824275566015,0.2310138060339465,0.3482277332311877,0.2085824275566015,0.2310138060339465,0.3482277332311877,0.0,0.0,0.0,0.0,0.0,0.0,0.966502388182348,0.975088694575363,0.9772326286687094,0.966502388182348,0.975088694575363,0.9772326286687094,0.2370525505355566,0.2507108879003946,0.2957571495986406,1015.2,1156.5,1570.7,20.36871327777778,23.36729263888888,31.253864083333337,16.92,19.275,26.17833333333333,45.25482513888889,47.52443291666666,53.782831583333326
YAW90_LEFT,BUS_B_to_BUS_A,BUS_B,BUS_A,ACC,QUANTILE,FIVE_PARTITION_UNLABELED_BUDGET,3,5,0.5989634298478026,0.6378462334972819,0.7360666929237233,0.4944161310654046,0.5535762195072079,0.6176091134917262,0.4722824059624467,0.5255177959231359,0.5951931100539978,0.3272649126877622,0.4065958615637496,0.4712650424848029,0.3272649126877622,0.4065958615637496,0.4712650424848029,0.1170636845636845,0.2543713490687945,0.3667782284800471,0.1170636845636845,0.2543713490687945,0.3667782284800471,0.8771438799692568,0.931490851873434,0.9416802183508128,0.8771438799692568,0.931490851873434,0.9416802183508128,0.3293240765786204,0.4384619638147412,0.4984193124821445,1015.2,1156.5,1570.7,20.36871327777778,23.36729263888888,31.253864083333337,16.92,19.275,26.17833333333333,45.25482513888889,47.52443291666666,53.782831583333326
YAW90_LEFT,BUS_B_to_BUS_A,BUS_B,BUS_A,ACC,CORAL,FIVE_PARTITION_UNLABELED_BUDGET,3,5,0.4039161666686469,0.4581931141599793,0.5789221269882948,0.3546412568760911,0.3890071367843548,0.4400390744279908,0.2980248674829589,0.3500337473473859,0.4075500879037476,0.1857605621743398,0.2155093390648267,0.2735205133360743,0.1857605621743398,0.2155093390648267,0.2735205133360743,0.0,0.0,0.0044184959656911,0.0,0.0,0.0044184959656911,0.6345792507592152,0.7083074659124876,0.8313266718914668,0.6345792507592152,0.7083074659124876,0.8313266718914668,0.1788149204897753,0.2100202484084315,0.2482328622990331,1015.2,1156.5,1570.7,20.36871327777778,23.36729263888888,31.253864083333337,16.92,19.275,26.17833333333333,45.25482513888889,47.52443291666666,53.782831583333326
YAW90_LEFT,BUS_B_to_BUS_A,BUS_B,BUS_A,ACC,ZSCORE,FIVE_PARTITION_UNLABELED_BUDGET,7,5,0.6407218585272929,0.6596560846560846,0.7567546532952114,0.4855742147153252,0.5250475743917298,0.5847667166247961,0.407236732274343,0.4748417146817197,0.5463862477367567,0.2163453324400651,0.3041530943226461,0.4008290025281508,0.2163453324400651,0.3041530943226461,0.4008290025281508,0.0,0.0,0.0,0.0,0.0,0.0,0.9780865887564552,0.9833118197701493,0.9857786861646748,0.9780865887564552,0.9833118197701493,0.9857786861646748,0.2443420393646058,0.2849050288090318,0.3283240563343617,2525.2,2722.0,3363.9,51.040724222222174,57.8258706944444,67.39617944444444,42.086666666666666,45.36666666666667,56.065,108.56869094444444,111.54238013888887,118.45321886111113
YAW90_LEFT,BUS_B_to_BUS_A,BUS_B,BUS_A,ACC,QUANTILE,FIVE_PARTITION_UNLABELED_BUDGET,7,5,0.6366591195841954,0.6490196078431373,0.7447627174803229,0.5144036840482203,0.5502866336015018,0.6112944565689531,0.501862421250979,0.5291922891169131,0.5948338377843663,0.3570784451914247,0.3998241082311972,0.471362550769811,0.3570784451914247,0.3998241082311972,0.471362550769811,0.1551657753428936,0.362506108884762,0.3841069529502285,0.1551657753428936,0.362506108884762,0.3841069529502285,0.9400802895623814,0.949649856102564,0.9690130615915876,0.9400802895623814,0.949649856102564,0.9690130615915876,0.3693767632266532,0.4670843396100579,0.5048107084282158,2525.2,2722.0,3363.9,51.040724222222174,57.8258706944444,67.39617944444444,42.086666666666666,45.36666666666667,56.065,108.56869094444444,111.54238013888887,118.45321886111113
YAW90_LEFT,BUS_B_to_BUS_A,BUS_B,BUS_A,ACC,CORAL,FIVE_PARTITION_UNLABELED_BUDGET,7,5,0.4916632409376596,0.567063492063492,0.596866123778402,0.4003105458132928,0.4344289274361489,0.4630257529896673,0.35048842727167,0.3901187526169315,0.4318170955569133,0.1957203050710556,0.2397070643332884,0.2999533307671771,0.1957203050710556,0.2397070643332884,0.2999533307671771,0.0,0.0,0.0,0.0,0.0,0.0,0.807205592540171,0.8401372962524762,0.8787402925199984,0.807205592540171,0.8401372962524762,0.8787402925199984,0.2106717545878541,0.2341474744354769,0.2599953782780587,2525.2,2722.0,3363.9,51.040724222222174,57.8258706944444,67.39617944444444,42.086666666666666,45.36666666666667,56.065,108.56869094444444,111.54238013888887,118.45321886111113
YAW90_LEFT,BUS_B_to_BUS_A,BUS_B,BUS_A,ACC,ZSCORE,FIVE_PARTITION_UNLABELED_BUDGET,14,5,0.648371265919236,0.6613725490196078,0.7874367681920262,0.4921125174708092,0.5338057650631554,0.6141442499587155,0.403207986900454,0.4832199282891993,0.5867099670213574,0.2096755440424693,0.313300953109238,0.4534101671348553,0.2096755440424693,0.313300953109238,0.4534101671348553,0.0,0.0,0.0,0.0,0.0,0.0,0.9819449547535316,0.9853581678014744,0.9937756499384004,0.9819449547535316,0.9853581678014744,0.9937756499384004,0.2419247921402724,0.2904265304007716,0.3521228516161916,4950.5,5482.0,6524.2,102.21780916666664,108.94780361111114,130.578057638889,82.50833333333334,91.36666666666667,108.73666666666668,214.8188573888889,218.20745222222223,231.88380213888885
YAW90_LEFT,BUS_B_to_BUS_A,BUS_B,BUS_A,ACC,QUANTILE,FIVE_PARTITION_UNLABELED_BUDGET,14,5,0.6539139041586088,0.6825893758836599,0.7546809767625049,0.521443602770427,0.5751512641569811,0.638561467713718,0.5018355632622571,0.5477576833774349,0.6158152684636952,0.3493012717558527,0.4048454100008006,0.496159133647941,0.3493012717558527,0.4048454100008006,0.496159133647941,0.1593174039855602,0.351499694342376,0.4499520910669808,0.1593174039855602,0.351499694342376,0.4499520910669808,0.9592112132360744,0.980656916088454,0.9850206857656018,0.9592112132360744,0.980656916088454,0.9850206857656018,0.3812533568466531,0.4488526880139672,0.5491437127560478,4950.5,5482.0,6524.2,102.21780916666664,108.94780361111114,130.578057638889,82.50833333333334,91.36666666666667,108.73666666666668,214.8188573888889,218.20745222222223,231.88380213888885
YAW90_LEFT,BUS_B_to_BUS_A,BUS_B,BUS_A,ACC,CORAL,FIVE_PARTITION_UNLABELED_BUDGET,14,5,0.5289217230822849,0.5767195767195767,0.6463472240503491,0.4171661255316757,0.4575407305393321,0.5005912661430142,0.3893675078463824,0.4135232170992517,0.472928222014786,0.234308902810195,0.2554723632333383,0.3346057554641248,0.234308902810195,0.2554723632333383,0.3346057554641248,0.0,0.0011890606420927,0.03161022649193,0.0,0.0011890606420927,0.03161022649193,0.8637836536064875,0.8817811890120011,0.8936658700306421,0.8637836536064875,0.8817811890120011,0.8936658700306421,0.2419539535684445,0.248113930259551,0.2889502862139966,4950.5,5482.0,6524.2,102.21780916666664,108.94780361111114,130.578057638889,82.50833333333334,91.36666666666667,108.73666666666668,214.8188573888889,218.20745222222223,231.88380213888885
YAW90_LEFT,BUS_B_to_BUS_A,BUS_B,BUS_A,ACC,ZSCORE,FIVE_PARTITION_UNLABELED_BUDGET,18,5,0.6517517812124962,0.653921568627451,0.7856173998846063,0.4878020613792979,0.5223999283330722,0.6122180157895154,0.4043774833723579,0.4752641940166958,0.5846073084420803,0.2107520353103371,0.3021276692526206,0.4502839574253292,0.2107520353103371,0.3021276692526206,0.4502839574253292,0.0,0.0,0.0,0.0,0.0,0.0,0.9820578336578832,0.9868385710448564,0.9958748264725048,0.9820578336578832,0.9868385710448564,0.9958748264725048,0.2426264900234147,0.2851585164100175,0.3507643850652481,6445.2,7203.0,8392.0,133.17506311111111,144.022228611111,168.51347488888894,107.42,120.05,139.86666666666667,277.1070373333333,282.78648527777773,301.3703464444444
YAW90_LEFT,BUS_B_to_BUS_A,BUS_B,BUS_A,ACC,QUANTILE,FIVE_PARTITION_UNLABELED_BUDGET,18,5,0.6497139072040932,0.6727933750757423,0.7611679388835749,0.5168792398371709,0.5795248694647938,0.6403509059594302,0.4991206603598934,0.550290176787837,0.6171029643114728,0.3468440712186274,0.403429682548776,0.4950764097436052,0.3468440712186274,0.403429682548776,0.4950764097436052,0.1658946019929058,0.3525925925925925,0.4558856578668986,0.1658946019929058,0.3525925925925925,0.4558856578668986,0.9559504277836912,0.9745526838966204,0.990602354487197,0.9559504277836912,0.9745526838966204,0.990602354487197,0.3858095856274205,0.4489854238828138,0.5457535178241099,6445.2,7203.0,8392.0,133.17506311111111,144.022228611111,168.51347488888894,107.42,120.05,139.86666666666667,277.1070373333333,282.78648527777773,301.3703464444444
YAW90_LEFT,BUS_B_to_BUS_A,BUS_B,BUS_A,ACC,CORAL,FIVE_PARTITION_UNLABELED_BUDGET,18,5,0.5329582061061144,0.5973544973544973,0.6449604752452474,0.4209097281849587,0.4740365684345147,0.5072222997337611,0.3923305142592374,0.432422537241139,0.4810410802140185,0.2359637325078289,0.2789124035522754,0.3406231217151234,0.2359637325078289,0.2789124035522754,0.3406231217151234,0.0,0.004750593824228,0.0316134189422655,0.0,0.004750593824228,0.0316134189422655,0.8614308595134631,0.8908238446081714,0.9031465931905271,0.8614308595134631,0.8908238446081714,0.9031465931905271,0.2434558625123769,0.2613537598743746,0.2955063685585186,6445.2,7203.0,8392.0,133.17506311111111,144.022228611111,168.51347488888894,107.42,120.05,139.86666666666667,277.1070373333333,282.78648527777773,301.3703464444444
YAW90_LEFT,BUS_B_to_BUS_A,BUS_B,BUS_A,ACC_MAG,RAW,FIVE_PARTITION_UNLABELED_BUDGET,0,5,0.7116912542794895,0.7150070692789335,0.7703567449012083,0.5382935108129006,0.6033430656768104,0.6064562481461652,0.5154637305770476,0.5459570430275875,0.5749807345679208,0.3569880173906791,0.399776768820727,0.4381597335649185,0.3569880173906791,0.399776768820727,0.4381597335649185,0.0,0.0075046904315197,0.0437174869947979,0.0,0.0075046904315197,0.0437174869947979,0.9823105730659384,0.989010989010989,0.9931587258645964,0.9823105730659384,0.989010989010989,0.9931587258645964,0.3234347575192298,0.3308253139151253,0.3461891912097956,0.0,0.0,0.0,0.0,0.0,0.0,0.0,0.0,0.0,0.0,0.0,0.0
YAW90_LEFT,BUS_B_to_BUS_A,BUS_B,BUS_A,ACC_MAG,CAUSAL,FIVE_PARTITION_UNLABELED_BUDGET,0,5,0.7184124181686409,0.728042328042328,0.7670985588831826,0.5505601199876912,0.5931316443227082,0.6127169980276207,0.5256007113059442,0.5526996582773402,0.5718809655598952,0.3702759127647047,0.4081596101543426,0.4334002668150576,0.3702759127647047,0.4081596101543426,0.4334002668150576,0.0,0.0048661800486618,0.033851353833719,0.0,0.0048661800486618,0.033851353833719,0.9839237287034162,0.9898232458489556,0.9927834213734256,0.9839237287034162,0.9898232458489556,0.9927834213734256,0.3260713812932325,0.3344633968621387,0.3431285793359371,0.0,0.0,0.0,0.0,0.0,0.0,0.0,0.0,0.0,0.0,0.0,0.0
YAW90_LEFT,BUS_B_to_BUS_A,BUS_B,BUS_A,ACC_MAG,ZSCORE,FIVE_PARTITION_UNLABELED_BUDGET,1,5,0.5296628963845688,0.5629629629629629,0.6132335667139096,0.4306031887828313,0.4372425488185013,0.4648496764864419,0.3422821569873092,0.3513191017446831,0.3975917990430935,0.1825365663539084,0.190519964030838,0.2471670509281899,0.1825365663539084,0.190519964030838,0.2471670509281899,0.0,0.0,0.0,0.0,0.0,0.0,0.8326586617016507,0.8497735734083648,0.8974053156443796,0.8326586617016507,0.8497735734083648,0.8974053156443796,0.2053692941923855,0.2107914610468099,0.2385550794258561,244.7,367.0,547.4,5.640714805555555,7.4070775,10.743072916666668,4.078333333333333,6.116666666666667,9.123333333333331,17.328113722222223,17.883746944444447,18.39658675
YAW90_LEFT,BUS_B_to_BUS_A,BUS_B,BUS_A,ACC_MAG,QUANTILE,FIVE_PARTITION_UNLABELED_BUDGET,1,5,0.536811391223156,0.5761462330842254,0.635334431330983,0.432412812482964,0.4509369434589692,0.5251496546391744,0.402222777905772,0.4283796975662174,0.484888283146591,0.2742562325622586,0.2918285284147182,0.3707760249741412,0.2742562325622586,0.2918285284147182,0.3707760249741412,0.010221025607195,0.0238849567464329,0.0730979148099999,0.010221025607195,0.0238849567464329,0.0730979148099999,0.7676110509671321,0.8214492674084322,0.8755002464736937,0.7676110509671321,0.8214492674084322,0.8755002464736937,0.2601876730616218,0.2995350624548281,0.3229258564715848,244.7,367.0,547.4,5.640714805555555,7.4070775,10.743072916666668,4.078333333333333,6.116666666666667,9.123333333333331,17.328113722222223,17.883746944444447,18.39658675
YAW90_LEFT,BUS_B_to_BUS_A,BUS_B,BUS_A,ACC_MAG,CORAL,FIVE_PARTITION_UNLABELED_BUDGET,1,5,0.2521176470588235,0.2820642294485962,0.3480852518979865,0.2722711919682341,0.2874368419105525,0.3056781272557626,0.1509315075256554,0.1939509617232671,0.2141925419182105,0.1168158379808962,0.1369062061446055,0.1806828505761037,0.1168158379808962,0.1369062061446055,0.1806828505761037,0.0,0.0,0.0,0.0,0.0,0.0,0.2605284485621479,0.3083899072611732,0.33112683362112,0.2605284485621479,0.3083899072611732,0.33112683362112,0.0905589045153932,0.1166283136370337,0.1285155251509263,244.7,367.0,547.4,5.640714805555555,7.4070775,10.743072916666668,4.078333333333333,6.116666666666667,9.123333333333331,17.328113722222223,17.883746944444447,18.39658675
YAW90_LEFT,BUS_B_to_BUS_A,BUS_B,BUS_A,ACC_MAG,ZSCORE,FIVE_PARTITION_UNLABELED_BUDGET,3,5,0.6124686872527237,0.6353870049184571,0.6669270699833914,0.4668012785715669,0.4792329944866437,0.4966822605712066,0.3890183602617473,0.4263527982590667,0.4586115115606696,0.2071731825445597,0.2487726103014507,0.3027562739402899,0.2071731825445597,0.2487726103014507,0.3027562739402899,0.0,0.0,0.0,0.0,0.0,0.0,0.9189700736334764,0.9451432564640112,0.97080111079535,0.9189700736334764,0.9451432564640112,0.97080111079535,0.2340006967467289,0.25581167895544,0.2755422294781755,1015.2,1156.5,1570.7,20.36871327777778,23.36729263888888,31.253864083333337,16.92,19.275,26.17833333333333,45.25482513888889,47.52443291666666,53.782831583333326
YAW90_LEFT,BUS_B_to_BUS_A,BUS_B,BUS_A,ACC_MAG,QUANTILE,FIVE_PARTITION_UNLABELED_BUDGET,3,5,0.6008245393087552,0.6186901371990681,0.7150641318187596,0.4879029550893173,0.557752197782696,0.5633996999607975,0.4541006900495641,0.523440001350157,0.5446412648560968,0.3051068130495813,0.3948096651452731,0.413818376247899,0.3051068130495813,0.3948096651452731,0.413818376247899,0.0435253731982044,0.1962633114289623,0.2849890382305052,0.0435253731982044,0.1962633114289623,0.2849890382305052,0.8795146636895003,0.8988187419684339,0.9383114049987904,0.8795146636895003,0.8988187419684339,0.9383114049987904,0.2968447076922023,0.3764102295097879,0.4252468799533593,1015.2,1156.5,1570.7,20.36871327777778,23.36729263888888,31.253864083333337,16.92,19.275,26.17833333333333,45.25482513888889,47.52443291666666,53.782831583333326
YAW90_LEFT,BUS_B_to_BUS_A,BUS_B,BUS_A,ACC_MAG,CORAL,FIVE_PARTITION_UNLABELED_BUDGET,3,5,0.3631331123441095,0.3753968253968254,0.4177934753695317,0.3185444680922173,0.3353089250662541,0.3460717314103829,0.2456753656408305,0.2710397989134064,0.2903931453391313,0.1435050862025694,0.1690287847483192,0.216764704456456,0.1435050862025694,0.1690287847483192,0.216764704456456,0.0,0.0,0.0,0.0,0.0,0.0,0.4506712015272044,0.5250086918440415,0.5872280386979456,0.4506712015272044,0.5250086918440415,0.5872280386979456,0.1474052193844983,0.1626238793480438,0.1742358872034787,1015.2,1156.5,1570.7,20.36871327777778,23.36729263888888,31.253864083333337,16.92,19.275,26.17833333333333,45.25482513888889,47.52443291666666,53.782831583333326
YAW90_LEFT,BUS_B_to_BUS_A,BUS_B,BUS_A,ACC_MAG,ZSCORE,FIVE_PARTITION_UNLABELED_BUDGET,7,5,0.614888630144039,0.6555555555555556,0.6997941764186687,0.4756432261802067,0.4978620653948156,0.5436004243405237,0.4038228607139328,0.4271155572290923,0.5029292151287907,0.2167993525119143,0.2490545941339235,0.3469972262681092,0.2167993525119143,0.2490545941339235,0.3469972262681092,0.0,0.0,0.0,0.0,0.0,0.0,0.9527327095482993,0.9706644643952888,0.9799360149109736,0.9527327095482993,0.9706644643952888,0.9799360149109736,0.2422937164283597,0.2562693343374554,0.3032209437114208,2525.2,2722.0,3363.9,51.040724222222174,57.8258706944444,67.39617944444444,42.086666666666666,45.36666666666667,56.065,108.56869094444444,111.54238013888887,118.45321886111113
YAW90_LEFT,BUS_B_to_BUS_A,BUS_B,BUS_A,ACC_MAG,QUANTILE,FIVE_PARTITION_UNLABELED_BUDGET,7,5,0.6348720440711126,0.6472948485632928,0.7387250323524447,0.5044382652765546,0.5728317311337202,0.5864731284700523,0.4679002881571091,0.5407592680102481,0.5690285571238343,0.3068508714942596,0.3978630680854663,0.4427764055886999,0.3068508714942596,0.3978630680854663,0.4427764055886999,0.1484645520265852,0.2630915144788618,0.293676317162089,0.1484645520265852,0.2630915144788618,0.293676317162089,0.9301885801239592,0.9487036897648542,0.9613375287952616,0.9301885801239592,0.9487036897648542,0.9613375287952616,0.3331043830859996,0.4333076368332189,0.4651311057512627,2525.2,2722.0,3363.9,51.040724222222174,57.8258706944444,67.39617944444444,42.086666666666666,45.36666666666667,56.065,108.56869094444444,111.54238013888887,118.45321886111113
YAW90_LEFT,BUS_B_to_BUS_A,BUS_B,BUS_A,ACC_MAG,CORAL,FIVE_PARTITION_UNLABELED_BUDGET,7,5,0.4308942222011002,0.4615079365079365,0.5145501749207319,0.3587361482537256,0.3920665512337235,0.4175887981651617,0.287032500392119,0.3461681883620879,0.3774722530494689,0.1551949768019255,0.21373558920974,0.2715288624304346,0.1551949768019255,0.21373558920974,0.2715288624304346,0.0,0.0,0.0,0.0,0.0,0.0,0.6400816995720264,0.739900955312033,0.761011950294556,0.6400816995720264,0.739900955312033,0.761011950294556,0.1722195002352714,0.2077009130172527,0.2278266354117709,2525.2,2722.0,3363.9,51.040724222222174,57.8258706944444,67.39617944444444,42.086666666666666,45.36666666666667,56.065,108.56869094444444,111.54238013888887,118.45321886111113
YAW90_LEFT,BUS_B_to_BUS_A,BUS_B,BUS_A,ACC_MAG,ZSCORE,FIVE_PARTITION_UNLABELED_BUDGET,14,5,0.6364011786091935,0.6530423280423281,0.7496774011672123,0.4900810345545796,0.4951246631764835,0.5902467236751351,0.4136900753031912,0.4503986038741319,0.5547822425132641,0.2272189169509427,0.2699809978179715,0.4140095507654635,0.2272189169509427,0.2699809978179715,0.4140095507654635,0.0,0.0,0.0,0.0,0.0,0.0,0.9675248549010088,0.9712257926300396,0.9927928470232076,0.9675248549010088,0.9712257926300396,0.9927928470232076,0.2482140451819147,0.2702391623244791,0.3328693455079584,4950.5,5482.0,6524.2,102.21780916666664,108.94780361111114,130.578057638889,82.50833333333334,91.36666666666667,108.73666666666668,214.8188573888889,218.20745222222223,231.88380213888885
YAW90_LEFT,BUS_B_to_BUS_A,BUS_B,BUS_A,ACC_MAG,QUANTILE,FIVE_PARTITION_UNLABELED_BUDGET,14,5,0.650266891017344,0.66087659058776,0.7354477140731572,0.5076306929996051,0.5833740332214995,0.6067181045543981,0.4637047332313531,0.5473740413176358,0.5865427012758029,0.2993919163179646,0.4027686545249353,0.4563887875079979,0.2993919163179646,0.4027686545249353,0.4563887875079979,0.1300481559103103,0.2533675011498784,0.3357225146017035,0.1300481559103103,0.2533675011498784,0.3357225146017035,0.9599901553464654,0.9611059442508548,0.9810768897223616,0.9599901553464654,0.9611059442508548,0.9810768897223616,0.3321190782860844,0.4323580524636702,0.4917516372659595,4950.5,5482.0,6524.2,102.21780916666664,108.94780361111114,130.578057638889,82.50833333333334,91.36666666666667,108.73666666666668,214.8188573888889,218.20745222222223,231.88380213888885
YAW90_LEFT,BUS_B_to_BUS_A,BUS_B,BUS_A,ACC_MAG,CORAL,FIVE_PARTITION_UNLABELED_BUDGET,14,5,0.5168151260504201,0.5543324580892749,0.571987877029293,0.421004441817269,0.4265576844401121,0.4563169790550115,0.3518538213380725,0.3861317838819569,0.427590285851366,0.1908824441237268,0.2431069207011767,0.2903477304805379,0.1908824441237268,0.2431069207011767,0.2903477304805379,0.0,0.0,0.0,0.0,0.0,0.0,0.7603719642491932,0.8283049477776045,0.8822361648337943,0.7603719642491932,0.8283049477776045,0.8822361648337943,0.2111122928028435,0.2316790703291741,0.2582839012405493,4950.5,5482.0,6524.2,102.21780916666664,108.94780361111114,130.578057638889,82.50833333333334,91.36666666666667,108.73666666666668,214.8188573888889,218.20745222222223,231.88380213888885
YAW90_LEFT,BUS_B_to_BUS_A,BUS_B,BUS_A,ACC_MAG,ZSCORE,FIVE_PARTITION_UNLABELED_BUDGET,18,5,0.6440630413344898,0.6478835978835978,0.7340539919987007,0.4887921238680506,0.5018183785102907,0.5783200595001882,0.4140434573320516,0.4558144024283134,0.5410470356865592,0.2285078683709865,0.2761961912430821,0.3944874375661037,0.2285078683709865,0.2761961912430821,0.3944874375661037,0.0,0.0,0.0014268727705112,0.0,0.0,0.0014268727705112,0.9668280817471628,0.975,0.9945385264156954,0.9668280817471628,0.975,0.9945385264156954,0.2484260743992309,0.2744398899706622,0.3246282214119355,6445.2,7203.0,8392.0,133.17506311111111,144.022228611111,168.51347488888894,107.42,120.05,139.86666666666667,277.1070373333333,282.78648527777773,301.3703464444444
YAW90_LEFT,BUS_B_to_BUS_A,BUS_B,BUS_A,ACC_MAG,QUANTILE,FIVE_PARTITION_UNLABELED_BUDGET,18,5,0.6479481269381112,0.6606264561221848,0.7380887363478935,0.5056924340086768,0.5757018439985692,0.6010746628389164,0.4637776824222592,0.5211206113016097,0.587394615288707,0.3014904020302632,0.36736816096038,0.4575230975904146,0.3014904020302632,0.36736816096038,0.4575230975904146,0.147233932260499,0.2305084745762712,0.3411200721899498,0.147233932260499,0.2305084745762712,0.3411200721899498,0.9497178470412068,0.9722070844686648,0.983478561483697,0.9497178470412068,0.9722070844686648,0.983478561483697,0.3371601823575552,0.4048757566114743,0.4888847980492041,6445.2,7203.0,8392.0,133.17506311111111,144.022228611111,168.51347488888894,107.42,120.05,139.86666666666667,277.1070373333333,282.78648527777773,301.3703464444444
YAW90_LEFT,BUS_B_to_BUS_A,BUS_B,BUS_A,ACC_MAG,CORAL,FIVE_PARTITION_UNLABELED_BUDGET,18,5,0.5325422473574363,0.5472549019607843,0.574966734321239,0.4245338330541771,0.4302736038308226,0.4621712772302857,0.3498152107313826,0.4030014073138931,0.4307789277583043,0.1883773206992068,0.2478706834160083,0.2924298750842274,0.1883773206992068,0.2478706834160083,0.2924298750842274,0.0,0.0,0.0,0.0,0.0,0.0,0.7857455340867663,0.8449375866851595,0.8898659818385303,0.7857455340867663,0.8449375866851595,0.8898659818385303,0.2098891264388295,0.2418008443883358,0.2584673566549825,6445.2,7203.0,8392.0,133.17506311111111,144.022228611111,168.51347488888894,107.42,120.05,139.86666666666667,277.1070373333333,282.78648527777773,301.3703464444444
YAW90_LEFT,BUS_B_to_BUS_A,BUS_B,BUS_A,ACC_GYR,RAW,FIVE_PARTITION_UNLABELED_BUDGET,0,5,0.7122495990114891,0.7240486668392441,0.772919263718791,0.5400714310285832,0.6001869504130125,0.6073402593809542,0.5159642717763466,0.5532032204962083,0.5704025136728046,0.3550026353749065,0.4058172385498372,0.4276668964103435,0.3550026353749065,0.4058172385498372,0.4276668964103435,0.0,0.0075187969924812,0.0198463232945991,0.0,0.0075187969924812,0.0198463232945991,0.9965434610418756,0.9983460138934832,0.999036393008514,0.9965434610418756,0.9983460138934832,0.999036393008514,0.3165313940371133,0.331921932297725,0.3434445157224797,0.0,0.0,0.0,0.0,0.0,0.0,0.0,0.0,0.0,0.0,0.0,0.0
YAW90_LEFT,BUS_B_to_BUS_A,BUS_B,BUS_A,ACC_GYR,CAUSAL,FIVE_PARTITION_UNLABELED_BUDGET,0,5,0.7112374843228068,0.7351851851851852,0.7721788568913189,0.5485154519943666,0.580938327782112,0.6143031869772069,0.5242442841063032,0.5438256220518642,0.5709359844391162,0.3660636673924316,0.3924293094377823,0.4289022089824503,0.3660636673924316,0.3924293094377823,0.4289022089824503,0.0,0.0,0.0343055703844623,0.0,0.0,0.0343055703844623,0.9967720180985516,0.9980145598941098,0.9987861342479176,0.9967720180985516,0.9980145598941098,0.9987861342479176,0.321498595250883,0.3342532849209791,0.3425615906634697,0.0,0.0,0.0,0.0,0.0,0.0,0.0,0.0,0.0,0.0,0.0,0.0
YAW90_LEFT,BUS_B_to_BUS_A,BUS_B,BUS_A,ACC_GYR,ZSCORE,FIVE_PARTITION_UNLABELED_BUDGET,1,5,0.5495370275761284,0.6103174603174604,0.685493977104975,0.4486459732469274,0.4583582916754773,0.49198964457987,0.3522684651730342,0.3690072893462357,0.424582796723602,0.1847684480035361,0.2301303664108919,0.2999644092316851,0.1847684480035361,0.2301303664108919,0.2999644092316851,0.0,0.0,0.0,0.0,0.0,0.0,0.8835562130737484,0.92866023835033,0.9561373765305085,0.8835562130737484,0.92866023835033,0.9561373765305085,0.2113610791038205,0.2214043736077414,0.2569249046202639,244.7,367.0,547.4,5.640714805555555,7.4070775,10.743072916666668,4.078333333333333,6.116666666666667,9.123333333333331,17.328113722222223,17.883746944444447,18.39658675
YAW90_LEFT,BUS_B_to_BUS_A,BUS_B,BUS_A,ACC_GYR,QUANTILE,FIVE_PARTITION_UNLABELED_BUDGET,1,5,0.5235933679470577,0.5701527310380533,0.6779227750791358,0.4146481184345678,0.4939267567761375,0.5417187651552275,0.3908304334357622,0.4742986004022653,0.4953185071890001,0.2764301202249683,0.338579114225387,0.3724878094644343,0.2764301202249683,0.338579114225387,0.3724878094644343,0.004924873037433,0.0471863794223113,0.1132626038907976,0.004924873037433,0.0471863794223113,0.1132626038907976,0.7818940125552037,0.8651193537699131,0.9170573722891014,0.7818940125552037,0.8651193537699131,0.9170573722891014,0.2685990858891121,0.31705724835539,0.341528953829589,244.7,367.0,547.4,5.640714805555555,7.4070775,10.743072916666668,4.078333333333333,6.116666666666667,9.123333333333331,17.328113722222223,17.883746944444447,18.39658675
YAW90_LEFT,BUS_B_to_BUS_A,BUS_B,BUS_A,ACC_GYR,CORAL,FIVE_PARTITION_UNLABELED_BUDGET,1,5,0.3158057889822596,0.3348818420521107,0.4520373450384206,0.2895610958278637,0.3263666553198004,0.358388237977888,0.2385120594762316,0.2493464198815325,0.3267583733537027,0.1851361596891799,0.1892060342354667,0.2447710720582013,0.1851361596891799,0.1892060342354667,0.2447710720582013,0.0,0.0,0.0,0.0,0.0,0.0,0.3944399312832246,0.4913199806600405,0.60380612102264,0.3944399312832246,0.4913199806600405,0.60380612102264,0.1442638621917631,0.1496078519289195,0.1960550240122216,244.7,367.0,547.4,5.640714805555555,7.4070775,10.743072916666668,4.078333333333333,6.116666666666667,9.123333333333331,17.328113722222223,17.883746944444447,18.39658675
YAW90_LEFT,BUS_B_to_BUS_A,BUS_B,BUS_A,ACC_GYR,ZSCORE,FIVE_PARTITION_UNLABELED_BUDGET,3,5,0.6223509689070539,0.6637328501164897,0.710747992689702,0.4796585419400471,0.4960171515828205,0.5265542673014426,0.3879622615800362,0.4308324757965434,0.4775732435654596,0.1987673230051816,0.2437348707720026,0.3140231153100728,0.1987673230051816,0.2437348707720026,0.3140231153100728,0.0,0.0,0.0,0.0,0.0,0.0,0.9591709200313596,0.972362206218967,0.9817341362062536,0.9591709200313596,0.972362206218967,0.9817341362062536,0.2327773569480217,0.258499485477926,0.2865439461392757,1015.2,1156.5,1570.7,20.36871327777778,23.36729263888888,31.253864083333337,16.92,19.275,26.17833333333333,45.25482513888889,47.52443291666666,53.782831583333326
YAW90_LEFT,BUS_B_to_BUS_A,BUS_B,BUS_A,ACC_GYR,QUANTILE,FIVE_PARTITION_UNLABELED_BUDGET,3,5,0.609789968174689,0.6375479701070491,0.7358110929812387,0.4850247344902472,0.5575141363799454,0.590280936253679,0.4507884361985213,0.5277777041548692,0.5564965145447461,0.2908820780008784,0.3925227944025652,0.4153755455754513,0.2908820780008784,0.3925227944025652,0.4153755455754513,0.063004541774804,0.1792167695807605,0.2869623443198079,0.063004541774804,0.1792167695807605,0.2869623443198079,0.9251686015346454,0.9606040691642896,0.9719767102697549,0.9251686015346454,0.9606040691642896,0.9719767102697549,0.2927173690740255,0.3969770993225332,0.4468400297971006,1015.2,1156.5,1570.7,20.36871327777778,23.36729263888888,31.253864083333337,16.92,19.275,26.17833333333333,45.25482513888889,47.52443291666666,53.782831583333326
YAW90_LEFT,BUS_B_to_BUS_A,BUS_B,BUS_A,ACC_GYR,CORAL,FIVE_PARTITION_UNLABELED_BUDGET,3,5,0.4021549538417669,0.4480973336784882,0.5362416357729474,0.3431413824699575,0.3743066078333693,0.4177902169708896,0.2996887803446983,0.3405608092348975,0.380143548518895,0.1815848777159772,0.2122922633155768,0.2563010829892229,0.1815848777159772,0.2122922633155768,0.2563010829892229,0.0,0.0,0.0022471910112359,0.0,0.0,0.0022471910112359,0.6579613400021243,0.6881149359446783,0.7656747539540937,0.6579613400021243,0.6881149359446783,0.7656747539540937,0.1804029487964996,0.2060869363299666,0.2285822104779687,1015.2,1156.5,1570.7,20.36871327777778,23.36729263888888,31.253864083333337,16.92,19.275,26.17833333333333,45.25482513888889,47.52443291666666,53.782831583333326
YAW90_LEFT,BUS_B_to_BUS_A,BUS_B,BUS_A,ACC_GYR,ZSCORE,FIVE_PARTITION_UNLABELED_BUDGET,7,5,0.6466066748250502,0.6771938907584778,0.7376734789141248,0.4995517777309436,0.5206423088767104,0.5656562481105585,0.4246526384656948,0.4600178346452736,0.5217626307361917,0.2409862870329044,0.2836202963742456,0.3677990129579153,0.2409862870329044,0.2836202963742456,0.3677990129579153,0.0,0.0,0.0,0.0,0.0,0.0,0.9732859934666576,0.9814678492556408,0.987272134436714,0.9732859934666576,0.9814678492556408,0.987272134436714,0.2547915830794169,0.2760107007871641,0.3140638677498911,2525.2,2722.0,3363.9,51.040724222222174,57.8258706944444,67.39617944444444,42.086666666666666,45.36666666666667,56.065,108.56869094444444,111.54238013888887,118.45321886111113
YAW90_LEFT,BUS_B_to_BUS_A,BUS_B,BUS_A,ACC_GYR,QUANTILE,FIVE_PARTITION_UNLABELED_BUDGET,7,5,0.6432136864064808,0.6600686729953544,0.7513353588776984,0.5109901574494988,0.5481302657329381,0.6142429430548245,0.4900113712207482,0.5187866546623716,0.5843648101202468,0.3360893038656626,0.3856461122140465,0.4504559610013331,0.3360893038656626,0.3856461122140465,0.4504559610013331,0.1132618393710972,0.2772819082427623,0.3252697804922487,0.1132618393710972,0.2772819082427623,0.3252697804922487,0.9647632521049414,0.9767911976903696,0.992868832116895,0.9647632521049414,0.9767911976903696,0.992868832116895,0.3425679890929389,0.4224709579803721,0.4775632370030287,2525.2,2722.0,3363.9,51.040724222222174,57.8258706944444,67.39617944444444,42.086666666666666,45.36666666666667,56.065,108.56869094444444,111.54238013888887,118.45321886111113
YAW90_LEFT,BUS_B_to_BUS_A,BUS_B,BUS_A,ACC_GYR,CORAL,FIVE_PARTITION_UNLABELED_BUDGET,7,5,0.4461115639145983,0.5113901113124515,0.537212500859606,0.3618235756679383,0.4063213371036302,0.4283564650399127,0.3272905835408171,0.3788760762130006,0.3887831461007116,0.1900931819209653,0.2301863831568781,0.2438866482215368,0.1900931819209653,0.2301863831568781,0.2438866482215368,0.0,0.0,0.0044653056138237,0.0,0.0,0.0044653056138237,0.7343673652804651,0.7995845599226237,0.8184629156315817,0.7343673652804651,0.7995845599226237,0.8184629156315817,0.1977603551142843,0.2281729740446586,0.2341687640649213,2525.2,2722.0,3363.9,51.040724222222174,57.8258706944444,67.39617944444444,42.086666666666666,45.36666666666667,56.065,108.56869094444444,111.54238013888887,118.45321886111113
YAW90_LEFT,BUS_B_to_BUS_A,BUS_B,BUS_A,ACC_GYR,ZSCORE,FIVE_PARTITION_UNLABELED_BUDGET,14,5,0.6523840729092194,0.6895098039215686,0.7838228374606973,0.4951920167718654,0.5691549052025882,0.615076459924221,0.4256607467854048,0.5158832495816659,0.5835695620924122,0.2426963953234278,0.3567822223061772,0.4480084550657709,0.2426963953234278,0.3567822223061772,0.4480084550657709,0.0,0.0,0.0,0.0,0.0,0.0,0.9753641391008908,0.9842705762903556,0.9958788902953228,0.9753641391008908,0.9842705762903556,0.9958788902953228,0.2553964480712428,0.3095299497489995,0.3501417372554473,4950.5,5482.0,6524.2,102.21780916666664,108.94780361111114,130.578057638889,82.50833333333334,91.36666666666667,108.73666666666668,214.8188573888889,218.20745222222223,231.88380213888885
YAW90_LEFT,BUS_B_to_BUS_A,BUS_B,BUS_A,ACC_GYR,QUANTILE,FIVE_PARTITION_UNLABELED_BUDGET,14,5,0.6472858136265119,0.6879418299333468,0.7593142219471483,0.512700534241411,0.562244816011325,0.6356129232060512,0.482301781691297,0.5401863277001451,0.6084351362308683,0.317966162339768,0.3917496671029778,0.4828237833598929,0.317966162339768,0.3917496671029778,0.4828237833598929,0.0926072446585592,0.2734214390602055,0.3955181333952278,0.0926072446585592,0.2734214390602055,0.3955181333952278,0.9767898921127396,0.9885260550518528,0.99438394195892,0.9767898921127396,0.9885260550518528,0.99438394195892,0.3467066385909726,0.3961536764176087,0.5228182683222757,4950.5,5482.0,6524.2,102.21780916666664,108.94780361111114,130.578057638889,82.50833333333334,91.36666666666667,108.73666666666668,214.8188573888889,218.20745222222223,231.88380213888885
YAW90_LEFT,BUS_B_to_BUS_A,BUS_B,BUS_A,ACC_GYR,CORAL,FIVE_PARTITION_UNLABELED_BUDGET,14,5,0.4781576310588869,0.5344623867664435,0.5605009676663831,0.3723834463278158,0.4062883067119598,0.4642280489003327,0.3501552367448965,0.3866422129449251,0.4168146759144555,0.1951649684158279,0.2485088130862575,0.2673212812236236,0.1951649684158279,0.2485088130862575,0.2673212812236236,0.0009512485136741,0.0060975609756097,0.0219148247810011,0.0009512485136741,0.0060975609756097,0.0219148247810011,0.7859049659983255,0.8421390445765202,0.8715046306318545,0.7859049659983255,0.8421390445765202,0.8715046306318545,0.2156001779004439,0.2380717685705728,0.2551969183605102,4950.5,5482.0,6524.2,102.21780916666664,108.94780361111114,130.578057638889,82.50833333333334,91.36666666666667,108.73666666666668,214.8188573888889,218.20745222222223,231.88380213888885
YAW90_LEFT,BUS_B_to_BUS_A,BUS_B,BUS_A,ACC_GYR,ZSCORE,FIVE_PARTITION_UNLABELED_BUDGET,18,5,0.6609633882952405,0.6784313725490196,0.7916974208304374,0.5049766173558043,0.5497259561772436,0.6240423546859889,0.4293692785338265,0.5006817754875488,0.5918660043266413,0.24699120311073,0.335790697332215,0.4588799292661086,0.24699120311073,0.335790697332215,0.4588799292661086,0.0,0.0,0.0,0.0,0.0,0.0,0.9754511683879936,0.9862507695464806,0.996752655651946,0.9754511683879936,0.9862507695464806,0.996752655651946,0.2576215671202959,0.3004090652925292,0.3551196025959847,6445.2,7203.0,8392.0,133.17506311111111,144.022228611111,168.51347488888894,107.42,120.05,139.86666666666667,277.1070373333333,282.78648527777773,301.3703464444444
YAW90_LEFT,BUS_B_to_BUS_A,BUS_B,BUS_A,ACC_GYR,QUANTILE,FIVE_PARTITION_UNLABELED_BUDGET,18,5,0.6367815626379985,0.676227024843466,0.7638045849822139,0.4936964357029041,0.5661594510897006,0.6370566230425041,0.4648257608079318,0.5433201741627627,0.6121273175762048,0.2954638620059282,0.3926418955658335,0.4858454698781828,0.2954638620059282,0.3926418955658335,0.4858454698781828,0.0847934595524956,0.2339075249320036,0.4089814052532574,0.0847934595524956,0.2339075249320036,0.4089814052532574,0.9729114572139428,0.9868456375838928,0.9964402211613228,0.9729114572139428,0.9868456375838928,0.9964402211613228,0.3273770941188397,0.3981349616405147,0.5308689526470258,6445.2,7203.0,8392.0,133.17506311111111,144.022228611111,168.51347488888894,107.42,120.05,139.86666666666667,277.1070373333333,282.78648527777773,301.3703464444444
YAW90_LEFT,BUS_B_to_BUS_A,BUS_B,BUS_A,ACC_GYR,CORAL,FIVE_PARTITION_UNLABELED_BUDGET,18,5,0.4842353891667755,0.5317111053585296,0.575601442887776,0.3756072463421362,0.4059877360254313,0.4681157042578394,0.3541743382373601,0.3898789597139669,0.4249727140849356,0.1950608473693993,0.2486901535682023,0.2756688675807301,0.1950608473693993,0.2486901535682023,0.2756688675807301,0.0039024390243902,0.0121951219512195,0.016819476569392,0.0039024390243902,0.0121951219512195,0.016819476569392,0.7917121694583322,0.859987929993965,0.8824208869857754,0.7917121694583322,0.859987929993965,0.8824208869857754,0.217465814679681,0.2388054246088679,0.2579576061461286,6445.2,7203.0,8392.0,133.17506311111111,144.022228611111,168.51347488888894,107.42,120.05,139.86666666666667,277.1070373333333,282.78648527777773,301.3703464444444
YAW90_LEFT,BUS_B_to_BUS_A,BUS_B,BUS_A,ACC_MAG_GYR,RAW,FIVE_PARTITION_UNLABELED_BUDGET,0,5,0.7053203908103334,0.7240486668392441,0.7663499148729555,0.5329902868088445,0.5933459865483928,0.6061635830920634,0.5133033131165811,0.5509718483008482,0.5660525046362903,0.3515972423567589,0.4026972877396277,0.4221957305404623,0.3515972423567589,0.4026972877396277,0.4221957305404623,0.0,0.0,0.0610687022900763,0.0,0.0,0.0610687022900763,0.9964223372643922,0.9980132450331126,0.99859382655561,0.9964223372643922,0.9980132450331126,0.99859382655561,0.3143153934041878,0.3369593315463187,0.3498424181118082,0.0,0.0,0.0,0.0,0.0,0.0,0.0,0.0,0.0,0.0,0.0,0.0
YAW90_LEFT,BUS_B_to_BUS_A,BUS_B,BUS_A,ACC_MAG_GYR,CAUSAL,FIVE_PARTITION_UNLABELED_BUDGET,0,5,0.7123794757351007,0.7268627450980392,0.764951497381588,0.5425999712375854,0.5879565060548994,0.6078437604639532,0.5235807191882467,0.5575502778472228,0.5630052569573077,0.3652398680284907,0.4108394083091514,0.41888383052821,0.3652398680284907,0.4108394083091514,0.41888383052821,0.0,0.0,0.0567750889062364,0.0,0.0,0.0567750889062364,0.9952891682433744,0.9976828864614368,0.9986264097227728,0.9952891682433744,0.9976828864614368,0.9986264097227728,0.3278765314277189,0.3347368358853797,0.3434587730115747,0.0,0.0,0.0,0.0,0.0,0.0,0.0,0.0,0.0,0.0,0.0,0.0
YAW90_LEFT,BUS_B_to_BUS_A,BUS_B,BUS_A,ACC_MAG_GYR,ZSCORE,FIVE_PARTITION_UNLABELED_BUDGET,1,5,0.5304323428422066,0.5896971265855553,0.6238585369818138,0.435610145084306,0.4496352748279473,0.4688881882863164,0.3469520767639625,0.3728107637637269,0.4046712215494274,0.1855756014274811,0.2102976220754929,0.2672136152047989,0.1855756014274811,0.2102976220754929,0.2672136152047989,0.0,0.0,0.0,0.0,0.0,0.0,0.8389861530750107,0.8998423176490541,0.9205500223029331,0.8389861530750107,0.8998423176490541,0.9205500223029331,0.2081712460583774,0.2236864582582361,0.243292029565742,244.7,367.0,547.4,5.640714805555555,7.4070775,10.743072916666668,4.078333333333333,6.116666666666667,9.123333333333331,17.328113722222223,17.883746944444447,18.39658675
YAW90_LEFT,BUS_B_to_BUS_A,BUS_B,BUS_A,ACC_MAG_GYR,QUANTILE,FIVE_PARTITION_UNLABELED_BUDGET,1,5,0.5237780146487796,0.572308624520299,0.6647902457118684,0.4406948427752442,0.4849807482593783,0.5283700758603046,0.413981462968773,0.4535201073495405,0.4804832227166187,0.279334886755448,0.3191920760919117,0.3527617823349642,0.279334886755448,0.3191920760919117,0.3527617823349642,0.002061855670103,0.0096811393645851,0.0358787156356597,0.002061855670103,0.0096811393645851,0.0358787156356597,0.777975122396448,0.866304883511827,0.9079139874628082,0.777975122396448,0.866304883511827,0.9079139874628082,0.269931605025809,0.2951739741906296,0.3273053078460898,244.7,367.0,547.4,5.640714805555555,7.4070775,10.743072916666668,4.078333333333333,6.116666666666667,9.123333333333331,17.328113722222223,17.883746944444447,18.39658675
YAW90_LEFT,BUS_B_to_BUS_A,BUS_B,BUS_A,ACC_MAG_GYR,CORAL,FIVE_PARTITION_UNLABELED_BUDGET,1,5,0.2496781955224694,0.2859803921568628,0.3760834884678131,0.2689515825271706,0.2988894791911396,0.3079805514586904,0.1520378664434367,0.2211658699810579,0.2487432153460647,0.1356593437389874,0.1843781414854864,0.2003041278907533,0.1356593437389874,0.1843781414854864,0.2003041278907533,0.0,0.0,0.0017910447761194,0.0,0.0,0.0017910447761194,0.172988187513901,0.276389416702558,0.3852208550819728,0.172988187513901,0.276389416702558,0.3852208550819728,0.091222719866062,0.1394011897660529,0.1532580227949072,244.7,367.0,547.4,5.640714805555555,7.4070775,10.743072916666668,4.078333333333333,6.116666666666667,9.123333333333331,17.328113722222223,17.883746944444447,18.39658675
YAW90_LEFT,BUS_B_to_BUS_A,BUS_B,BUS_A,ACC_MAG_GYR,ZSCORE,FIVE_PARTITION_UNLABELED_BUDGET,3,5,0.6020867917354783,0.6427646906549314,0.6864785744502169,0.4732530301280199,0.477697685593468,0.5082965309909038,0.3860336290241059,0.4140383028273851,0.4556785784579951,0.1940623493362837,0.2252081975538581,0.2848600656046924,0.1940623493362837,0.2252081975538581,0.2848600656046924,0.0,0.0,0.0,0.0,0.0,0.0,0.9391401198206052,0.9636873795897418,0.9756237398817328,0.9391401198206052,0.9636873795897418,0.9756237398817328,0.2316201774144635,0.248422981696431,0.2753142622417108,1015.2,1156.5,1570.7,20.36871327777778,23.36729263888888,31.253864083333337,16.92,19.275,26.17833333333333,45.25482513888889,47.52443291666666,53.782831583333326
YAW90_LEFT,BUS_B_to_BUS_A,BUS_B,BUS_A,ACC_MAG_GYR,QUANTILE,FIVE_PARTITION_UNLABELED_BUDGET,3,5,0.6150397892524859,0.6441123005453444,0.7316470989078315,0.4809982212049671,0.5628451002441074,0.5737717727469671,0.4467762502608507,0.5166451086383277,0.5513655129024974,0.2852703853011553,0.3805200972020961,0.4182616289706223,0.2852703853011553,0.3805200972020961,0.4182616289706223,0.0417022919594214,0.1974750986913288,0.2875835734191792,0.0417022919594214,0.1974750986913288,0.2875835734191792,0.92084158929453,0.9543329519070544,0.97297081709989,0.92084158929453,0.9543329519070544,0.97297081709989,0.2962526956619815,0.3911381092073903,0.4419105200468633,1015.2,1156.5,1570.7,20.36871327777778,23.36729263888888,31.253864083333337,16.92,19.275,26.17833333333333,45.25482513888889,47.52443291666666,53.782831583333326
YAW90_LEFT,BUS_B_to_BUS_A,BUS_B,BUS_A,ACC_MAG_GYR,CORAL,FIVE_PARTITION_UNLABELED_BUDGET,3,5,0.2944419223736533,0.3184313725490196,0.4424194270136581,0.2818894893860288,0.3153404525335262,0.3601668382947031,0.2033567026251274,0.2565711721833352,0.3110602914462758,0.1550943101495048,0.1885229930927606,0.2402882276495928,0.1550943101495048,0.1885229930927606,0.2402882276495928,0.0,0.0,0.0,0.0,0.0,0.0,0.3243004531995516,0.4491729181223635,0.5116748104683814,0.3243004531995516,0.4491729181223635,0.5116748104683814,0.1220140215750764,0.1539427033100011,0.1866361748677654,1015.2,1156.5,1570.7,20.36871327777778,23.36729263888888,31.253864083333337,16.92,19.275,26.17833333333333,45.25482513888889,47.52443291666666,53.782831583333326
YAW90_LEFT,BUS_B_to_BUS_A,BUS_B,BUS_A,ACC_MAG_GYR,ZSCORE,FIVE_PARTITION_UNLABELED_BUDGET,7,5,0.6286016134589566,0.651566140305462,0.695463009850564,0.4876346082826965,0.5119067384173348,0.5213855527741266,0.4150834521139739,0.4466048962450332,0.4681335853945176,0.2306471925403283,0.269979646791532,0.2979745621469852,0.2306471925403283,0.269979646791532,0.2979745621469852,0.0,0.0,0.0,0.0,0.0,0.0,0.9597336143249888,0.9788944036066484,0.9858278190986146,0.9597336143249888,0.9788944036066484,0.9858278190986146,0.2490500712683843,0.2679629377470199,0.283797519487484,2525.2,2722.0,3363.9,51.040724222222174,57.8258706944444,67.39617944444444,42.086666666666666,45.36666666666667,56.065,108.56869094444444,111.54238013888887,118.45321886111113
YAW90_LEFT,BUS_B_to_BUS_A,BUS_B,BUS_A,ACC_MAG_GYR,QUANTILE,FIVE_PARTITION_UNLABELED_BUDGET,7,5,0.650378319293785,0.661403054620761,0.7503095519420844,0.5127041211518601,0.5797197755136352,0.6011877760667952,0.4736903318012657,0.5379870303211112,0.5774695051483753,0.3110669349355949,0.3962467458106797,0.4378468077848125,0.3110669349355949,0.3962467458106797,0.4378468077848125,0.1373133817930596,0.2532844450063792,0.309594604944608,0.1373133817930596,0.2532844450063792,0.309594604944608,0.9564326313305016,0.9712077282576606,0.9935128051642612,0.9564326313305016,0.9712077282576606,0.9935128051642612,0.3386319808745601,0.4276836055040292,0.4734452835014372,2525.2,2722.0,3363.9,51.040724222222174,57.8258706944444,67.39617944444444,42.086666666666666,45.36666666666667,56.065,108.56869094444444,111.54238013888887,118.45321886111113
YAW90_LEFT,BUS_B_to_BUS_A,BUS_B,BUS_A,ACC_MAG_GYR,CORAL,FIVE_PARTITION_UNLABELED_BUDGET,7,5,0.3292402261741788,0.417156862745098,0.5102392325082072,0.2851121664139219,0.3730515401398996,0.4294360058823611,0.2371651213807871,0.3237438264545282,0.3858321544925053,0.1462382046462265,0.2187880328261983,0.2808671644026995,0.1462382046462265,0.2187880328261983,0.2808671644026995,0.0,0.0,0.0,0.0,0.0,0.0,0.4941479076531941,0.6137880050223542,0.7019413193255863,0.4941479076531941,0.6137880050223542,0.7019413193255863,0.1422990728284723,0.1980086591758061,0.23259852021212,2525.2,2722.0,3363.9,51.040724222222174,57.8258706944444,67.39617944444444,42.086666666666666,45.36666666666667,56.065,108.56869094444444,111.54238013888887,118.45321886111113
YAW90_LEFT,BUS_B_to_BUS_A,BUS_B,BUS_A,ACC_MAG_GYR,ZSCORE,FIVE_PARTITION_UNLABELED_BUDGET,14,5,0.6401401459167566,0.6595098039215685,0.7226419652540228,0.4858110663957367,0.5253339472434564,0.5648518475458194,0.4193360403627463,0.4733328601748351,0.5214219405088415,0.2369914104459385,0.3006382748770181,0.3661105005923768,0.2369914104459385,0.3006382748770181,0.3661105005923768,0.0,0.0,0.0,0.0,0.0,0.0,0.9670360581102873,0.9827017690500316,0.9958702985389738,0.9670360581102873,0.9827017690500316,0.9958702985389738,0.2516016242176478,0.283999716104901,0.3129055191889516,4950.5,5482.0,6524.2,102.21780916666664,108.94780361111114,130.578057638889,82.50833333333334,91.36666666666667,108.73666666666668,214.8188573888889,218.20745222222223,231.88380213888885
YAW90_LEFT,BUS_B_to_BUS_A,BUS_B,BUS_A,ACC_MAG_GYR,QUANTILE,FIVE_PARTITION_UNLABELED_BUDGET,14,5,0.6535801647607011,0.68986063421531,0.7471098170133222,0.51402324545573,0.586024615049644,0.6200040530663542,0.476756852549489,0.5505676211902979,0.5883337189708971,0.3110073350267296,0.4071751521264856,0.4580740615786922,0.3110073350267296,0.4071751521264856,0.4580740615786922,0.1608548599154577,0.2527735647680036,0.3431418749689562,0.1608548599154577,0.2527735647680036,0.3431418749689562,0.9755705899904608,0.9878428441971012,0.9935395515107956,0.9755705899904608,0.9878428441971012,0.9935395515107956,0.3464396074782695,0.4229444146121098,0.4924768211608551,4950.5,5482.0,6524.2,102.21780916666664,108.94780361111114,130.578057638889,82.50833333333334,91.36666666666667,108.73666666666668,214.8188573888889,218.20745222222223,231.88380213888885
YAW90_LEFT,BUS_B_to_BUS_A,BUS_B,BUS_A,ACC_MAG_GYR,CORAL,FIVE_PARTITION_UNLABELED_BUDGET,14,5,0.3667799461174537,0.4649999999999999,0.5653656339310229,0.3029482770708726,0.3775410609601397,0.462337909897778,0.2706395875267456,0.3536251431717355,0.4330781483359193,0.1610843824976706,0.2130218432137874,0.3085091353360799,0.1610843824976706,0.2130218432137874,0.3085091353360799,0.0,0.0,0.0077297936546774,0.0,0.0,0.0077297936546774,0.56818887563147,0.7049945422207007,0.828467895162347,0.56818887563147,0.7049945422207007,0.828467895162347,0.1626304273249146,0.2121750859030413,0.2628828934037608,4950.5,5482.0,6524.2,102.21780916666664,108.94780361111114,130.578057638889,82.50833333333334,91.36666666666667,108.73666666666668,214.8188573888889,218.20745222222223,231.88380213888885
YAW90_LEFT,BUS_B_to_BUS_A,BUS_B,BUS_A,ACC_MAG_GYR,ZSCORE,FIVE_PARTITION_UNLABELED_BUDGET,18,5,0.641093285627723,0.6562745098039215,0.708781099242192,0.4765051505576023,0.5164239988509354,0.5640266130344055,0.4195485605465665,0.4666696799594085,0.5114613288812815,0.2365251772369599,0.2902925382884195,0.3511612484257306,0.2365251772369599,0.2902925382884195,0.3511612484257306,0.0,0.0,0.0036253776435045,0.0,0.0,0.0036253776435045,0.9662650281518388,0.984375,0.9969320122368842,0.9662650281518388,0.984375,0.9969320122368842,0.2517291363279399,0.2800018079756451,0.3078435647003701,6445.2,7203.0,8392.0,133.17506311111111,144.022228611111,168.51347488888894,107.42,120.05,139.86666666666667,277.1070373333333,282.78648527777773,301.3703464444444
YAW90_LEFT,BUS_B_to_BUS_A,BUS_B,BUS_A,ACC_MAG_GYR,QUANTILE,FIVE_PARTITION_UNLABELED_BUDGET,18,5,0.649211128199662,0.6814784891941023,0.7491404564976838,0.5073077333226403,0.592424081252505,0.6145974633413825,0.4696877864859997,0.5560099957007614,0.5830739053824964,0.3019485845429517,0.4097851991403285,0.4472998594718382,0.3019485845429517,0.4097851991403285,0.4472998594718382,0.1584093872229465,0.2540106951871658,0.3253205567558982,0.1584093872229465,0.2540106951871658,0.3253205567558982,0.9729053923151436,0.9857488572196828,0.9962938473268164,0.9729053923151436,0.9857488572196828,0.9962938473268164,0.346089073456137,0.4352102754953231,0.4795523662325592,6445.2,7203.0,8392.0,133.17506311111111,144.022228611111,168.51347488888894,107.42,120.05,139.86666666666667,277.1070373333333,282.78648527777773,301.3703464444444
YAW90_LEFT,BUS_B_to_BUS_A,BUS_B,BUS_A,ACC_MAG_GYR,CORAL,FIVE_PARTITION_UNLABELED_BUDGET,18,5,0.3817505949842851,0.4862150452934226,0.5678507915721297,0.3155879062915876,0.3841721374341178,0.4688426154935366,0.2799647222076144,0.3624343147049742,0.4360091207018909,0.1655394506104419,0.2270365843938708,0.3103557724241839,0.1655394506104419,0.2270365843938708,0.3103557724241839,0.0,0.0,0.0260663090317474,0.0,0.0,0.0260663090317474,0.5897271651766657,0.713272543059777,0.8564848578172798,0.5897271651766657,0.713272543059777,0.8564848578172798,0.1679788333245686,0.2224906204251451,0.2680043295366681,6445.2,7203.0,8392.0,133.17506311111111,144.022228611111,168.51347488888894,107.42,120.05,139.86666666666667,277.1070373333333,282.78648527777773,301.3703464444444
