bus_b_orientation,direction,source_vehicle,target_vehicle,sensor_config,method,protocol,budget_k_days,n_runs,n_test_splits,accuracy_p25,accuracy_p50,accuracy_p75,balanced_accuracy_p25,balanced_accuracy_p50,balanced_accuracy_p75,macro_f1_p25,macro_f1_p50,macro_f1_p75,stationary_macro_f1_p25,stationary_macro_f1_p50,stationary_macro_f1_p75,stationary_macro_f1_p25,stationary_macro_f1_p50,stationary_macro_f1_p75,charging_f1_p25,charging_f1_p50,charging_f1_p75,charging_f1_p25,charging_f1_p50,charging_f1_p75,driving_f1_p25,driving_f1_p50,driving_f1_p75,driving_f1_p25,driving_f1_p50,driving_f1_p75,objective_score_p25,objective_score_p50,objective_score_p75,adaptation_rows_p25,adaptation_rows_p50,adaptation_rows_p75,adaptation_hours_p25,adaptation_hours_p50,adaptation_hours_p75,adaptation_window_hours_p25,adaptation_window_hours_p50,adaptation_window_hours_p75,adaptation_span_hours_p25,adaptation_span_hours_p50,adaptation_span_hours_p75
RECORDED,BUS_A_to_BUS_B,BUS_A,BUS_B,ACC,ZSCORE,FIVE_PARTITION_UNLABELED_BUDGET,1,50,5,0.5712143607201051,0.6031741760554412,0.6484310886050118,0.542811942523328,0.5943138160499329,0.6391066818331107,0.4241430626528652,0.4743858485610217,0.5389529361145664,0.2452005188871056,0.3106537414233195,0.3946278445933516,0.2452005188871056,0.3106537414233195,0.3946278445933516,0.0,0.001717475627922,0.1023968014937446,0.0,0.001717475627922,0.1023968014937446,0.9604284474835127,0.9728426037842332,0.9779395288355576,0.9604284474835127,0.9728426037842332,0.9779395288355576,0.2555172101697073,0.28626071694974,0.3653510490596627,589.0,736.5,964.0,11.421680833333337,13.553874444444444,17.34404888888889,9.816666666666666,12.275,16.066666666666666,13.905689444444446,15.772793472222222,19.13559763888889
RECORDED,BUS_A_to_BUS_B,BUS_A,BUS_B,ACC,QUANTILE,FIVE_PARTITION_UNLABELED_BUDGET,1,50,5,0.5111912936586263,0.5849259604554551,0.6287292963907992,0.5409226021423748,0.5779697498948344,0.6194550223259119,0.4250890517500865,0.4772080483606062,0.500032541987053,0.2759636510944347,0.3277018662050223,0.3772566116247465,0.2759636510944347,0.3277018662050223,0.3772566116247465,0.0003494060097833,0.0599107943036827,0.1744990153344155,0.0003494060097833,0.0599107943036827,0.1744990153344155,0.7993926925975269,0.8991350376356699,0.9380375048591773,0.7993926925975269,0.8991350376356699,0.9380375048591773,0.264957575236915,0.2952564728161631,0.3680676710222243,589.0,736.5,964.0,11.421680833333337,13.553874444444444,17.34404888888889,9.816666666666666,12.275,16.066666666666666,13.905689444444446,15.772793472222222,19.13559763888889
RECORDED,BUS_A_to_BUS_B,BUS_A,BUS_B,ACC,CORAL,FIVE_PARTITION_UNLABELED_BUDGET,1,50,5,0.5115443779526061,0.5401334411645774,0.5615653726162677,0.4594457607478991,0.5097101083347022,0.5420066110472666,0.3895195301125009,0.4144091039653816,0.4482836763550343,0.2258185213795864,0.2588936491369848,0.2989644364114727,0.2258185213795864,0.2588936491369848,0.2989644364114727,0.0015149251150935,0.0049797365754812,0.0776184929564575,0.0015149251150935,0.0049797365754812,0.0776184929564575,0.8461222218618669,0.903525077417442,0.9274808196039518,0.8461222218618669,0.903525077417442,0.9274808196039518,0.2382258734824051,0.2579755347453374,0.286310880740498,589.0,736.5,964.0,11.421680833333337,13.553874444444444,17.34404888888889,9.816666666666666,12.275,16.066666666666666,13.905689444444446,15.772793472222222,19.13559763888889
RECORDED,BUS_A_to_BUS_B,BUS_A,BUS_B,ACC,ZSCORE,FIVE_PARTITION_UNLABELED_BUDGET,3,50,5,0.6137628000751302,0.676702307259426,0.8080188130319332,0.516397439176225,0.5845105211196763,0.7025479169543637,0.4491336696519425,0.4947823960962888,0.6989524896523763,0.276252153209229,0.3415630498204685,0.6078325720508089,0.276252153209229,0.3415630498204685,0.6078325720508089,0.0,0.0611567315490673,0.7674990205881149,0.0,0.0611567315490673,0.7674990205881149,0.9504022896178276,0.9702140508622424,0.9767022590909342,0.9504022896178276,0.9702140508622424,0.9767022590909342,0.2714375972846329,0.3086931455006,0.7286053294489587,882.0,1372.0,1831.0,16.609659097222224,26.11466263888889,34.0089870138889,14.7,22.866666666666667,30.516666666666666,27.94670875,36.40455805555556,43.86834604166666
RECORDED,BUS_A_to_BUS_B,BUS_A,BUS_B,ACC,QUANTILE,FIVE_PARTITION_UNLABELED_BUDGET,3,50,5,0.6058426562460942,0.663405767733855,0.7347191149940334,0.5851931978319307,0.6341943495048125,0.7249787493849545,0.4964336399742545,0.5504782926254711,0.6631835715200647,0.3518110073132676,0.4545090367844903,0.5754022224736738,0.3518110073132676,0.4545090367844903,0.5754022224736738,0.0749732771629778,0.3314994665037877,0.6186808282545402,0.0749732771629778,0.3314994665037877,0.6186808282545402,0.8907717306990536,0.9319038519944116,0.968707740356752,0.8907717306990536,0.9319038519944116,0.968707740356752,0.317187206077281,0.4991011397669886,0.6456368211401767,882.0,1372.0,1831.0,16.609659097222224,26.11466263888889,34.0089870138889,14.7,22.866666666666667,30.516666666666666,27.94670875,36.40455805555556,43.86834604166666
RECORDED,BUS_A_to_BUS_B,BUS_A,BUS_B,ACC,CORAL,FIVE_PARTITION_UNLABELED_BUDGET,3,50,5,0.5654628592758492,0.5923155389323359,0.6638969628991993,0.4946440971410805,0.5510397301642828,0.6052682257182653,0.4175921628415219,0.4707776352934516,0.565097832589588,0.2599505596893331,0.3238194459659705,0.4546523219033943,0.2599505596893331,0.3238194459659705,0.4546523219033943,0.0086309251289564,0.0808715249105422,0.4634582462638829,0.0086309251289564,0.0808715249105422,0.4634582462638829,0.8960093428530737,0.910496326453666,0.9186326720744776,0.8960093428530737,0.910496326453666,0.9186326720744776,0.2586371632199509,0.3055751998600255,0.5300509091732394,882.0,1372.0,1831.0,16.609659097222224,26.11466263888889,34.0089870138889,14.7,22.866666666666667,30.516666666666666,27.94670875,36.40455805555556,43.86834604166666
RECORDED,BUS_A_to_BUS_B,BUS_A,BUS_B,ACC,ZSCORE,FIVE_PARTITION_UNLABELED_BUDGET,7,50,5,0.7016320979258756,0.8047113566006785,0.8281229158277463,0.6121914587991537,0.6923524417457763,0.7171305512096324,0.592477056611971,0.6921838687136062,0.7184040848988671,0.4675063838571768,0.5992226453197382,0.633190237089033,0.4675063838571768,0.5992226453197382,0.633190237089033,0.3881131263428289,0.7514585861577948,0.8026494010310579,0.3881131263428289,0.7514585861577948,0.8026494010310579,0.9603018487279082,0.9683239611448956,0.974567130549948,0.9603018487279082,0.9683239611448956,0.974567130549948,0.5248748097531801,0.7167056202083837,0.7579759461348314,2863.25,3423.5,3867.5,53.69083277777782,64.76694652777776,72.11586145833337,47.72083333333333,57.05833333333334,64.45833333333334,74.31092666666666,85.10909194444443,94.63826236111112
RECORDED,BUS_A_to_BUS_B,BUS_A,BUS_B,ACC,QUANTILE,FIVE_PARTITION_UNLABELED_BUDGET,7,50,5,0.7229619280463104,0.7607157298827335,0.7989384288747347,0.7055331662778432,0.7421093501252174,0.7819815424272665,0.6546524556954818,0.691782662590465,0.7402785726072068,0.5525909873601037,0.6011875284967226,0.660953306479443,0.5525909873601037,0.6011875284967226,0.660953306479443,0.5852472647128576,0.6732676623153147,0.7926543897509724,0.5852472647128576,0.6732676623153147,0.7926543897509724,0.9383166616326384,0.9601858380700206,0.9707376804008075,0.9383166616326384,0.9601858380700206,0.9707376804008075,0.629145571284545,0.6920539296162675,0.7606539603382437,2863.25,3423.5,3867.5,53.69083277777782,64.76694652777776,72.11586145833337,47.72083333333333,57.05833333333334,64.45833333333334,74.31092666666666,85.10909194444443,94.63826236111112
RECORDED,BUS_A_to_BUS_B,BUS_A,BUS_B,ACC,CORAL,FIVE_PARTITION_UNLABELED_BUDGET,7,50,5,0.6365485330263121,0.6756455715611553,0.7162440297909152,0.5959610369645527,0.6261848414440656,0.6647513401497944,0.5304317740986229,0.5898855173905422,0.6255731104966864,0.4022574925590267,0.4815619735121873,0.5309856971080766,0.4022574925590267,0.4815619735121873,0.5309856971080766,0.2759503781204951,0.4996190293590169,0.6242253035514078,0.2759503781204951,0.4996190293590169,0.6242253035514078,0.9066431251379388,0.913132528849075,0.9203862601309712,0.9066431251379388,0.913132528849075,0.9203862601309712,0.4386751851638067,0.5571642418244909,0.6171930996267343,2863.25,3423.5,3867.5,53.69083277777782,64.76694652777776,72.11586145833337,47.72083333333333,57.05833333333334,64.45833333333334,74.31092666666666,85.10909194444443,94.63826236111112
RECORDED,BUS_A_to_BUS_B,BUS_A,BUS_B,ACC,ZSCORE,FIVE_PARTITION_UNLABELED_BUDGET,14,50,5,0.8159623713294392,0.8236728568748828,0.8353248845493109,0.6930084491844317,0.7024254205185696,0.7257856228900891,0.6970721897354792,0.7066879609587006,0.7194877149979401,0.6059411801186958,0.6191819771799651,0.6365551460459149,0.6059411801186958,0.6191819771799651,0.6365551460459149,0.7670880046807186,0.7868604103756913,0.8299273672883788,0.7670880046807186,0.7868604103756913,0.8299273672883788,0.9647945799953536,0.9688118973991768,0.9721989970485576,0.9647945799953536,0.9688118973991768,0.9721989970485576,0.7259332741309323,0.741258296276689,0.7612468468696983,6078.5,6596.0,7111.75,114.20434597222226,122.67233569444431,132.0780080555556,101.30833333333334,109.93333333333334,118.52916666666668,158.38942458333332,166.7712204166667,177.55560868055557
RECORDED,BUS_A_to_BUS_B,BUS_A,BUS_B,ACC,QUANTILE,FIVE_PARTITION_UNLABELED_BUDGET,14,50,5,0.7609649122807017,0.8104033970276009,0.8268839508858199,0.7607696297663605,0.7807476325489318,0.8094326662696396,0.7098007711890987,0.7365284208198355,0.7622177428427401,0.629640882127191,0.6625095596073167,0.6895392277117119,0.629640882127191,0.6625095596073167,0.6895392277117119,0.7047181691853396,0.7673482553025119,0.8278224179441889,0.7047181691853396,0.7673482553025119,0.8278224179441889,0.9628057918671564,0.9717052946964326,0.9754831427759062,0.9628057918671564,0.9717052946964326,0.9754831427759062,0.7097386308206752,0.7615885385845838,0.7845680006457765,6078.5,6596.0,7111.75,114.20434597222226,122.67233569444431,132.0780080555556,101.30833333333334,109.93333333333334,118.52916666666668,158.38942458333332,166.7712204166667,177.55560868055557
RECORDED,BUS_A_to_BUS_B,BUS_A,BUS_B,ACC,CORAL,FIVE_PARTITION_UNLABELED_BUDGET,14,50,5,0.7065419516992442,0.73548078956518,0.7589466235341691,0.6590259504721433,0.6753156917079775,0.6876904659998795,0.6293187690972288,0.6504508297368086,0.6662925313591115,0.535666003638454,0.5644514435793578,0.588997194824211,0.535666003638454,0.5644514435793578,0.588997194824211,0.6122242485322583,0.703426143233056,0.7871962524126835,0.6122242485322583,0.703426143233056,0.7871962524126835,0.9062640220988276,0.9143613748743422,0.9178772745201568,0.9062640220988276,0.9143613748743422,0.9178772745201568,0.6268971578667336,0.668246780857165,0.7080252823844104,6078.5,6596.0,7111.75,114.20434597222226,122.67233569444431,132.0780080555556,101.30833333333334,109.93333333333334,118.52916666666668,158.38942458333332,166.7712204166667,177.55560868055557
RECORDED,BUS_A_to_BUS_B,BUS_A,BUS_B,ACC,ZSCORE,FIVE_PARTITION_UNLABELED_BUDGET,18,5,5,0.824798349277809,0.8346072186836518,0.8374443995147594,0.7059310902045248,0.7099107281776054,0.7157211647871002,0.7035138754696808,0.7087980902761848,0.7114557698366587,0.615515492202655,0.6227065411274365,0.6248087879690559,0.615515492202655,0.6227065411274365,0.6248087879690559,0.7868357487922706,0.822998193859121,0.843579766536965,0.7868357487922706,0.822998193859121,0.843579766536965,0.967509025270758,0.9686119507091374,0.9692671394799054,0.967509025270758,0.9686119507091374,0.9692671394799054,0.7359637469685555,0.7560727394456437,0.7627107607804968,7990.0,8375.0,8611.0,150.05160749999996,158.7114808333332,160.7930033333332,133.16666666666666,139.58333333333334,143.51666666666668,212.32198277777775,212.34181361111115,215.87509
RECORDED,BUS_A_to_BUS_B,BUS_A,BUS_B,ACC,QUANTILE,FIVE_PARTITION_UNLABELED_BUDGET,18,5,5,0.7872611464968153,0.8048282896973818,0.8141097424412094,0.7762615827563967,0.7773533070689287,0.7909181378903033,0.7327543160866202,0.7340924815160035,0.7532899691729651,0.6519500400416318,0.6570044343551565,0.679490415573328,0.6519500400416318,0.6570044343551565,0.679490415573328,0.6952931461601982,0.7654814222932481,0.8056984566679858,0.6952931461601982,0.7654814222932481,0.8056984566679858,0.9746886299718762,0.9751671442215856,0.9769606702350476,0.9746886299718762,0.9751671442215856,0.9769606702350476,0.7300912399678583,0.7627348715767964,0.762784161065956,7990.0,8375.0,8611.0,150.05160749999996,158.7114808333332,160.7930033333332,133.16666666666666,139.58333333333334,143.51666666666668,212.32198277777775,212.34181361111115,215.87509
RECORDED,BUS_A_to_BUS_B,BUS_A,BUS_B,ACC,CORAL,FIVE_PARTITION_UNLABELED_BUDGET,18,5,5,0.7321761851437103,0.7514537610204465,0.7522292993630574,0.665684085809533,0.6940756755125072,0.6950122996652227,0.6473451577813247,0.6611162467414203,0.665275599773965,0.5576334641658032,0.5792893305126188,0.5811686108574183,0.5576334641658032,0.5792893305126188,0.5811686108574183,0.7028728846910665,0.7672162948593598,0.7714851485148515,0.7028728846910665,0.7672162948593598,0.7714851485148515,0.9065969954278248,0.9162098668754894,0.9164802386278896,0.9065969954278248,0.9162098668754894,0.9164802386278896,0.6778189019212788,0.7034675022337489,0.706051877808123,7990.0,8375.0,8611.0,150.05160749999996,158.7114808333332,160.7930033333332,133.16666666666666,139.58333333333334,143.51666666666668,212.32198277777775,212.34181361111115,215.87509
RECORDED,BUS_A_to_BUS_B,BUS_A,BUS_B,ACC_MAG,ZSCORE,FIVE_PARTITION_UNLABELED_BUDGET,1,50,5,0.6123748520746263,0.6949436906188109,0.7522863008585293,0.5463533016830425,0.6402321709255299,0.7175305314068157,0.4648814283193863,0.5860424277586453,0.6912032937949517,0.2981860618309034,0.4572725950261782,0.5963302487313976,0.2981860618309034,0.4572725950261782,0.5963302487313976,0.0210297912268355,0.4801129006129981,0.660521089698908,0.0210297912268355,0.4801129006129981,0.660521089698908,0.958234308272124,0.9723574645964872,0.977957042195611,0.958234308272124,0.9723574645964872,0.977957042195611,0.2887829145489067,0.5330193808113742,0.659364776637281,589.0,736.5,964.0,11.421680833333337,13.553874444444444,17.34404888888889,9.816666666666666,12.275,16.066666666666666,13.905689444444446,15.772793472222222,19.13559763888889
RECORDED,BUS_A_to_BUS_B,BUS_A,BUS_B,ACC_MAG,QUANTILE,FIVE_PARTITION_UNLABELED_BUDGET,1,50,5,0.5686077488748298,0.6145435244161359,0.6766592449669571,0.536000905941669,0.6036174025879616,0.6433275909851386,0.4832007468168928,0.5306715207910182,0.5826396384029627,0.3413423144719196,0.4219599659062294,0.4968500471735086,0.3413423144719196,0.4219599659062294,0.4968500471735086,0.0653445950230781,0.2736478752453434,0.5060982020001252,0.0653445950230781,0.2736478752453434,0.5060982020001252,0.7892710727723344,0.9060511641982644,0.938364624505929,0.7892710727723344,0.9060511641982644,0.938364624505929,0.3290537209519918,0.4240001874787162,0.5713723113753729,589.0,736.5,964.0,11.421680833333337,13.553874444444444,17.34404888888889,9.816666666666666,12.275,16.066666666666666,13.905689444444446,15.772793472222222,19.13559763888889
RECORDED,BUS_A_to_BUS_B,BUS_A,BUS_B,ACC_MAG,CORAL,FIVE_PARTITION_UNLABELED_BUDGET,1,50,5,0.3325719150367705,0.4062840731045665,0.4293113101903695,0.2807302008249138,0.35158900707637,0.3869201697311408,0.2011563371442569,0.2867887633847946,0.3170149914307337,0.0842382516586639,0.1401925751428966,0.1848423756340094,0.0842382516586639,0.1401925751428966,0.1848423756340094,0.0,0.0,0.0026540031733458,0.0,0.0,0.0026540031733458,0.5777999250743171,0.6879978670767231,0.7631396289016457,0.5777999250743171,0.6879978670767231,0.7631396289016457,0.126294667987633,0.1740097197108131,0.1902089948584402,589.0,736.5,964.0,11.421680833333337,13.553874444444444,17.34404888888889,9.816666666666666,12.275,16.066666666666666,13.905689444444446,15.772793472222222,19.13559763888889
RECORDED,BUS_A_to_BUS_B,BUS_A,BUS_B,ACC_MAG,ZSCORE,FIVE_PARTITION_UNLABELED_BUDGET,3,50,5,0.6410488691885098,0.7003981937360975,0.7820866747784271,0.4957445533403442,0.587612414385404,0.739676096085446,0.4348953841823521,0.58507937144885,0.6957380736381231,0.2597439960442515,0.4607542398731421,0.6033367021791902,0.2597439960442515,0.4607542398731421,0.6033367021791902,0.0,0.4169952018848188,0.7176549325150641,0.0,0.4169952018848188,0.7176549325150641,0.9504824932973092,0.9693985510800788,0.9755687584017704,0.9504824932973092,0.9693985510800788,0.9755687584017704,0.2609372305094112,0.512521219890866,0.7006281876930022,882.0,1372.0,1831.0,16.609659097222224,26.11466263888889,34.0089870138889,14.7,22.866666666666667,30.516666666666666,27.94670875,36.40455805555556,43.86834604166666
RECORDED,BUS_A_to_BUS_B,BUS_A,BUS_B,ACC_MAG,QUANTILE,FIVE_PARTITION_UNLABELED_BUDGET,3,50,5,0.6439402961464971,0.6911578834947729,0.7466922085280636,0.5812070361373681,0.666445060718194,0.7323535517806228,0.5334454857656866,0.607853411286273,0.6765089957673128,0.3962311652936163,0.4940953406439415,0.5859016825278498,0.3962311652936163,0.4940953406439415,0.5859016825278498,0.1807263747391043,0.429252100430127,0.6009680472414638,0.1807263747391043,0.429252100430127,0.6009680472414638,0.8940675354465963,0.9360639795382542,0.972039396303037,0.8940675354465963,0.9360639795382542,0.972039396303037,0.3977478629526706,0.5285931695044299,0.6295499450373307,882.0,1372.0,1831.0,16.609659097222224,26.11466263888889,34.0089870138889,14.7,22.866666666666667,30.516666666666666,27.94670875,36.40455805555556,43.86834604166666
RECORDED,BUS_A_to_BUS_B,BUS_A,BUS_B,ACC_MAG,CORAL,FIVE_PARTITION_UNLABELED_BUDGET,3,50,5,0.4624209233118543,0.4992308604282469,0.5430125807548454,0.384470976608755,0.413905208526337,0.4680583271355857,0.3210675555925415,0.3768336994803952,0.4293449342214083,0.1685595325523158,0.2148416142224358,0.2864426909303711,0.1685595325523158,0.2148416142224358,0.2864426909303711,0.001817396215116,0.0515309224907147,0.2383877257761525,0.001817396215116,0.0515309224907147,0.2383877257761525,0.7343802335707746,0.8477905434831432,0.8912002335232825,0.7343802335707746,0.8477905434831432,0.8912002335232825,0.1969100981499906,0.2767276614966132,0.3519240346844488,882.0,1372.0,1831.0,16.609659097222224,26.11466263888889,34.0089870138889,14.7,22.866666666666667,30.516666666666666,27.94670875,36.40455805555556,43.86834604166666
RECORDED,BUS_A_to_BUS_B,BUS_A,BUS_B,ACC_MAG,ZSCORE,FIVE_PARTITION_UNLABELED_BUDGET,7,50,5,0.6998217970362034,0.7751043319411408,0.8353210766038602,0.5715650228447029,0.7350295031679744,0.7765257287985297,0.5524394647171693,0.7074482611330175,0.7596440990525163,0.4189845923699049,0.6195993050920416,0.6898311080365839,0.4189845923699049,0.6195993050920416,0.6898311080365839,0.4037335735840466,0.6740907047138831,0.7978518102319476,0.4037335735840466,0.6740907047138831,0.7978518102319476,0.9580394938308864,0.9683952867336424,0.9742497815004908,0.9580394938308864,0.9683952867336424,0.9742497815004908,0.4906644059517852,0.6895816156249852,0.7713743241476192,2863.25,3423.5,3867.5,53.69083277777782,64.76694652777776,72.11586145833337,47.72083333333333,57.05833333333334,64.45833333333334,74.31092666666666,85.10909194444443,94.63826236111112
RECORDED,BUS_A_to_BUS_B,BUS_A,BUS_B,ACC_MAG,QUANTILE,FIVE_PARTITION_UNLABELED_BUDGET,7,50,5,0.6852563396556758,0.7094429606201327,0.7619025358262296,0.6512824634501957,0.6927099354369814,0.727280212656314,0.5770162864368017,0.6293489097656387,0.6974623638003763,0.447491197167913,0.5207359744040714,0.6058160111697453,0.447491197167913,0.5207359744040714,0.6058160111697453,0.2737904331343113,0.4527986664374517,0.6609942747009807,0.2737904331343113,0.4527986664374517,0.6609942747009807,0.9435103436437278,0.9662690573314654,0.9766200534783196,0.9435103436437278,0.9662690573314654,0.9766200534783196,0.4559926877399343,0.5668636119238081,0.6846991735145465,2863.25,3423.5,3867.5,53.69083277777782,64.76694652777776,72.11586145833337,47.72083333333333,57.05833333333334,64.45833333333334,74.31092666666666,85.10909194444443,94.63826236111112
RECORDED,BUS_A_to_BUS_B,BUS_A,BUS_B,ACC_MAG,CORAL,FIVE_PARTITION_UNLABELED_BUDGET,7,50,5,0.5733359815684647,0.6109341825902335,0.6491718142506244,0.4926135805099025,0.5440355253334268,0.602069655832768,0.4351438479245755,0.495085831008318,0.5476824436934242,0.277910206862828,0.3555740901525123,0.4186656400349438,0.277910206862828,0.3555740901525123,0.4186656400349438,0.055002195871761,0.3389068682848589,0.5394580209254829,0.055002195871761,0.3389068682848589,0.5394580209254829,0.909555133494664,0.9247537627268704,0.9348134493605004,0.909555133494664,0.9247537627268704,0.9348134493605004,0.2903823006584754,0.42911267420587,0.5357138869087892,2863.25,3423.5,3867.5,53.69083277777782,64.76694652777776,72.11586145833337,47.72083333333333,57.05833333333334,64.45833333333334,74.31092666666666,85.10909194444443,94.63826236111112
RECORDED,BUS_A_to_BUS_B,BUS_A,BUS_B,ACC_MAG,ZSCORE,FIVE_PARTITION_UNLABELED_BUDGET,14,50,5,0.7658641284061217,0.8324471499803776,0.854981458332257,0.689127292229739,0.7552388604637855,0.7758829993046252,0.6960083262325303,0.7469002341576598,0.7764621804458446,0.6033038196595294,0.6740986261848156,0.714401486773647,0.6033038196595294,0.6740986261848156,0.714401486773647,0.6539180092070341,0.7819279505930679,0.8410767144638834,0.6539180092070341,0.7819279505930679,0.8410767144638834,0.9631439006361198,0.9672607383299208,0.9721142589515273,0.9631439006361198,0.9672607383299208,0.9721142589515273,0.6810020255057812,0.7602919900287068,0.8039637621170617,6078.5,6596.0,7111.75,114.20434597222226,122.67233569444431,132.0780080555556,101.30833333333334,109.93333333333334,118.52916666666668,158.38942458333332,166.7712204166667,177.55560868055557
RECORDED,BUS_A_to_BUS_B,BUS_A,BUS_B,ACC_MAG,QUANTILE,FIVE_PARTITION_UNLABELED_BUDGET,14,50,5,0.6809660058281868,0.7222929936305732,0.751410436494858,0.6612007279679996,0.6888613963049872,0.7198622836817643,0.5754147692706073,0.633761416603365,0.6661216126152494,0.4423993776516273,0.5221332636781852,0.5634140112862824,0.4423993776516273,0.5221332636781852,0.5634140112862824,0.2822185164538355,0.497690435142249,0.5819427191166322,0.2822185164538355,0.497690435142249,0.5819427191166322,0.9662339469050468,0.9748677533928982,0.9791231435803872,0.9662339469050468,0.9748677533928982,0.9791231435803872,0.4709582268355501,0.5779885955642253,0.6314952628126682,6078.5,6596.0,7111.75,114.20434597222226,122.67233569444431,132.0780080555556,101.30833333333334,109.93333333333334,118.52916666666668,158.38942458333332,166.7712204166667,177.55560868055557
RECORDED,BUS_A_to_BUS_B,BUS_A,BUS_B,ACC_MAG,CORAL,FIVE_PARTITION_UNLABELED_BUDGET,14,50,5,0.6243320858906767,0.6512647183516811,0.6812308738524312,0.5424814069820258,0.5950782874230658,0.6401715016491462,0.496606208879098,0.5467106293610501,0.5851767161561723,0.3526331558628749,0.4155565815117791,0.4674494404666356,0.3526331558628749,0.4155565815117791,0.4674494404666356,0.3061979209636168,0.4095821124320354,0.523626443204882,0.3061979209636168,0.4095821124320354,0.523626443204882,0.9287694776082784,0.9352639415870628,0.9421753890921916,0.9287694776082784,0.9352639415870628,0.9421753890921916,0.4238798775564414,0.495292078786122,0.5589157986913883,6078.5,6596.0,7111.75,114.20434597222226,122.67233569444431,132.0780080555556,101.30833333333334,109.93333333333334,118.52916666666668,158.38942458333332,166.7712204166667,177.55560868055557
RECORDED,BUS_A_to_BUS_B,BUS_A,BUS_B,ACC_MAG,ZSCORE,FIVE_PARTITION_UNLABELED_BUDGET,18,5,5,0.8099474322684997,0.8373663477771525,0.8507430997876858,0.6939735743384732,0.7407712051842466,0.7747790258974832,0.7133736750408917,0.7417450002400393,0.7820693483220992,0.6294061802533881,0.6668587977646222,0.7207030073090879,0.6294061802533881,0.6668587977646222,0.7207030073090879,0.7283135182738881,0.7879017013232514,0.8246575342465754,0.7283135182738881,0.7879017013232514,0.8246575342465754,0.9652761594034024,0.966168371361133,0.9664036076662909,0.9652761594034024,0.966168371361133,0.9664036076662909,0.7174268894578568,0.7602076806733242,0.807476030305971,7990.0,8375.0,8611.0,150.05160749999996,158.7114808333332,160.7930033333332,133.16666666666666,139.58333333333334,143.51666666666668,212.32198277777775,212.34181361111115,215.87509
RECORDED,BUS_A_to_BUS_B,BUS_A,BUS_B,ACC_MAG,QUANTILE,FIVE_PARTITION_UNLABELED_BUDGET,18,5,5,0.6726390444195596,0.6851380042462845,0.7103026181570894,0.6609449610418496,0.6712274712341709,0.6740024240538001,0.5663878851981181,0.6244320990946616,0.6256977587564321,0.4287848790224222,0.5078839133899647,0.5081997476515935,0.4287848790224222,0.5078839133899647,0.5081997476515935,0.1910331384015594,0.4329140461215933,0.4353819643882826,0.1910331384015594,0.4329140461215933,0.4353819643882826,0.9747292418772564,0.9791915809614924,0.9791969037252056,0.9747292418772564,0.9791915809614924,0.9791969037252056,0.4009373139625841,0.5478248779054342,0.5497457379743081,7990.0,8375.0,8611.0,150.05160749999996,158.7114808333332,160.7930033333332,133.16666666666666,139.58333333333334,143.51666666666668,212.32198277777775,212.34181361111115,215.87509
RECORDED,BUS_A_to_BUS_B,BUS_A,BUS_B,ACC_MAG,CORAL,FIVE_PARTITION_UNLABELED_BUDGET,18,5,5,0.6433481601293974,0.6492215344213094,0.6841210472628357,0.5659250125895681,0.6104743321789762,0.6391035398867153,0.5178142526701609,0.534612449123623,0.5970981809545368,0.3801561078753828,0.4040907864912272,0.4815241663663487,0.3801561078753828,0.4040907864912272,0.4815241663663487,0.3748238609675904,0.4199475065616798,0.4327018943170488,0.3748238609675904,0.4199475065616798,0.4327018943170488,0.9307886870544952,0.935969445068524,0.9434782608695652,0.9307886870544952,0.935969445068524,0.9434782608695652,0.4541747584915837,0.4786675542267684,0.5313396662995417,7990.0,8375.0,8611.0,150.05160749999996,158.7114808333332,160.7930033333332,133.16666666666666,139.58333333333334,143.51666666666668,212.32198277777775,212.34181361111115,215.87509
RECORDED,BUS_A_to_BUS_B,BUS_A,BUS_B,ACC_GYR,ZSCORE,FIVE_PARTITION_UNLABELED_BUDGET,1,50,5,0.606426169009631,0.6728930757519018,0.7401050459576064,0.4937042849826275,0.5791349482619119,0.6792084577602026,0.4223625292019183,0.5557115033004196,0.6320845296044284,0.2336149661492473,0.4137059685485855,0.5144754466893291,0.2336149661492473,0.4137059685485855,0.5144754466893291,0.0020575478159025,0.375823883750589,0.6913630187747035,0.0020575478159025,0.375823883750589,0.6913630187747035,0.9800067481444747,0.9865655784345104,0.9908138490347648,0.9800067481444747,0.9865655784345104,0.9908138490347648,0.2608017291991231,0.4963362323579652,0.6755141580699329,589.0,736.5,964.0,11.421680833333337,13.553874444444444,17.34404888888889,9.816666666666666,12.275,16.066666666666666,13.905689444444446,15.772793472222222,19.13559763888889
RECORDED,BUS_A_to_BUS_B,BUS_A,BUS_B,ACC_GYR,QUANTILE,FIVE_PARTITION_UNLABELED_BUDGET,1,50,5,0.5380890689510407,0.6163032140856004,0.651032488454931,0.5215467038043904,0.5576736276653086,0.6305089904624761,0.437269479853892,0.4891793767468337,0.5368906844329728,0.2780964346132978,0.3350283165801399,0.4063755194541246,0.2780964346132978,0.3350283165801399,0.4063755194541246,0.0016032441650637,0.1490876695687386,0.3646218600198528,0.0016032441650637,0.1490876695687386,0.3646218600198528,0.8738949116961902,0.9468774818937218,0.9600187686278436,0.8738949116961902,0.9468774818937218,0.9600187686278436,0.2719472260511719,0.348851806955779,0.455523000344963,589.0,736.5,964.0,11.421680833333337,13.553874444444444,17.34404888888889,9.816666666666666,12.275,16.066666666666666,13.905689444444446,15.772793472222222,19.13559763888889
RECORDED,BUS_A_to_BUS_B,BUS_A,BUS_B,ACC_GYR,CORAL,FIVE_PARTITION_UNLABELED_BUDGET,1,50,5,0.4924097664543524,0.5384259870878877,0.5991983807445432,0.4009431862737229,0.4603079059392617,0.552567617133825,0.3595902422917749,0.4098872365493345,0.5130231109904182,0.2063121855827634,0.2571305006744747,0.3758798003234386,0.2063121855827634,0.2571305006744747,0.3758798003234386,0.0118112520771239,0.1333064735324629,0.4253533302897551,0.0118112520771239,0.1333064735324629,0.4253533302897551,0.7901277686592494,0.8859187674529536,0.9152203397192646,0.7901277686592494,0.8859187674529536,0.9152203397192646,0.2263638752754188,0.2880323394884601,0.4827854902182446,589.0,736.5,964.0,11.421680833333337,13.553874444444444,17.34404888888889,9.816666666666666,12.275,16.066666666666666,13.905689444444446,15.772793472222222,19.13559763888889
RECORDED,BUS_A_to_BUS_B,BUS_A,BUS_B,ACC_GYR,ZSCORE,FIVE_PARTITION_UNLABELED_BUDGET,3,50,5,0.6187865894333966,0.6982831765585676,0.7651273885350319,0.4963777808242977,0.5328368267773442,0.6533049336908137,0.4291947821006571,0.514550187255505,0.6417701287493003,0.2431913243594955,0.3549869823235471,0.5284482724404556,0.2431913243594955,0.3549869823235471,0.5284482724404556,0.0,0.2987613163091723,0.6604976726723087,0.0,0.2987613163091723,0.6604976726723087,0.9752865465463544,0.9844670082619263,0.9900091214852236,0.9752865465463544,0.9844670082619263,0.9900091214852236,0.2582120705252483,0.4388040987023056,0.6423778895275233,882.0,1372.0,1831.0,16.609659097222224,26.11466263888889,34.0089870138889,14.7,22.866666666666667,30.516666666666666,27.94670875,36.40455805555556,43.86834604166666
RECORDED,BUS_A_to_BUS_B,BUS_A,BUS_B,ACC_GYR,QUANTILE,FIVE_PARTITION_UNLABELED_BUDGET,3,50,5,0.6149120286317873,0.6669787490858794,0.6954267256035362,0.553948077657329,0.6132549692959967,0.6786286317105077,0.4797226709340961,0.566384925961109,0.6190027668333062,0.3300267396316046,0.4408404158212903,0.5186112153064666,0.3300267396316046,0.4408404158212903,0.5186112153064666,0.0993483963780993,0.341759551220943,0.5336755654599479,0.0993483963780993,0.341759551220943,0.5336755654599479,0.9204272689212448,0.954924125182276,0.9791852908784012,0.9204272689212448,0.954924125182276,0.9791852908784012,0.3247736049059493,0.4698393051026353,0.5834259418755942,882.0,1372.0,1831.0,16.609659097222224,26.11466263888889,34.0089870138889,14.7,22.866666666666667,30.516666666666666,27.94670875,36.40455805555556,43.86834604166666
RECORDED,BUS_A_to_BUS_B,BUS_A,BUS_B,ACC_GYR,CORAL,FIVE_PARTITION_UNLABELED_BUDGET,3,50,5,0.5575928322144122,0.5843919085251272,0.6387812183753959,0.4649825846290795,0.5174554233856842,0.5596320087533169,0.4187284079317613,0.4642438700254306,0.5406965474342074,0.2562470300744893,0.3152194275980396,0.4154165557243736,0.2562470300744893,0.3152194275980396,0.4154165557243736,0.0384439160908438,0.1724496121285112,0.4724996213210045,0.0384439160908438,0.1724496121285112,0.4724996213210045,0.8944656669062125,0.9115893030105509,0.9214614201149488,0.8944656669062125,0.9115893030105509,0.9214614201149488,0.2797179851291034,0.346661711800325,0.5141995053496484,882.0,1372.0,1831.0,16.609659097222224,26.11466263888889,34.0089870138889,14.7,22.866666666666667,30.516666666666666,27.94670875,36.40455805555556,43.86834604166666
RECORDED,BUS_A_to_BUS_B,BUS_A,BUS_B,ACC_GYR,ZSCORE,FIVE_PARTITION_UNLABELED_BUDGET,7,50,5,0.7042748136448393,0.8107821840860345,0.8311261625556006,0.5707883880089822,0.6793984668638586,0.7109285186666808,0.5743320889381367,0.6764885906905,0.7124557927807846,0.4470581698662336,0.5788383476011707,0.619698747320051,0.4470581698662336,0.5788383476011707,0.619698747320051,0.3879219352565237,0.7479392090832138,0.7978326712631082,0.3879219352565237,0.7479392090832138,0.7978326712631082,0.968907963190038,0.982235257747289,0.9881085412335412,0.968907963190038,0.982235257747289,0.9881085412335412,0.4997680274654915,0.7051541116410343,0.735507453210149,2863.25,3423.5,3867.5,53.69083277777782,64.76694652777776,72.11586145833337,47.72083333333333,57.05833333333334,64.45833333333334,74.31092666666666,85.10909194444443,94.63826236111112
RECORDED,BUS_A_to_BUS_B,BUS_A,BUS_B,ACC_GYR,QUANTILE,FIVE_PARTITION_UNLABELED_BUDGET,7,50,5,0.6950835468387127,0.7371125780510189,0.7634336597777095,0.6479510827266972,0.6919006684008118,0.7347986136058533,0.6168246700219964,0.6424026834814442,0.6928446827467357,0.5016796360203364,0.5326904876821617,0.6016852220331866,0.5016796360203364,0.5326904876821617,0.6016852220331866,0.4296670071264421,0.6020267328751442,0.6837390875356599,0.4296670071264421,0.6020267328751442,0.6837390875356599,0.9612516599859982,0.9752971335353064,0.9824134377782447,0.9612516599859982,0.9752971335353064,0.9824134377782447,0.5458581249443661,0.6220449996460398,0.6851624907970693,2863.25,3423.5,3867.5,53.69083277777782,64.76694652777776,72.11586145833337,47.72083333333333,57.05833333333334,64.45833333333334,74.31092666666666,85.10909194444443,94.63826236111112
RECORDED,BUS_A_to_BUS_B,BUS_A,BUS_B,ACC_GYR,CORAL,FIVE_PARTITION_UNLABELED_BUDGET,7,50,5,0.5997107129525943,0.6334029161919278,0.6681400884053044,0.5142988549353346,0.5441092191297436,0.5975163091343849,0.4812579533316088,0.5160326402250621,0.5663709201353508,0.3374675984634714,0.3784534788173388,0.4502395520631068,0.3374675984634714,0.3784534788173388,0.4502395520631068,0.247583218248488,0.3655230129618436,0.4535027057200006,0.247583218248488,0.3655230129618436,0.4535027057200006,0.9127992344136628,0.9235030017692304,0.9303734183150136,0.9127992344136628,0.9235030017692304,0.9303734183150136,0.3887016795848688,0.4603315196578912,0.5152937151458133,2863.25,3423.5,3867.5,53.69083277777782,64.76694652777776,72.11586145833337,47.72083333333333,57.05833333333334,64.45833333333334,74.31092666666666,85.10909194444443,94.63826236111112
RECORDED,BUS_A_to_BUS_B,BUS_A,BUS_B,ACC_GYR,ZSCORE,FIVE_PARTITION_UNLABELED_BUDGET,14,50,5,0.8115478865952899,0.8272189345577543,0.851088938365012,0.6796441213045095,0.692639893011131,0.7289335403988706,0.6794194682507104,0.6930977859119463,0.7371963449646728,0.5800477343748727,0.5991933912694467,0.6604828315243753,0.5800477343748727,0.5991933912694467,0.6604828315243753,0.7293862662496158,0.7706598965139054,0.821058207593782,0.7293862662496158,0.7706598965139054,0.821058207593782,0.9706979511589404,0.9768805034517254,0.9822604372960084,0.9706979511589404,0.9768805034517254,0.9822604372960084,0.7014712285826676,0.7242663854507866,0.772080003619101,6078.5,6596.0,7111.75,114.20434597222226,122.67233569444431,132.0780080555556,101.30833333333334,109.93333333333334,118.52916666666668,158.38942458333332,166.7712204166667,177.55560868055557
RECORDED,BUS_A_to_BUS_B,BUS_A,BUS_B,ACC_GYR,QUANTILE,FIVE_PARTITION_UNLABELED_BUDGET,14,50,5,0.730257338231515,0.7553606122342102,0.782907635152398,0.6863740206586803,0.7116596329639134,0.7382355015038775,0.6421813048427595,0.6722655756928274,0.7015849957815793,0.5280245873909084,0.5684108083328407,0.611186071424829,0.5280245873909084,0.5684108083328407,0.611186071424829,0.5498117001558513,0.6379235758685113,0.686913508617168,0.5498117001558513,0.6379235758685113,0.686913508617168,0.9752438675623504,0.9794933655006032,0.9846192336962678,0.9752438675623504,0.9794933655006032,0.9846192336962678,0.607802772778661,0.6642009560724649,0.6902050528077082,6078.5,6596.0,7111.75,114.20434597222226,122.67233569444431,132.0780080555556,101.30833333333334,109.93333333333334,118.52916666666668,158.38942458333332,166.7712204166667,177.55560868055557
RECORDED,BUS_A_to_BUS_B,BUS_A,BUS_B,ACC_GYR,CORAL,FIVE_PARTITION_UNLABELED_BUDGET,14,50,5,0.6463927054732582,0.6749148361090369,0.713371651483107,0.5607931685503815,0.5961984057615508,0.6383518147248711,0.5424523834817813,0.5735897112356468,0.6063093388981406,0.4147668030283224,0.4578102004795647,0.5021513210613384,0.4147668030283224,0.4578102004795647,0.5021513210613384,0.4540579281565999,0.5047193319340866,0.5760013730097959,0.4540579281565999,0.5047193319340866,0.5760013730097959,0.9180838420039836,0.922455483174398,0.9255652249517524,0.9180838420039836,0.922455483174398,0.9255652249517524,0.5104022220094462,0.5482824596979031,0.5886641872292406,6078.5,6596.0,7111.75,114.20434597222226,122.67233569444431,132.0780080555556,101.30833333333334,109.93333333333334,118.52916666666668,158.38942458333332,166.7712204166667,177.55560868055557
RECORDED,BUS_A_to_BUS_B,BUS_A,BUS_B,ACC_GYR,ZSCORE,FIVE_PARTITION_UNLABELED_BUDGET,18,5,5,0.8286674132138858,0.8308009754267492,0.8673675697533361,0.7015932994516065,0.7064876972005785,0.7538824475658639,0.7061721272972054,0.7099751753972685,0.7670004697719052,0.6166519933884583,0.6202659624782378,0.698857769219683,0.6166519933884583,0.6202659624782378,0.698857769219683,0.769620253164557,0.7790171842025927,0.8388364779874213,0.769620253164557,0.7790171842025927,0.8388364779874213,0.9714285714285714,0.9747325290234464,0.9791028141543604,0.9714285714285714,0.9747325290234464,0.9791028141543604,0.7338332065041839,0.734330157897717,0.7957348730581116,7990.0,8375.0,8611.0,150.05160749999996,158.7114808333332,160.7930033333332,133.16666666666666,139.58333333333334,143.51666666666668,212.32198277777775,212.34181361111115,215.87509
RECORDED,BUS_A_to_BUS_B,BUS_A,BUS_B,ACC_GYR,QUANTILE,FIVE_PARTITION_UNLABELED_BUDGET,18,5,5,0.7367303609341825,0.7371613424989891,0.7794034890264491,0.6813405687878306,0.7228267560628858,0.7290647614285544,0.6280698453983367,0.6799420308745835,0.6953377105655413,0.5086637309986001,0.5801605290832574,0.5990280996650531,0.5086637309986001,0.5801605290832574,0.5990280996650531,0.5980066445182725,0.6088850174216028,0.6513614522156967,0.5980066445182725,0.6088850174216028,0.6513614522156967,0.979315831344471,0.984266543267006,0.9862881885975464,0.979315831344471,0.984266543267006,0.9862881885975464,0.6160445650463109,0.6515192254933913,0.6777472072256034,7990.0,8375.0,8611.0,150.05160749999996,158.7114808333332,160.7930033333332,133.16666666666666,139.58333333333334,143.51666666666668,212.32198277777775,212.34181361111115,215.87509
RECORDED,BUS_A_to_BUS_B,BUS_A,BUS_B,ACC_GYR,CORAL,FIVE_PARTITION_UNLABELED_BUDGET,18,5,5,0.6739823672856875,0.6935423665546846,0.7040032349373231,0.5886062690598777,0.6134260199757403,0.619840446029903,0.5728756209337249,0.5800435014508503,0.5887042647208778,0.4579484181428845,0.4653298429543395,0.4786044148862321,0.4579484181428845,0.4653298429543395,0.4786044148862321,0.4706565950029053,0.5402357765248591,0.5914958238420653,0.4706565950029053,0.5402357765248591,0.5914958238420653,0.9190038142248148,0.9241844769403824,0.924294381429702,0.9190038142248148,0.9241844769403824,0.924294381429702,0.5319880105613971,0.5641204114804539,0.5898208883693528,7990.0,8375.0,8611.0,150.05160749999996,158.7114808333332,160.7930033333332,133.16666666666666,139.58333333333334,143.51666666666668,212.32198277777775,212.34181361111115,215.87509
RECORDED,BUS_A_to_BUS_B,BUS_A,BUS_B,ACC_MAG_GYR,ZSCORE,FIVE_PARTITION_UNLABELED_BUDGET,1,50,5,0.6044937919205089,0.6757372688620922,0.7196473431624806,0.4988553454296193,0.5425228870196943,0.644463445823954,0.4242991595845809,0.4966851883161609,0.6359662937067403,0.2358270176633292,0.3346102004392248,0.519701056287779,0.2358270176633292,0.3346102004392248,0.519701056287779,0.0,0.0547058189007289,0.6432922381436873,0.0,0.0547058189007289,0.6432922381436873,0.9808334159118988,0.9860320093047904,0.990444184360029,0.9808334159118988,0.9860320093047904,0.990444184360029,0.2562928550244336,0.3082329052426025,0.631961110385111,589.0,736.5,964.0,11.421680833333337,13.553874444444444,17.34404888888889,9.816666666666666,12.275,16.066666666666666,13.905689444444446,15.772793472222222,19.13559763888889
RECORDED,BUS_A_to_BUS_B,BUS_A,BUS_B,ACC_MAG_GYR,QUANTILE,FIVE_PARTITION_UNLABELED_BUDGET,1,50,5,0.5790444627125556,0.6310296448985345,0.6895787714305414,0.5239808719186039,0.5737634843926394,0.638480203193212,0.4487505694361419,0.5154504673121378,0.6194649082401499,0.2953433754983713,0.3761483876415413,0.5138290675289302,0.2953433754983713,0.3761483876415413,0.5138290675289302,0.0,0.2974606444496711,0.6351096901605622,0.0,0.2974606444496711,0.6351096901605622,0.8744619151174801,0.9502441333437308,0.9601990288237072,0.8744619151174801,0.9502441333437308,0.9601990288237072,0.2756750764042512,0.4041501632984047,0.6095500752401999,589.0,736.5,964.0,11.421680833333337,13.553874444444444,17.34404888888889,9.816666666666666,12.275,16.066666666666666,13.905689444444446,15.772793472222222,19.13559763888889
RECORDED,BUS_A_to_BUS_B,BUS_A,BUS_B,ACC_MAG_GYR,CORAL,FIVE_PARTITION_UNLABELED_BUDGET,1,50,5,0.3100986059163549,0.3866480980877455,0.4277900235044338,0.2598778291107067,0.3149974624844694,0.3883877433658524,0.2126993599372617,0.2773515079896074,0.3356864046693739,0.1084741303294538,0.1547311170890593,0.2106777526977738,0.1084741303294538,0.1547311170890593,0.2106777526977738,0.0,0.0018345571989613,0.0318013837561477,0.0,0.0018345571989613,0.0318013837561477,0.5009325958322614,0.6226690753225776,0.7078897254405312,0.5009325958322614,0.6226690753225776,0.7078897254405312,0.1331652601735608,0.171536513437307,0.2100294288563765,589.0,736.5,964.0,11.421680833333337,13.553874444444444,17.34404888888889,9.816666666666666,12.275,16.066666666666666,13.905689444444446,15.772793472222222,19.13559763888889
RECORDED,BUS_A_to_BUS_B,BUS_A,BUS_B,ACC_MAG_GYR,ZSCORE,FIVE_PARTITION_UNLABELED_BUDGET,3,50,5,0.6213115661887235,0.6855351519928187,0.7447448925898362,0.5017906717889747,0.5499859936039219,0.6382783144815536,0.435435093769621,0.495601347404102,0.6350496901879324,0.2496214329739632,0.3318081982207919,0.5221082791509746,0.2496214329739632,0.3318081982207919,0.5221082791509746,0.0,0.0701484542987649,0.6486724302190032,0.0,0.0701484542987649,0.6486724302190032,0.976136212733815,0.984116533060011,0.990826677980766,0.976136212733815,0.984116533060011,0.990826677980766,0.2612610562617726,0.3227037215711352,0.6356281692905587,882.0,1372.0,1831.0,16.609659097222224,26.11466263888889,34.0089870138889,14.7,22.866666666666667,30.516666666666666,27.94670875,36.40455805555556,43.86834604166666
RECORDED,BUS_A_to_BUS_B,BUS_A,BUS_B,ACC_MAG_GYR,QUANTILE,FIVE_PARTITION_UNLABELED_BUDGET,3,50,5,0.6404820848622953,0.6695445846994676,0.6933036933257682,0.5770612025517822,0.6104592304724372,0.6643008521180627,0.5003817838828115,0.5668533732756809,0.6027627480856285,0.346892414243242,0.4411915331598128,0.487088198692514,0.346892414243242,0.4411915331598128,0.487088198692514,0.0272001785081444,0.3339479385967604,0.5751740118585859,0.0272001785081444,0.3339479385967604,0.5751740118585859,0.9182506918468508,0.9507460467943276,0.9809898570768678,0.9182506918468508,0.9507460467943276,0.9809898570768678,0.3214990353375773,0.4816727742715416,0.6116532026254251,882.0,1372.0,1831.0,16.609659097222224,26.11466263888889,34.0089870138889,14.7,22.866666666666667,30.516666666666666,27.94670875,36.40455805555556,43.86834604166666
RECORDED,BUS_A_to_BUS_B,BUS_A,BUS_B,ACC_MAG_GYR,CORAL,FIVE_PARTITION_UNLABELED_BUDGET,3,50,5,0.4390125642174498,0.4883504289285577,0.5272277985525502,0.3625873665162846,0.4016929798531247,0.4597121161681716,0.3067006776476321,0.3670417897718566,0.4137589367558362,0.1574097875698714,0.2138588668085126,0.2674968004539883,0.1574097875698714,0.2138588668085126,0.2674968004539883,0.0014593994074872,0.0535877675757035,0.2266522340489506,0.0014593994074872,0.0535877675757035,0.2266522340489506,0.7214885190012135,0.821855828733902,0.8705222737107993,0.7214885190012135,0.821855828733902,0.8705222737107993,0.1852222465944162,0.2549106639987156,0.327502142543883,882.0,1372.0,1831.0,16.609659097222224,26.11466263888889,34.0089870138889,14.7,22.866666666666667,30.516666666666666,27.94670875,36.40455805555556,43.86834604166666
RECORDED,BUS_A_to_BUS_B,BUS_A,BUS_B,ACC_MAG_GYR,ZSCORE,FIVE_PARTITION_UNLABELED_BUDGET,7,50,5,0.6887963277796668,0.7339702760084925,0.8252120853685357,0.5378758475443943,0.6245248934049198,0.6968990688779126,0.5001985868566392,0.6317962003523889,0.6928711377393691,0.3485507006382017,0.5123558282958618,0.5941393466024455,0.3485507006382017,0.5123558282958618,0.5941393466024455,0.1282277247188677,0.6194946366869807,0.7465944872152155,0.1282277247188677,0.6194946366869807,0.7465944872152155,0.9688494364726168,0.9816911442632446,0.9874457518876578,0.9688494364726168,0.9816911442632446,0.9874457518876578,0.3266759803517295,0.6232739205206625,0.7242665814091833,2863.25,3423.5,3867.5,53.69083277777782,64.76694652777776,72.11586145833337,47.72083333333333,57.05833333333334,64.45833333333334,74.31092666666666,85.10909194444443,94.63826236111112
RECORDED,BUS_A_to_BUS_B,BUS_A,BUS_B,ACC_MAG_GYR,QUANTILE,FIVE_PARTITION_UNLABELED_BUDGET,7,50,5,0.6685651139068344,0.7128874236621859,0.7514290000798431,0.5991938415192761,0.6539304318568697,0.6885514845547221,0.5671714212869675,0.6117919555104048,0.6602382096131558,0.4353643379517841,0.4918828885285372,0.5602302299489783,0.4353643379517841,0.4918828885285372,0.5602302299489783,0.313930375424803,0.442150709302585,0.6302855713048245,0.313930375424803,0.442150709302585,0.6302855713048245,0.961150897268515,0.9764862524096956,0.9827430622964928,0.961150897268515,0.9764862524096956,0.9827430622964928,0.4710042183901092,0.5471972857873371,0.6535859620611282,2863.25,3423.5,3867.5,53.69083277777782,64.76694652777776,72.11586145833337,47.72083333333333,57.05833333333334,64.45833333333334,74.31092666666666,85.10909194444443,94.63826236111112
RECORDED,BUS_A_to_BUS_B,BUS_A,BUS_B,ACC_MAG_GYR,CORAL,FIVE_PARTITION_UNLABELED_BUDGET,7,50,5,0.5617299458349667,0.6020634920331198,0.6583972939710794,0.4743960469657228,0.5157471796417696,0.5694142712917913,0.4330374561867334,0.4861690633376108,0.5624862188562161,0.2766209770639812,0.3481157230072372,0.4369792917218651,0.2766209770639812,0.3481157230072372,0.4369792917218651,0.1322458818802732,0.2974714381974261,0.5238115176982548,0.1322458818802732,0.2974714381974261,0.5238115176982548,0.9020545704377412,0.9218254162462062,0.9312499782743962,0.9020545704377412,0.9218254162462062,0.9312499782743962,0.2991297988735302,0.4085954471427641,0.5460725807540012,2863.25,3423.5,3867.5,53.69083277777782,64.76694652777776,72.11586145833337,47.72083333333333,57.05833333333334,64.45833333333334,74.31092666666666,85.10909194444443,94.63826236111112
RECORDED,BUS_A_to_BUS_B,BUS_A,BUS_B,ACC_MAG_GYR,ZSCORE,FIVE_PARTITION_UNLABELED_BUDGET,14,50,5,0.7415844950697041,0.816135881104034,0.842055899456012,0.6245604745673384,0.6931418012016798,0.7213199073497146,0.6270142051215972,0.6929693130442769,0.7279670010794551,0.5113055924778505,0.59617632674068,0.6440419470721783,0.5113055924778505,0.59617632674068,0.6440419470721783,0.56856447863031,0.7481033754204486,0.7810015281373652,0.56856447863031,0.7481033754204486,0.7810015281373652,0.9709670152510788,0.9765505561249213,0.9822601288941476,0.9709670152510788,0.9765505561249213,0.9822601288941476,0.6032912593409293,0.7191739311429282,0.7454681509266503,6078.5,6596.0,7111.75,114.20434597222226,122.67233569444431,132.0780080555556,101.30833333333334,109.93333333333334,118.52916666666668,158.38942458333332,166.7712204166667,177.55560868055557
RECORDED,BUS_A_to_BUS_B,BUS_A,BUS_B,ACC_MAG_GYR,QUANTILE,FIVE_PARTITION_UNLABELED_BUDGET,14,50,5,0.6824865886399543,0.712002911508399,0.7482471070225856,0.6229561022381663,0.6588167934395519,0.683159111460531,0.5836583450117251,0.6209257908857186,0.6498864029469569,0.4549062826751648,0.5011141238007853,0.54104860434301,0.4549062826751648,0.5011141238007853,0.54104860434301,0.3892129255304318,0.4931433986257509,0.5803012365167062,0.3892129255304318,0.4931433986257509,0.5803012365167062,0.9752936192277416,0.9796471643308172,0.9843844315589816,0.9752936192277416,0.9796471643308172,0.9843844315589816,0.5099709767659428,0.5630598329373455,0.6173849241700494,6078.5,6596.0,7111.75,114.20434597222226,122.67233569444431,132.0780080555556,101.30833333333334,109.93333333333334,118.52916666666668,158.38942458333332,166.7712204166667,177.55560868055557
RECORDED,BUS_A_to_BUS_B,BUS_A,BUS_B,ACC_MAG_GYR,CORAL,FIVE_PARTITION_UNLABELED_BUDGET,14,50,5,0.6168376019804482,0.6504316777125023,0.6908938832383371,0.5382820436083352,0.5703379371152056,0.6095029571986466,0.5104222802442733,0.5584896906274454,0.5927187773418688,0.3691007990103814,0.4319069480252883,0.4757916763279041,0.3691007990103814,0.4319069480252883,0.4757916763279041,0.3690664556962025,0.4724724663793593,0.5757712563199522,0.3690664556962025,0.4724724663793593,0.5757712563199522,0.9313406534785508,0.9415538767741972,0.948034429377713,0.9313406534785508,0.9415538767741972,0.948034429377713,0.457799990546999,0.5272260694880675,0.5826671094775333,6078.5,6596.0,7111.75,114.20434597222226,122.67233569444431,132.0780080555556,101.30833333333334,109.93333333333334,118.52916666666668,158.38942458333332,166.7712204166667,177.55560868055557
RECORDED,BUS_A_to_BUS_B,BUS_A,BUS_B,ACC_MAG_GYR,ZSCORE,FIVE_PARTITION_UNLABELED_BUDGET,18,5,5,0.8042179917879806,0.8273885350318472,0.8424310635903207,0.6759770801308537,0.7105560154219803,0.7297242919668201,0.6811935553412933,0.722958205821096,0.7361104916239755,0.5816508471342381,0.6373946972512857,0.6563440434767761,0.5816508471342381,0.6373946972512857,0.6563440434767761,0.7064743374706475,0.7702001482579689,0.7941176470588235,0.7064743374706475,0.7702001482579689,0.7941176470588235,0.9716580066131318,0.9754098360655736,0.9796487315305268,0.9716580066131318,0.9754098360655736,0.9796487315305268,0.6913058681930351,0.7497463542775729,0.751421982316187,7990.0,8375.0,8611.0,150.05160749999996,158.7114808333332,160.7930033333332,133.16666666666666,139.58333333333334,143.51666666666668,212.32198277777775,212.34181361111115,215.87509
RECORDED,BUS_A_to_BUS_B,BUS_A,BUS_B,ACC_MAG_GYR,QUANTILE,FIVE_PARTITION_UNLABELED_BUDGET,18,5,5,0.6883227176220806,0.6953093408815204,0.708262495749745,0.6264085585029984,0.6515933992056913,0.660482109646918,0.5941014366672579,0.6093974894148302,0.6200790584490906,0.4634650446767812,0.4865036805855234,0.5008333474990083,0.4634650446767812,0.4865036805855234,0.5008333474990083,0.3666061705989111,0.3863636363636363,0.4774859287054409,0.3666061705989111,0.3863636363636363,0.4774859287054409,0.97807891590275,0.9849502199583235,0.986010612638688,0.97807891590275,0.9849502199583235,0.986010612638688,0.4866276128846397,0.531612353092115,0.5630418065516307,7990.0,8375.0,8611.0,150.05160749999996,158.7114808333332,160.7930033333332,133.16666666666666,139.58333333333334,143.51666666666668,212.32198277777775,212.34181361111115,215.87509
RECORDED,BUS_A_to_BUS_B,BUS_A,BUS_B,ACC_MAG_GYR,CORAL,FIVE_PARTITION_UNLABELED_BUDGET,18,5,5,0.6537235040330145,0.6646136618141097,0.6719745222929936,0.5675702984025869,0.5834943424876713,0.5955366379826725,0.5427195776855969,0.5663466835993245,0.5865078637764515,0.4163436879502453,0.4394946931766805,0.466543818368602,0.4163436879502453,0.4394946931766805,0.466543818368602,0.418216805644644,0.4735557363710334,0.494773519163763,0.418216805644644,0.4735557363710334,0.494773519163763,0.9344378698224852,0.9464,0.9469026548672568,0.9344378698224852,0.9464,0.9469026548672568,0.479336664644145,0.5377174178250999,0.5413270128142842,7990.0,8375.0,8611.0,150.05160749999996,158.7114808333332,160.7930033333332,133.16666666666666,139.58333333333334,143.51666666666668,212.32198277777775,212.34181361111115,215.87509
RECORDED,BUS_B_to_BUS_A,BUS_B,BUS_A,ACC,ZSCORE,FIVE_PARTITION_UNLABELED_BUDGET,1,50,5,0.5244836180707204,0.6136830286519648,0.6689770931600271,0.4013102461683444,0.4786349644650143,0.5069798358161799,0.3469803060973366,0.3897662707528208,0.4461545022028595,0.1819537074171773,0.2236669285725971,0.2975915129482771,0.1819537074171773,0.2236669285725971,0.2975915129482771,0.0,0.0,0.0,0.0,0.0,0.0,0.7253372511006099,0.9419398400590838,0.9684045597257432,0.7253372511006099,0.9419398400590838,0.9684045597257432,0.208188183658402,0.2338597624516924,0.2676927013217157,207.0,378.0,637.75,4.868805,7.118170833333331,12.214636875000002,3.45,6.300000000000001,10.629166666666666,15.534961388888888,17.883746944444447,19.091011875
RECORDED,BUS_B_to_BUS_A,BUS_B,BUS_A,ACC,QUANTILE,FIVE_PARTITION_UNLABELED_BUDGET,1,50,5,0.533985566499157,0.5830337503613847,0.6744110794719129,0.3985282804204562,0.5017998764761779,0.5590804600797268,0.3649176109913623,0.4747350577851288,0.5287744985496867,0.2370374558096349,0.358960181896109,0.41119366450203,0.2370374558096349,0.358960181896109,0.41119366450203,0.0,0.0397285674833313,0.1368778437428323,0.0,0.0397285674833313,0.1368778437428323,0.6993769751896972,0.8358655456771035,0.9073821284144946,0.6993769751896972,0.8358655456771035,0.9073821284144946,0.2210258979759093,0.3062945063135169,0.3760659719212533,207.0,378.0,637.75,4.868805,7.118170833333331,12.214636875000002,3.45,6.300000000000001,10.629166666666666,15.534961388888888,17.883746944444447,19.091011875
RECORDED,BUS_B_to_BUS_A,BUS_B,BUS_A,ACC,CORAL,FIVE_PARTITION_UNLABELED_BUDGET,1,50,5,0.2566255149221727,0.4091092708543729,0.5102467343827686,0.2609671314354306,0.3523612098882649,0.4257963867466002,0.1480642796112524,0.2839750921330783,0.3837355475561784,0.1573974970931604,0.1959626062288286,0.2880183929088152,0.1573974970931604,0.1959626062288286,0.2880183929088152,0.0,0.0,0.0,0.0,0.0,0.0,0.0047546268171433,0.5497678061319262,0.6916863536223298,0.0047546268171433,0.5497678061319262,0.6916863536223298,0.0888385677667514,0.1708589889291361,0.230241328533707,207.0,378.0,637.75,4.868805,7.118170833333331,12.214636875000002,3.45,6.300000000000001,10.629166666666666,15.534961388888888,17.883746944444447,19.091011875
RECORDED,BUS_B_to_BUS_A,BUS_B,BUS_A,ACC,ZSCORE,FIVE_PARTITION_UNLABELED_BUDGET,3,50,5,0.6426047489053088,0.6624821039526921,0.7235707403161454,0.492728537794467,0.5124186479391157,0.5550686215192213,0.4112740864214985,0.449779044249622,0.5178709094267153,0.2260985426228745,0.275896058721008,0.3663445253405137,0.2260985426228745,0.275896058721008,0.3663445253405137,0.0,0.0,0.0,0.0,0.0,0.0,0.9593448275862068,0.9724699806697112,0.9831690373079616,0.9593448275862068,0.9724699806697112,0.9831690373079616,0.246942607007055,0.2713808007257445,0.3107225456560292,979.5,1291.0,1535.0,19.795983541666672,26.28703375,30.94410840277776,16.325000000000003,21.516666666666666,25.58333333333333,44.57640388888889,48.2127925,53.11265347222222
RECORDED,BUS_B_to_BUS_A,BUS_B,BUS_A,ACC,QUANTILE,FIVE_PARTITION_UNLABELED_BUDGET,3,50,5,0.6055055227504049,0.6642078650871734,0.7126505093834926,0.4904863870141499,0.565174617731483,0.6061196767980659,0.4774955975281245,0.5411972581036815,0.5902258688745201,0.3485585136906192,0.4049371600242375,0.4778753864507606,0.3485585136906192,0.4049371600242375,0.4778753864507606,0.0938759516345723,0.2744588203057054,0.3556856408433825,0.0938759516345723,0.2744588203057054,0.3556856408433825,0.8577272795527863,0.9153517362173368,0.965733113600474,0.8577272795527863,0.9153517362173368,0.965733113600474,0.3195920374792761,0.4320069228537987,0.479329092071713,979.5,1291.0,1535.0,19.795983541666672,26.28703375,30.94410840277776,16.325000000000003,21.516666666666666,25.58333333333333,44.57640388888889,48.2127925,53.11265347222222
RECORDED,BUS_B_to_BUS_A,BUS_B,BUS_A,ACC,CORAL,FIVE_PARTITION_UNLABELED_BUDGET,3,50,5,0.423197333871945,0.5137275426752517,0.5761967279337508,0.3585049782922864,0.4292925260199829,0.4769287405479193,0.3059736572074837,0.3794428648177042,0.4266401474640102,0.2012742253234086,0.2577060981996397,0.312673949395014,0.2012742253234086,0.2577060981996397,0.312673949395014,0.0,0.0,0.0017835909631391,0.0,0.0,0.0017835909631391,0.5980761717406791,0.748280063987079,0.8227295007021638,0.5980761717406791,0.748280063987079,0.8227295007021638,0.1835841943244902,0.2299399566411368,0.259881181187923,979.5,1291.0,1535.0,19.795983541666672,26.28703375,30.94410840277776,16.325000000000003,21.516666666666666,25.58333333333333,44.57640388888889,48.2127925,53.11265347222222
RECORDED,BUS_B_to_BUS_A,BUS_B,BUS_A,ACC,ZSCORE,FIVE_PARTITION_UNLABELED_BUDGET,7,50,5,0.6585882234129766,0.693256795184577,0.7455252036484805,0.5145329444880444,0.5344004243266679,0.5863868739851794,0.422746819708855,0.4789886255275992,0.5342025651863336,0.2378967969186222,0.3108256734737114,0.3851978041012767,0.2378967969186222,0.3108256734737114,0.3851978041012767,0.0,0.0,0.0,0.0,0.0,0.0,0.977620901209012,0.9813695043234684,0.9878589455016712,0.977620901209012,0.9813695043234684,0.9878589455016712,0.253648091825313,0.2873931753165595,0.3249333038176825,2434.0,2997.0,3264.0,50.25568874999996,60.32470694444446,66.06270715277773,40.56666666666667,49.95,54.4,107.68167902777778,114.3972375,118.101903125
RECORDED,BUS_B_to_BUS_A,BUS_B,BUS_A,ACC,QUANTILE,FIVE_PARTITION_UNLABELED_BUDGET,7,50,5,0.6511670250810888,0.7038347977037048,0.7407443875541553,0.5648297342218419,0.5919700364547986,0.6249011425331494,0.5406098950531937,0.5777266334338742,0.609859050352952,0.40606290699255,0.4507680521315839,0.4894216964463155,0.40606290699255,0.4507680521315839,0.4894216964463155,0.1916859246520126,0.3021069994050177,0.39921875,0.1916859246520126,0.3021069994050177,0.39921875,0.91638929872436,0.9544796180895094,0.9832870101788992,0.91638929872436,0.9544796180895094,0.9832870101788992,0.4147237438188754,0.4652790882640663,0.5107310032184411,2434.0,2997.0,3264.0,50.25568874999996,60.32470694444446,66.06270715277773,40.56666666666667,49.95,54.4,107.68167902777778,114.3972375,118.101903125
RECORDED,BUS_B_to_BUS_A,BUS_B,BUS_A,ACC,CORAL,FIVE_PARTITION_UNLABELED_BUDGET,7,50,5,0.516980173897154,0.5728708257830701,0.6708028412273818,0.434977340885191,0.4849672398084085,0.5219862944010123,0.3837723531247816,0.4276370866731206,0.4876750490443945,0.243320152053841,0.3041252863470277,0.3559321110234178,0.243320152053841,0.3041252863470277,0.3559321110234178,0.0,0.0,0.0016759776536312,0.0,0.0,0.0016759776536312,0.770840056769872,0.8346187063259713,0.8823342858929132,0.770840056769872,0.8346187063259713,0.8823342858929132,0.2309338029363215,0.2577830082881414,0.2938935572975776,2434.0,2997.0,3264.0,50.25568874999996,60.32470694444446,66.06270715277773,40.56666666666667,49.95,54.4,107.68167902777778,114.3972375,118.101903125
RECORDED,BUS_B_to_BUS_A,BUS_B,BUS_A,ACC,ZSCORE,FIVE_PARTITION_UNLABELED_BUDGET,14,50,5,0.6708099906629319,0.7007827770350493,0.7412632668910174,0.5298976544484216,0.5487718072373067,0.5755072119853544,0.4513710252004532,0.4920457856595933,0.5449674120770074,0.2757000753127142,0.327851282931805,0.3978214918451775,0.2757000753127142,0.327851282931805,0.3978214918451775,0.0,0.0,0.0,0.0,0.0,0.0,0.9838069357775516,0.9859341299453708,0.9917899730228732,0.9838069357775516,0.9859341299453708,0.9917899730228732,0.2708226151202719,0.295227471395756,0.3269804472462044,5053.25,5595.5,6458.75,104.67707645833336,112.27321527777778,128.2175985416667,84.22083333333333,93.25833333333333,107.64583333333331,216.00934798611115,220.25338388888892,231.02273548611112
RECORDED,BUS_B_to_BUS_A,BUS_B,BUS_A,ACC,QUANTILE,FIVE_PARTITION_UNLABELED_BUDGET,14,50,5,0.6873529411764706,0.7242894107825815,0.7488184324537219,0.5675105567395036,0.6168186254274768,0.6500997566067876,0.5577361770156093,0.5976785612590715,0.624626246731189,0.4156120716329251,0.4771489400722328,0.5084973006128011,0.4156120716329251,0.4771489400722328,0.5084973006128011,0.2388282379099499,0.3520085270801412,0.434440817933736,0.2388282379099499,0.3520085270801412,0.434440817933736,0.9550851167600009,0.9833112658330776,0.9916797294495392,0.9550851167600009,0.9833112658330776,0.9916797294495392,0.4559625854053286,0.4894339464722844,0.5086403681343401,5053.25,5595.5,6458.75,104.67707645833336,112.27321527777778,128.2175985416667,84.22083333333333,93.25833333333333,107.64583333333331,216.00934798611115,220.25338388888892,231.02273548611112
RECORDED,BUS_B_to_BUS_A,BUS_B,BUS_A,ACC,CORAL,FIVE_PARTITION_UNLABELED_BUDGET,14,50,5,0.5732288731152597,0.6167638442036578,0.674346362930365,0.4694296685569795,0.5073581930206659,0.5461162907008356,0.4198391666727958,0.4639163832235588,0.5186129736551879,0.2720143192318003,0.3394981540653388,0.3909827207990068,0.2720143192318003,0.3394981540653388,0.3909827207990068,0.0,0.0,0.0045045649538584,0.0,0.0,0.0045045649538584,0.8333234887732984,0.8816760340011888,0.899270057745952,0.8333234887732984,0.8816760340011888,0.899270057745952,0.2519035000036774,0.2783498299341352,0.3111677841931127,5053.25,5595.5,6458.75,104.67707645833336,112.27321527777778,128.2175985416667,84.22083333333333,93.25833333333333,107.64583333333331,216.00934798611115,220.25338388888892,231.02273548611112
RECORDED,BUS_B_to_BUS_A,BUS_B,BUS_A,ACC,ZSCORE,FIVE_PARTITION_UNLABELED_BUDGET,18,5,5,0.6802666128054938,0.6891534391534392,0.7398395029769609,0.5317230575372591,0.533397334472308,0.5924020431295915,0.4568394821859849,0.4800200910295468,0.5639546103599937,0.2822449738769554,0.308176914133447,0.4211659690720896,0.2822449738769554,0.308176914133447,0.4211659690720896,0.0,0.0,0.0,0.0,0.0,0.0,0.983288409703504,0.9870875179340028,0.992320534223706,0.983288409703504,0.9870875179340028,0.992320534223706,0.2741036893115909,0.288012054617728,0.3383727662159962,6852.0,7203.0,8374.0,142.91942611111114,144.022228611111,165.7267405555556,114.2,120.05,139.56666666666666,278.2406766666667,282.78648527777773,296.6045361111111
RECORDED,BUS_B_to_BUS_A,BUS_B,BUS_A,ACC,QUANTILE,FIVE_PARTITION_UNLABELED_BUDGET,18,5,5,0.6826903655827106,0.7398395029769609,0.7514769594328475,0.5629759539547262,0.6454946592480837,0.6622814292530984,0.5554230106294823,0.6060762948983492,0.6366169015886138,0.4177326241122776,0.480621013575559,0.5201487003260371,0.4177326241122776,0.480621013575559,0.5201487003260371,0.2398331595411887,0.3615702479338843,0.451761102603369,0.2398331595411887,0.3615702479338843,0.451761102603369,0.9684941701810964,0.9824421388667198,0.986021505376344,0.9684941701810964,0.9824421388667198,0.986021505376344,0.4806168494600961,0.4888648950857193,0.5082738761125632,6852.0,7203.0,8374.0,142.91942611111114,144.022228611111,165.7267405555556,114.2,120.05,139.56666666666666,278.2406766666667,282.78648527777773,296.6045361111111
RECORDED,BUS_B_to_BUS_A,BUS_B,BUS_A,ACC,CORAL,FIVE_PARTITION_UNLABELED_BUDGET,18,5,5,0.5960412037972127,0.6219576719576719,0.6629562516179135,0.4840740793305061,0.5087338897159175,0.5524887201593199,0.4456395352103877,0.4456419182530883,0.5162239110122497,0.3028177096361255,0.3205249217369783,0.3895656045465474,0.3028177096361255,0.3205249217369783,0.3895656045465474,0.0,0.0,0.009367681498829,0.0,0.0,0.009367681498829,0.8741050119331742,0.8961988304093568,0.9066279632317368,0.8741050119331742,0.8961988304093568,0.9066279632317368,0.2673837211262326,0.267385150951853,0.3097343466073498,6852.0,7203.0,8374.0,142.91942611111114,144.022228611111,165.7267405555556,114.2,120.05,139.56666666666666,278.2406766666667,282.78648527777773,296.6045361111111
RECORDED,BUS_B_to_BUS_A,BUS_B,BUS_A,ACC_MAG,ZSCORE,FIVE_PARTITION_UNLABELED_BUDGET,1,50,5,0.5037745098039216,0.5787719652595436,0.6404348951592027,0.4110357843233843,0.4522643406142443,0.4854069884584847,0.33765806449154,0.3751849821940813,0.424495470544567,0.1855177636923286,0.2169873013706084,0.2643871576313412,0.1855177636923286,0.2169873013706084,0.2643871576313412,0.0,0.0,0.0,0.0,0.0,0.0,0.7583298724494643,0.8907312182255394,0.9301077718930902,0.7583298724494643,0.8907312182255394,0.9301077718930902,0.202594838694924,0.2251109893164488,0.2546972823267401,207.0,378.0,637.75,4.868805,7.118170833333331,12.214636875000002,3.45,6.300000000000001,10.629166666666666,15.534961388888888,17.883746944444447,19.091011875
RECORDED,BUS_B_to_BUS_A,BUS_B,BUS_A,ACC_MAG,QUANTILE,FIVE_PARTITION_UNLABELED_BUDGET,1,50,5,0.5045406156807299,0.586298549312676,0.6553415541088432,0.4050637517288963,0.4723599233619496,0.5175839579506826,0.3594475696202865,0.438382148004335,0.48292337474719,0.2288877428446887,0.3184543709568579,0.3549890429413895,0.2288877428446887,0.3184543709568579,0.3549890429413895,0.0,0.0041926063049698,0.0511395571043165,0.0,0.0041926063049698,0.0511395571043165,0.7063616003266792,0.8320174548576685,0.9064034485943088,0.7063616003266792,0.8320174548576685,0.9064034485943088,0.2176646844788248,0.2766211408011287,0.3048023547598669,207.0,378.0,637.75,4.868805,7.118170833333331,12.214636875000002,3.45,6.300000000000001,10.629166666666666,15.534961388888888,17.883746944444447,19.091011875
RECORDED,BUS_B_to_BUS_A,BUS_B,BUS_A,ACC_MAG,CORAL,FIVE_PARTITION_UNLABELED_BUDGET,1,50,5,0.255655423146839,0.3074758792405851,0.3618133321151396,0.2658715277385456,0.2862794893386038,0.3390471989249102,0.1557194137215838,0.1937621599387328,0.2515146020230825,0.1324843787461694,0.152884774326325,0.1921673623248251,0.1324843787461694,0.152884774326325,0.1921673623248251,0.0,0.0,0.0,0.0,0.0,0.0,0.2178253865831949,0.3073833281685776,0.4710431870857966,0.2178253865831949,0.3073833281685776,0.4710431870857966,0.0934316482329503,0.121256219888899,0.1509087612138495,207.0,378.0,637.75,4.868805,7.118170833333331,12.214636875000002,3.45,6.300000000000001,10.629166666666666,15.534961388888888,17.883746944444447,19.091011875
RECORDED,BUS_B_to_BUS_A,BUS_B,BUS_A,ACC_MAG,ZSCORE,FIVE_PARTITION_UNLABELED_BUDGET,3,50,5,0.6203172959579897,0.6509803921568628,0.6984033876279541,0.4761318464147217,0.4896660442119999,0.5347503974993142,0.4000084365281618,0.4408319947632894,0.4968334466322463,0.2191772807706995,0.2720432986558854,0.3487359220246998,0.2191772807706995,0.2720432986558854,0.3487359220246998,0.0,0.0,0.0,0.0,0.0,0.0,0.9279400203786298,0.9526852048147364,0.9750236315027202,0.9279400203786298,0.9526852048147364,0.9750236315027202,0.2400050619168971,0.2644991968579736,0.2981000679793477,979.5,1291.0,1535.0,19.795983541666672,26.28703375,30.94410840277776,16.325000000000003,21.516666666666666,25.58333333333333,44.57640388888889,48.2127925,53.11265347222222
RECORDED,BUS_B_to_BUS_A,BUS_B,BUS_A,ACC_MAG,QUANTILE,FIVE_PARTITION_UNLABELED_BUDGET,3,50,5,0.5777245663991716,0.6395543187505393,0.7001718430578218,0.4891386118983868,0.5145218062386241,0.5658551437518108,0.4367154043587373,0.4836236190275112,0.5392611205828176,0.2838439209943012,0.3465074079627708,0.4168478804234441,0.2838439209943012,0.3465074079627708,0.4168478804234441,0.039265435572152,0.136277978172401,0.1982960520026766,0.039265435572152,0.136277978172401,0.1982960520026766,0.8647073361431703,0.914190548422393,0.9556291333360925,0.8647073361431703,0.914190548422393,0.9556291333360925,0.293002818494187,0.3426013505853272,0.396306970880993,979.5,1291.0,1535.0,19.795983541666672,26.28703375,30.94410840277776,16.325000000000003,21.516666666666666,25.58333333333333,44.57640388888889,48.2127925,53.11265347222222
RECORDED,BUS_B_to_BUS_A,BUS_B,BUS_A,ACC_MAG,CORAL,FIVE_PARTITION_UNLABELED_BUDGET,3,50,5,0.3675252394512037,0.4239386865857454,0.468985202826586,0.3281975064642197,0.3619466230145982,0.3851340494298976,0.2585657254885277,0.2991783150854593,0.3255320890086052,0.1672094753119197,0.2004077816749823,0.2216805822355575,0.1672094753119197,0.2004077816749823,0.2216805822355575,0.0,0.0,0.0,0.0,0.0,0.0,0.5314077025936527,0.5804951896626191,0.6701391819832769,0.5314077025936527,0.5804951896626191,0.6701391819832769,0.1551394352931166,0.1795069890512755,0.1984374222193019,979.5,1291.0,1535.0,19.795983541666672,26.28703375,30.94410840277776,16.325000000000003,21.516666666666666,25.58333333333333,44.57640388888889,48.2127925,53.11265347222222
RECORDED,BUS_B_to_BUS_A,BUS_B,BUS_A,ACC_MAG,ZSCORE,FIVE_PARTITION_UNLABELED_BUDGET,7,50,5,0.6441733309498057,0.6807883972743918,0.7395502645502645,0.5001092429292584,0.5331970361532361,0.5728730661058492,0.4213501277132759,0.4823257250444189,0.5394363685299222,0.2416264261810971,0.3182645686224561,0.3917127348619299,0.2416264261810971,0.3182645686224561,0.3917127348619299,0.0,0.0,0.0,0.0,0.0,0.0,0.9641712464298324,0.9736013293351936,0.9830708539000036,0.9641712464298324,0.9736013293351936,0.9830708539000036,0.2528100766279656,0.2893954350266514,0.3236618211179533,2434.0,2997.0,3264.0,50.25568874999996,60.32470694444446,66.06270715277773,40.56666666666667,49.95,54.4,107.68167902777778,114.3972375,118.101903125
RECORDED,BUS_B_to_BUS_A,BUS_B,BUS_A,ACC_MAG,QUANTILE,FIVE_PARTITION_UNLABELED_BUDGET,7,50,5,0.6251095144177646,0.6670823245166563,0.7002717917940446,0.5109268054144005,0.5453618597377843,0.5821532451699848,0.4747233793634934,0.5048779972527113,0.5454608293495358,0.3259743762817227,0.3635273434546157,0.4124076896458663,0.3259743762817227,0.3635273434546157,0.4124076896458663,0.1100001589176647,0.1888354322909297,0.2721045472211426,0.1100001589176647,0.1888354322909297,0.2721045472211426,0.9075712321764196,0.9550394536282084,0.9735494644785287,0.9075712321764196,0.9550394536282084,0.9735494644785287,0.3350111622441597,0.3737483297225066,0.4282129286011425,2434.0,2997.0,3264.0,50.25568874999996,60.32470694444446,66.06270715277773,40.56666666666667,49.95,54.4,107.68167902777778,114.3972375,118.101903125
RECORDED,BUS_B_to_BUS_A,BUS_B,BUS_A,ACC_MAG,CORAL,FIVE_PARTITION_UNLABELED_BUDGET,7,50,5,0.4799057528485035,0.5176076931189537,0.5491317795333966,0.3975299623086231,0.4246208942604337,0.4517692699226566,0.3257196709287852,0.3707182027836334,0.4074498144251352,0.2012969826717629,0.2348527050522977,0.2859244541976199,0.2012969826717629,0.2348527050522977,0.2859244541976199,0.0,0.0,0.0,0.0,0.0,0.0,0.6957169600822377,0.765767354485836,0.8090763593091663,0.6957169600822377,0.765767354485836,0.8090763593091663,0.195431802557271,0.22243092167018,0.2458689721197399,2434.0,2997.0,3264.0,50.25568874999996,60.32470694444446,66.06270715277773,40.56666666666667,49.95,54.4,107.68167902777778,114.3972375,118.101903125
RECORDED,BUS_B_to_BUS_A,BUS_B,BUS_A,ACC_MAG,ZSCORE,FIVE_PARTITION_UNLABELED_BUDGET,14,50,5,0.6639550264550265,0.7062794220573149,0.753972407864189,0.5124017215985429,0.5530696205163457,0.5756934973836715,0.4519569402656773,0.5088561772350473,0.5480989672273128,0.2766404901205111,0.3503001498790863,0.4046311773125788,0.2766404901205111,0.3503001498790863,0.4046311773125788,0.0,0.0,0.0,0.0,0.0,0.0,0.9760008783404046,0.9808833536015746,0.9921554090016176,0.9760008783404046,0.9808833536015746,0.9921554090016176,0.2711741641594064,0.3053137063410283,0.3288593803363876,5053.25,5595.5,6458.75,104.67707645833336,112.27321527777778,128.2175985416667,84.22083333333333,93.25833333333333,107.64583333333331,216.00934798611115,220.25338388888892,231.02273548611112
RECORDED,BUS_B_to_BUS_A,BUS_B,BUS_A,ACC_MAG,QUANTILE,FIVE_PARTITION_UNLABELED_BUDGET,14,50,5,0.6518627450980392,0.6753181175520097,0.7144277316195394,0.524173905548789,0.5675224756981057,0.5880776319502953,0.4985149789726963,0.5297177079294872,0.5507324421193289,0.3462862994152487,0.3858216059753977,0.4085936695773031,0.3462862994152487,0.3858216059753977,0.4085936695773031,0.1482431994818653,0.2065602748593337,0.279843489442067,0.1482431994818653,0.2065602748593337,0.279843489442067,0.9540476168527984,0.9740418471416238,0.9838355956111156,0.9540476168527984,0.9740418471416238,0.9838355956111156,0.3445152108556485,0.3981713390389623,0.4423943794118123,5053.25,5595.5,6458.75,104.67707645833336,112.27321527777778,128.2175985416667,84.22083333333333,93.25833333333333,107.64583333333331,216.00934798611115,220.25338388888892,231.02273548611112
RECORDED,BUS_B_to_BUS_A,BUS_B,BUS_A,ACC_MAG,CORAL,FIVE_PARTITION_UNLABELED_BUDGET,14,50,5,0.5654450669156552,0.6039258854420378,0.6405811642159432,0.4681597475704811,0.4861361390178023,0.5094930524147899,0.415744940201664,0.4340496149190265,0.472100148677905,0.2687773441171798,0.3048386738014673,0.3384727342431503,0.2687773441171798,0.3048386738014673,0.3384727342431503,0.0,0.0,0.0,0.0,0.0,0.0,0.8260792296069298,0.8589361086026769,0.8865153532383381,0.8260792296069298,0.8589361086026769,0.8865153532383381,0.2494469641209984,0.2648148097089566,0.283260089206743,5053.25,5595.5,6458.75,104.67707645833336,112.27321527777778,128.2175985416667,84.22083333333333,93.25833333333333,107.64583333333331,216.00934798611115,220.25338388888892,231.02273548611112
RECORDED,BUS_B_to_BUS_A,BUS_B,BUS_A,ACC_MAG,ZSCORE,FIVE_PARTITION_UNLABELED_BUDGET,18,5,5,0.6740052514643506,0.6862433862433862,0.7577012684442144,0.5270538377037142,0.5323701497514854,0.5892200129680601,0.4624505420636031,0.4835196632610244,0.5692960238673455,0.2933483677688234,0.3128443320095025,0.4321911781377587,0.2933483677688234,0.3128443320095025,0.4321911781377587,0.0,0.0,0.0,0.0,0.0,0.0,0.9799891833423472,0.9806105610561056,0.9933333333333332,0.9799891833423472,0.9806105610561056,0.9933333333333332,0.2774703252381619,0.2901117979566147,0.3415776143204073,6852.0,7203.0,8374.0,142.91942611111114,144.022228611111,165.7267405555556,114.2,120.05,139.56666666666666,278.2406766666667,282.78648527777773,296.6045361111111
RECORDED,BUS_B_to_BUS_A,BUS_B,BUS_A,ACC_MAG,QUANTILE,FIVE_PARTITION_UNLABELED_BUDGET,18,5,5,0.6639917162826818,0.6659260755402949,0.7136667979519495,0.5336637787478434,0.5888385933598851,0.5930290366976507,0.5230857183640163,0.5278451178415369,0.5479095856292723,0.3754493696355334,0.3826469136450403,0.4015678897167516,0.3754493696355334,0.3826469136450403,0.4015678897167516,0.1632653061224489,0.2366863905325443,0.2779369627507163,0.1632653061224489,0.2366863905325443,0.2779369627507163,0.975130890052356,0.9763907734056988,0.985032362459547,0.975130890052356,0.9763907734056988,0.985032362459547,0.3791575534673894,0.4234203075905811,0.4278818558052086,6852.0,7203.0,8374.0,142.91942611111114,144.022228611111,165.7267405555556,114.2,120.05,139.56666666666666,278.2406766666667,282.78648527777773,296.6045361111111
RECORDED,BUS_B_to_BUS_A,BUS_B,BUS_A,ACC_MAG,CORAL,FIVE_PARTITION_UNLABELED_BUDGET,18,5,5,0.586078431372549,0.5897798424560695,0.641470359823971,0.4756329384862153,0.4983864644331264,0.5184412387763708,0.4097355320230973,0.4452285457848015,0.4828259101069002,0.2502156995654481,0.298716186046402,0.3423123285967619,0.2502156995654481,0.298716186046402,0.3423123285967619,0.0,0.0,0.0,0.0,0.0,0.0,0.8652865286528653,0.884765625,0.8882950293960449,0.8652865286528653,0.884765625,0.8882950293960449,0.2458413192138583,0.2671371274708809,0.2896955460641401,6852.0,7203.0,8374.0,142.91942611111114,144.022228611111,165.7267405555556,114.2,120.05,139.56666666666666,278.2406766666667,282.78648527777773,296.6045361111111
RECORDED,BUS_B_to_BUS_A,BUS_B,BUS_A,ACC_GYR,ZSCORE,FIVE_PARTITION_UNLABELED_BUDGET,1,50,5,0.53096050114653,0.6166431024035548,0.6613756613756614,0.433755500162387,0.4772144928749754,0.5023682183778638,0.3478950484911122,0.3967402355726823,0.457137897677535,0.205406156633738,0.2443062477562128,0.3111585526972412,0.205406156633738,0.2443062477562128,0.3111585526972412,0.0,0.0,0.0,0.0,0.0,0.0,0.8039484797297298,0.934554711692072,0.9656348048169116,0.8039484797297298,0.934554711692072,0.9656348048169116,0.2087370290946673,0.2380441413436094,0.2742827386065209,207.0,378.0,637.75,4.868805,7.118170833333331,12.214636875000002,3.45,6.300000000000001,10.629166666666666,15.534961388888888,17.883746944444447,19.091011875
RECORDED,BUS_B_to_BUS_A,BUS_B,BUS_A,ACC_GYR,QUANTILE,FIVE_PARTITION_UNLABELED_BUDGET,1,50,5,0.4629203910401852,0.5972222741511953,0.7044063664450053,0.3884456114415408,0.5132630678862339,0.5654033657992178,0.356898794502528,0.4728383467782089,0.5262874801939426,0.2852857442264085,0.3575082194328914,0.3887340839014369,0.2852857442264085,0.3575082194328914,0.3887340839014369,0.0,0.024694913807817,0.1091954022988505,0.0,0.024694913807817,0.1091954022988505,0.6717923153939612,0.873001879399599,0.956792036437416,0.6717923153939612,0.873001879399599,0.956792036437416,0.2244269759670493,0.3026903772355821,0.362723114485074,207.0,378.0,637.75,4.868805,7.118170833333331,12.214636875000002,3.45,6.300000000000001,10.629166666666666,15.534961388888888,17.883746944444447,19.091011875
RECORDED,BUS_B_to_BUS_A,BUS_B,BUS_A,ACC_GYR,CORAL,FIVE_PARTITION_UNLABELED_BUDGET,1,50,5,0.2521287453018416,0.3729963697142044,0.499978667461966,0.2606229136146681,0.342839006556702,0.4122642536314924,0.1645889998402974,0.2742730909722692,0.3770450166817899,0.1861046263596806,0.2063324367190785,0.2761938504741151,0.1861046263596806,0.2063324367190785,0.2761938504741151,0.0,0.0,0.0017835909631391,0.0,0.0,0.0017835909631391,0.0065023642647365,0.5211196516846719,0.6911991229313336,0.0065023642647365,0.5211196516846719,0.6911991229313336,0.0987533999041785,0.1650394788401986,0.2283616894217611,207.0,378.0,637.75,4.868805,7.118170833333331,12.214636875000002,3.45,6.300000000000001,10.629166666666666,15.534961388888888,17.883746944444447,19.091011875
RECORDED,BUS_B_to_BUS_A,BUS_B,BUS_A,ACC_GYR,ZSCORE,FIVE_PARTITION_UNLABELED_BUDGET,3,50,5,0.6375479701070491,0.6686161754372989,0.7479985225831502,0.4901161827578613,0.516330993549033,0.5753766782003208,0.4043194661855308,0.4585583557964676,0.5394859644168668,0.2259116742321637,0.3063621970084158,0.393964617215117,0.2259116742321637,0.3063621970084158,0.393964617215117,0.0,0.0,0.0,0.0,0.0,0.0,0.9513163333256792,0.9749390984635564,0.989367458838021,0.9513163333256792,0.9749390984635564,0.989367458838021,0.2430440622771329,0.2751350134778805,0.3254641697542731,979.5,1291.0,1535.0,19.795983541666672,26.28703375,30.94410840277776,16.325000000000003,21.516666666666666,25.58333333333333,44.57640388888889,48.2127925,53.11265347222222
RECORDED,BUS_B_to_BUS_A,BUS_B,BUS_A,ACC_GYR,QUANTILE,FIVE_PARTITION_UNLABELED_BUDGET,3,50,5,0.6249278715727858,0.6794600102531305,0.7301050292870127,0.5145759659905516,0.558798078491339,0.5911276872877642,0.4795325664900631,0.5407244612402315,0.5657898094481748,0.348134217643489,0.3990998113560075,0.4359426864276925,0.348134217643489,0.3990998113560075,0.4359426864276925,0.0767737810725648,0.2071849222715736,0.282273639386888,0.0767737810725648,0.2071849222715736,0.282273639386888,0.9165126580838868,0.9553544736784138,0.9764681607072913,0.9165126580838868,0.9553544736784138,0.9764681607072913,0.3210161227064185,0.400174700196098,0.4477285081408781,979.5,1291.0,1535.0,19.795983541666672,26.28703375,30.94410840277776,16.325000000000003,21.516666666666666,25.58333333333333,44.57640388888889,48.2127925,53.11265347222222
RECORDED,BUS_B_to_BUS_A,BUS_B,BUS_A,ACC_GYR,CORAL,FIVE_PARTITION_UNLABELED_BUDGET,3,50,5,0.4411163651781243,0.4923306911486123,0.5827606598194833,0.3576318717629941,0.4180702236698042,0.4590637630042723,0.3212779559309798,0.3731122119681637,0.4259627957551058,0.2040785747630727,0.2436371289197489,0.3080900390592628,0.2040785747630727,0.2436371289197489,0.3080900390592628,0.0,0.0,0.0046404458257421,0.0,0.0,0.0046404458257421,0.6676279877229767,0.7539697526453677,0.8061935162733537,0.6676279877229767,0.7539697526453677,0.8061935162733537,0.1976594861793927,0.2257108246495149,0.2569281065610403,979.5,1291.0,1535.0,19.795983541666672,26.28703375,30.94410840277776,16.325000000000003,21.516666666666666,25.58333333333333,44.57640388888889,48.2127925,53.11265347222222
RECORDED,BUS_B_to_BUS_A,BUS_B,BUS_A,ACC_GYR,ZSCORE,FIVE_PARTITION_UNLABELED_BUDGET,7,50,5,0.6563320541304787,0.6931682250763364,0.7667636387543195,0.5095793077556997,0.549667175765226,0.6151012016511126,0.4275509183004953,0.4863062189778532,0.5781411271331743,0.246996612704586,0.323877135299797,0.4429213202804359,0.246996612704586,0.323877135299797,0.4429213202804359,0.0,0.0,0.0,0.0,0.0,0.0,0.9741271661569828,0.9802585328761424,0.9913606277417916,0.9741271661569828,0.9802585328761424,0.9913606277417916,0.2565305509802972,0.2944110930631919,0.3468846762799046,2434.0,2997.0,3264.0,50.25568874999996,60.32470694444446,66.06270715277773,40.56666666666667,49.95,54.4,107.68167902777778,114.3972375,118.101903125
RECORDED,BUS_B_to_BUS_A,BUS_B,BUS_A,ACC_GYR,QUANTILE,FIVE_PARTITION_UNLABELED_BUDGET,7,50,5,0.6689002653129846,0.6912745098039216,0.7532625957303989,0.5534507147126743,0.5830736378692988,0.6001218588809408,0.5273183615891175,0.5662222200594267,0.5856958818761329,0.3765728594606811,0.4290137633442572,0.4580236792438721,0.3765728594606811,0.4290137633442572,0.4580236792438721,0.1688603322949117,0.270613590767336,0.3052897888463662,0.1688603322949117,0.270613590767336,0.3052897888463662,0.9582763516011704,0.9813682274131408,0.9949443882709808,0.9582763516011704,0.9813682274131408,0.9949443882709808,0.4048645909753082,0.4428928512179046,0.4711738341352968,2434.0,2997.0,3264.0,50.25568874999996,60.32470694444446,66.06270715277773,40.56666666666667,49.95,54.4,107.68167902777778,114.3972375,118.101903125
RECORDED,BUS_B_to_BUS_A,BUS_B,BUS_A,ACC_GYR,CORAL,FIVE_PARTITION_UNLABELED_BUDGET,7,50,5,0.4996465360533225,0.5522946255650705,0.6077384237426052,0.4105352962947049,0.4535941658064141,0.4869047532738917,0.37520923431782,0.4243843699078623,0.4468632226297528,0.2469783393315779,0.2892886193076048,0.318233656991984,0.2469783393315779,0.2892886193076048,0.318233656991984,0.0,0.0,0.0051802858304406,0.0,0.0,0.0051802858304406,0.7746263488688306,0.8100017283311889,0.8475819514959332,0.7746263488688306,0.8100017283311889,0.8475819514959332,0.225125540590692,0.2573815473522759,0.2767090712397602,2434.0,2997.0,3264.0,50.25568874999996,60.32470694444446,66.06270715277773,40.56666666666667,49.95,54.4,107.68167902777778,114.3972375,118.101903125
RECORDED,BUS_B_to_BUS_A,BUS_B,BUS_A,ACC_GYR,ZSCORE,FIVE_PARTITION_UNLABELED_BUDGET,14,50,5,0.6888002423752777,0.7320532987988166,0.7668706516423014,0.5445625576544403,0.5723525270329343,0.6166075186992299,0.4880075895476216,0.5340389011734361,0.5803762815630723,0.3205273135897307,0.3803087896044486,0.4420443788613029,0.3205273135897307,0.3803087896044486,0.4420443788613029,0.0,0.0,0.0,0.0,0.0,0.0,0.9802787490138416,0.9860738327619772,0.9944171942685772,0.9802787490138416,0.9860738327619772,0.9944171942685772,0.2928045537285729,0.3280549764561646,0.3522659743614492,5053.25,5595.5,6458.75,104.67707645833336,112.27321527777778,128.2175985416667,84.22083333333333,93.25833333333333,107.64583333333331,216.00934798611115,220.25338388888892,231.02273548611112
RECORDED,BUS_B_to_BUS_A,BUS_B,BUS_A,ACC_GYR,QUANTILE,FIVE_PARTITION_UNLABELED_BUDGET,14,50,5,0.6904607817758219,0.7152466681895728,0.7391139746912416,0.5690883463985704,0.6010071439790576,0.616202102418923,0.5589335892092644,0.5783811934774692,0.5912657922704319,0.4133279651933931,0.439903615328206,0.4651433383110472,0.4133279651933931,0.439903615328206,0.4651433383110472,0.2069179051663128,0.2901022477956699,0.3237781228308534,0.2069179051663128,0.2901022477956699,0.3237781228308534,0.9728355868313456,0.9910805704206508,0.9949398688790028,0.9728355868313456,0.9910805704206508,0.9949398688790028,0.4292888336548515,0.4601655079008949,0.474467075496908,5053.25,5595.5,6458.75,104.67707645833336,112.27321527777778,128.2175985416667,84.22083333333333,93.25833333333333,107.64583333333331,216.00934798611115,220.25338388888892,231.02273548611112
RECORDED,BUS_B_to_BUS_A,BUS_B,BUS_A,ACC_GYR,CORAL,FIVE_PARTITION_UNLABELED_BUDGET,14,50,5,0.5586750151484549,0.5976762504923199,0.6338338079213046,0.4502269790880222,0.474716205606314,0.506864269611716,0.4226753757677471,0.4432240695845928,0.4667296903156626,0.2876152980349674,0.3113485468644544,0.3404312144139244,0.2876152980349674,0.3113485468644544,0.3404312144139244,0.0,0.0056527269836221,0.02,0.0,0.0056527269836221,0.02,0.8260888381330818,0.8568177964516955,0.8773556541912485,0.8260888381330818,0.8568177964516955,0.8773556541912485,0.2603050825665839,0.266987073329703,0.2882059977904069,5053.25,5595.5,6458.75,104.67707645833336,112.27321527777778,128.2175985416667,84.22083333333333,93.25833333333333,107.64583333333331,216.00934798611115,220.25338388888892,231.02273548611112
RECORDED,BUS_B_to_BUS_A,BUS_B,BUS_A,ACC_GYR,ZSCORE,FIVE_PARTITION_UNLABELED_BUDGET,18,5,5,0.6994708994708995,0.7162745098039216,0.7641729225990163,0.5435966142499413,0.6010772288060048,0.6102589434670183,0.4690999335200588,0.5788019174630492,0.5909812670390912,0.2990795685544853,0.4395824976203488,0.4551930180876271,0.2990795685544853,0.4395824976203488,0.4551930180876271,0.0,0.0,0.0,0.0,0.0,0.0,0.9818805093046034,0.986869101354124,0.9964601769911504,0.9818805093046034,0.986869101354124,0.9964601769911504,0.2814599601120353,0.3545887602234547,0.3554373007381384,6852.0,7203.0,8374.0,142.91942611111114,144.022228611111,165.7267405555556,114.2,120.05,139.56666666666666,278.2406766666667,282.78648527777773,296.6045361111111
RECORDED,BUS_B_to_BUS_A,BUS_B,BUS_A,ACC_GYR,QUANTILE,FIVE_PARTITION_UNLABELED_BUDGET,18,5,5,0.6883457887295495,0.704115972042454,0.7394643560456873,0.5571397418912404,0.6044152351898104,0.6156556626308807,0.5478505923273636,0.5732862597167492,0.5958596671738503,0.4015222264673639,0.4322639054462112,0.4622529072720838,0.4015222264673639,0.4322639054462112,0.4622529072720838,0.1962922573609596,0.3044982698961938,0.3224043715846995,0.1962922573609596,0.3044982698961938,0.3224043715846995,0.9868356899073624,0.988474939694452,0.9963533225283632,0.9868356899073624,0.988474939694452,0.9963533225283632,0.436032703248694,0.465771063788527,0.4779271795848607,6852.0,7203.0,8374.0,142.91942611111114,144.022228611111,165.7267405555556,114.2,120.05,139.56666666666666,278.2406766666667,282.78648527777773,296.6045361111111
RECORDED,BUS_B_to_BUS_A,BUS_B,BUS_A,ACC_GYR,CORAL,FIVE_PARTITION_UNLABELED_BUDGET,18,5,5,0.5742274288022622,0.6228830248129185,0.6388888888888888,0.4605254758537813,0.4859432744158345,0.5126230281551596,0.4374162055683928,0.4593865762521062,0.4615356023810302,0.3114690692330444,0.315413985727446,0.3336950510519368,0.3114690692330444,0.315413985727446,0.3336950510519368,0.0,0.0106951871657754,0.024024024024024,0.0,0.0106951871657754,0.024024024024024,0.8450572563683103,0.8709315375982043,0.8913043478260869,0.8450572563683103,0.8709315375982043,0.8913043478260869,0.2624497233410356,0.2756319457512637,0.2865309710382277,6852.0,7203.0,8374.0,142.91942611111114,144.022228611111,165.7267405555556,114.2,120.05,139.56666666666666,278.2406766666667,282.78648527777773,296.6045361111111
RECORDED,BUS_B_to_BUS_A,BUS_B,BUS_A,ACC_MAG_GYR,ZSCORE,FIVE_PARTITION_UNLABELED_BUDGET,1,50,5,0.5301918705272455,0.6077836875453518,0.659807010634108,0.4319800169529028,0.4665728541492611,0.4966166891167016,0.3553222320561267,0.3930499907459392,0.4486076653025669,0.1978001625558316,0.2388920340475344,0.3060757160591791,0.1978001625558316,0.2388920340475344,0.3060757160591791,0.0,0.0,0.0,0.0,0.0,0.0,0.8139382725297776,0.9051710348504768,0.9534777089477418,0.8139382725297776,0.9051710348504768,0.9534777089477418,0.2131933392336759,0.2361248922747459,0.2691645991815401,207.0,378.0,637.75,4.868805,7.118170833333331,12.214636875000002,3.45,6.300000000000001,10.629166666666666,15.534961388888888,17.883746944444447,19.091011875
RECORDED,BUS_B_to_BUS_A,BUS_B,BUS_A,ACC_MAG_GYR,QUANTILE,FIVE_PARTITION_UNLABELED_BUDGET,1,50,5,0.5205921944237182,0.5946685340802988,0.7003870069538621,0.4363590731160566,0.4930301270753481,0.5313778329195662,0.3928216239407853,0.45497199951698,0.498413873270962,0.2772209432496401,0.3295719065618051,0.3754827640433095,0.2772209432496401,0.3295719065618051,0.3754827640433095,0.0,0.0070064461714561,0.0443941768184805,0.0,0.0070064461714561,0.0443941768184805,0.7002559393176865,0.8718289858634225,0.9521468878070504,0.7002559393176865,0.8718289858634225,0.9521468878070504,0.2379297194408722,0.289383942310673,0.3188192623426474,207.0,378.0,637.75,4.868805,7.118170833333331,12.214636875000002,3.45,6.300000000000001,10.629166666666666,15.534961388888888,17.883746944444447,19.091011875
RECORDED,BUS_B_to_BUS_A,BUS_B,BUS_A,ACC_MAG_GYR,CORAL,FIVE_PARTITION_UNLABELED_BUDGET,1,50,5,0.2437197773474164,0.2898414903231662,0.3546510063001642,0.2606440511283683,0.284643614308198,0.3161503649720824,0.1540033804226132,0.2029871505672315,0.2488312951764979,0.1405673976135546,0.1721650091239739,0.2211481492270385,0.1405673976135546,0.1721650091239739,0.2211481492270385,0.0,0.0,0.0,0.0,0.0,0.0,0.141844990982922,0.2247968480669785,0.4363768790396428,0.141844990982922,0.2247968480669785,0.4363768790396428,0.0948900584753412,0.1236202475376237,0.1627854624841749,207.0,378.0,637.75,4.868805,7.118170833333331,12.214636875000002,3.45,6.300000000000001,10.629166666666666,15.534961388888888,17.883746944444447,19.091011875
RECORDED,BUS_B_to_BUS_A,BUS_B,BUS_A,ACC_MAG_GYR,ZSCORE,FIVE_PARTITION_UNLABELED_BUDGET,3,50,5,0.6238328664799253,0.6559150326797385,0.7096271185381071,0.4795204548774702,0.5069683181121956,0.5455195328719961,0.4030552517327935,0.4399382956274201,0.5127165944038345,0.2249016260694872,0.272894320578534,0.3647054216058004,0.2249016260694872,0.272894320578534,0.3647054216058004,0.0,0.0,0.0,0.0,0.0,0.0,0.9376392752809772,0.960998377310398,0.9820817112392868,0.9376392752809772,0.960998377310398,0.9820817112392868,0.241833151039676,0.263962977376452,0.3076299566423007,979.5,1291.0,1535.0,19.795983541666672,26.28703375,30.94410840277776,16.325000000000003,21.516666666666666,25.58333333333333,44.57640388888889,48.2127925,53.11265347222222
RECORDED,BUS_B_to_BUS_A,BUS_B,BUS_A,ACC_MAG_GYR,QUANTILE,FIVE_PARTITION_UNLABELED_BUDGET,3,50,5,0.6168627450980392,0.6610322913270015,0.7250029235869695,0.4976769836831849,0.5320505862172942,0.5766990790224443,0.4541067101446612,0.5040083345334196,0.5328179894536952,0.3064749541590572,0.3628468461564686,0.3857088015608374,0.3064749541590572,0.3628468461564686,0.3857088015608374,0.0307430221141708,0.1262065637065637,0.1793162258087881,0.0307430221141708,0.1262065637065637,0.1793162258087881,0.9026004372476096,0.9490952004078288,0.9779753182630584,0.9026004372476096,0.9490952004078288,0.9779753182630584,0.3118948294861964,0.3502329220496502,0.3983759169589912,979.5,1291.0,1535.0,19.795983541666672,26.28703375,30.94410840277776,16.325000000000003,21.516666666666666,25.58333333333333,44.57640388888889,48.2127925,53.11265347222222
RECORDED,BUS_B_to_BUS_A,BUS_B,BUS_A,ACC_MAG_GYR,CORAL,FIVE_PARTITION_UNLABELED_BUDGET,3,50,5,0.3167036962229853,0.3857672385141583,0.4495970967269181,0.2996377519498786,0.3416019735498655,0.3727288325034876,0.2256214642517471,0.2846494412649586,0.3239427640216822,0.1718965301169148,0.2003997155531812,0.2433616516851716,0.1718965301169148,0.2003997155531812,0.2433616516851716,0.0,0.0,0.0,0.0,0.0,0.0,0.3675596442604726,0.4917588708069283,0.5982679375245843,0.3675596442604726,0.4917588708069283,0.5982679375245843,0.1353728785510482,0.1707896647589752,0.1987649331953974,979.5,1291.0,1535.0,19.795983541666672,26.28703375,30.94410840277776,16.325000000000003,21.516666666666666,25.58333333333333,44.57640388888889,48.2127925,53.11265347222222
RECORDED,BUS_B_to_BUS_A,BUS_B,BUS_A,ACC_MAG_GYR,ZSCORE,FIVE_PARTITION_UNLABELED_BUDGET,7,50,5,0.6440569561157796,0.6801656231064431,0.7443510599723675,0.5039565805943347,0.534492604386525,0.5927326137890405,0.4185079114385847,0.4884230633969423,0.554875251491697,0.240233513704775,0.3258270656157919,0.4114811546164828,0.240233513704775,0.3258270656157919,0.4114811546164828,0.0,0.0,0.0,0.0,0.0,0.0,0.960476299083894,0.9731899446410746,0.9855160816163644,0.960476299083894,0.9731899446410746,0.9855160816163644,0.2511047468631507,0.2930538380381654,0.3398455031480642,2434.0,2997.0,3264.0,50.25568874999996,60.32470694444446,66.06270715277773,40.56666666666667,49.95,54.4,107.68167902777778,114.3972375,118.101903125
RECORDED,BUS_B_to_BUS_A,BUS_B,BUS_A,ACC_MAG_GYR,QUANTILE,FIVE_PARTITION_UNLABELED_BUDGET,7,50,5,0.6555138493398913,0.6868768050839285,0.7355909713235432,0.5335892194534363,0.5667909923522991,0.5855370000279336,0.4888817170354814,0.5333535100907693,0.555426620834059,0.3388573973020408,0.3854090983871003,0.4155524312008567,0.3388573973020408,0.3854090983871003,0.4155524312008567,0.1197247473465034,0.1802733544175035,0.2290436273575919,0.1197247473465034,0.1802733544175035,0.2290436273575919,0.9499159224208163,0.9795742832319724,0.9954731451622064,0.9499159224208163,0.9795742832319724,0.9954731451622064,0.3442313601496042,0.3847806953066796,0.4243721047779473,2434.0,2997.0,3264.0,50.25568874999996,60.32470694444446,66.06270715277773,40.56666666666667,49.95,54.4,107.68167902777778,114.3972375,118.101903125
RECORDED,BUS_B_to_BUS_A,BUS_B,BUS_A,ACC_MAG_GYR,CORAL,FIVE_PARTITION_UNLABELED_BUDGET,7,50,5,0.4035396295460216,0.4504901960784314,0.53238503421183,0.3616097398211633,0.3968825719466717,0.4354942486706521,0.286128676769897,0.3433474813257996,0.3930126621031178,0.1873087511564168,0.2423918417541082,0.2891195452303771,0.1873087511564168,0.2423918417541082,0.2891195452303771,0.0,0.0,0.0,0.0,0.0,0.0,0.5816019763460105,0.663312617145112,0.7287343294697584,0.5816019763460105,0.663312617145112,0.7287343294697584,0.1725333338229072,0.2060084887954797,0.2428201243916663,2434.0,2997.0,3264.0,50.25568874999996,60.32470694444446,66.06270715277773,40.56666666666667,49.95,54.4,107.68167902777778,114.3972375,118.101903125
RECORDED,BUS_B_to_BUS_A,BUS_B,BUS_A,ACC_MAG_GYR,ZSCORE,FIVE_PARTITION_UNLABELED_BUDGET,14,50,5,0.6720245876128229,0.7186404275123726,0.7612492209290695,0.5336603743693001,0.5659531443689125,0.6033537149374342,0.4732732440244346,0.5268837367374202,0.563930612427322,0.2997967431731907,0.3758804384636283,0.4260587942905058,0.2997967431731907,0.3758804384636283,0.4260587942905058,0.0,0.0,0.0,0.0,0.0,0.0,0.9705275693218026,0.9793302581708648,0.9924966031456126,0.9705275693218026,0.9793302581708648,0.9924966031456126,0.2950201475458436,0.319336050395364,0.3383583674563932,5053.25,5595.5,6458.75,104.67707645833336,112.27321527777778,128.2175985416667,84.22083333333333,93.25833333333333,107.64583333333331,216.00934798611115,220.25338388888892,231.02273548611112
RECORDED,BUS_B_to_BUS_A,BUS_B,BUS_A,ACC_MAG_GYR,QUANTILE,FIVE_PARTITION_UNLABELED_BUDGET,14,50,5,0.6695512859557491,0.7034194854344196,0.7275994486018118,0.5350161664171565,0.5898749673200125,0.6012639354383637,0.5166054103144757,0.5430408946842757,0.5809515028807745,0.3595661648007381,0.3918207323537583,0.4502282243132382,0.3595661648007381,0.3918207323537583,0.4502282243132382,0.1672766615146831,0.2482737594963827,0.2821884968421992,0.1672766615146831,0.2482737594963827,0.2821884968421992,0.969087214312356,0.989402244472906,0.9944554578837388,0.969087214312356,0.989402244472906,0.9944554578837388,0.3828329629707613,0.4123847711628738,0.453913535006171,5053.25,5595.5,6458.75,104.67707645833336,112.27321527777778,128.2175985416667,84.22083333333333,93.25833333333333,107.64583333333331,216.00934798611115,220.25338388888892,231.02273548611112
RECORDED,BUS_B_to_BUS_A,BUS_B,BUS_A,ACC_MAG_GYR,CORAL,FIVE_PARTITION_UNLABELED_BUDGET,14,50,5,0.5010364145658264,0.530296909715209,0.6226378462334973,0.4255342668663929,0.4511656097951637,0.5073475878728524,0.3696252552395639,0.4038184589785273,0.4735945538543606,0.2521777504469039,0.2881388193009543,0.3612185666967322,0.2521777504469039,0.2881388193009543,0.3612185666967322,0.0,0.0,0.0,0.0,0.0,0.0,0.7157262957670121,0.7572403521689337,0.7976386446248046,0.7157262957670121,0.7572403521689337,0.7976386446248046,0.2227393713810223,0.2422910753871164,0.2858310032371733,5053.25,5595.5,6458.75,104.67707645833336,112.27321527777778,128.2175985416667,84.22083333333333,93.25833333333333,107.64583333333331,216.00934798611115,220.25338388888892,231.02273548611112
RECORDED,BUS_B_to_BUS_A,BUS_B,BUS_A,ACC_MAG_GYR,ZSCORE,FIVE_PARTITION_UNLABELED_BUDGET,18,5,5,0.6886243386243386,0.6937254901960784,0.7623608594356718,0.5362596620929398,0.5645774120440095,0.6152457357571759,0.4652611784865144,0.5094066421947687,0.5936965533322043,0.2974030949165918,0.3472047209768678,0.4588133998117779,0.2974030949165918,0.3472047209768678,0.4588133998117779,0.0,0.0,0.0,0.0,0.0,0.0,0.968835429196282,0.9808128739426448,0.9960124058484714,0.968835429196282,0.9808128739426448,0.9960124058484714,0.2791567070919086,0.3056439853168612,0.3562179319993225,6852.0,7203.0,8374.0,142.91942611111114,144.022228611111,165.7267405555556,114.2,120.05,139.56666666666666,278.2406766666667,282.78648527777773,296.6045361111111
RECORDED,BUS_B_to_BUS_A,BUS_B,BUS_A,ACC_MAG_GYR,QUANTILE,FIVE_PARTITION_UNLABELED_BUDGET,18,5,5,0.6893556857200566,0.7028216412114937,0.7217408428515163,0.5440516538644304,0.5985975034810008,0.6030801302878935,0.5308988242793216,0.5327238563278874,0.5882378252277217,0.3756804919710502,0.3837545078236863,0.4524238910425234,0.3756804919710502,0.3837545078236863,0.4524238910425234,0.2432432432432432,0.2716763005780346,0.2787652011225444,0.2432432432432432,0.2716763005780346,0.2787652011225444,0.9796319018404908,0.986021505376344,0.9956796277833168,0.9796319018404908,0.986021505376344,0.9956796277833168,0.3979179435778034,0.4272098147988068,0.4502399924339303,6852.0,7203.0,8374.0,142.91942611111114,144.022228611111,165.7267405555556,114.2,120.05,139.56666666666666,278.2406766666667,282.78648527777773,296.6045361111111
RECORDED,BUS_B_to_BUS_A,BUS_B,BUS_A,ACC_MAG_GYR,CORAL,FIVE_PARTITION_UNLABELED_BUDGET,18,5,5,0.5092156862745097,0.5092592592592593,0.6300802485115196,0.4266994121860485,0.4453093431540588,0.5180196123161707,0.3565738583586879,0.3964415798402454,0.4813663188734971,0.236376233835399,0.2681417371630872,0.3509171921175059,0.236376233835399,0.2681417371630872,0.3509171921175059,0.0,0.0,0.0,0.0,0.0,0.0,0.7730657170605374,0.780523611450942,0.7813411078717201,0.7730657170605374,0.780523611450942,0.7813411078717201,0.2139443150152127,0.2378649479041472,0.2888197913240982,6852.0,7203.0,8374.0,142.91942611111114,144.022228611111,165.7267405555556,114.2,120.05,139.56666666666666,278.2406766666667,282.78648527777773,296.6045361111111
YAW90_LEFT,BUS_A_to_BUS_B,BUS_A,BUS_B,ACC,ZSCORE,FIVE_PARTITION_UNLABELED_BUDGET,1,50,5,0.5224929235746056,0.5500186636804778,0.5785390012538489,0.4923478217287678,0.5318207925642636,0.5644336318933236,0.3777518381536949,0.4126792111801719,0.4403340450137241,0.1921443356192924,0.2310720138441865,0.2674665917683638,0.1921443356192924,0.2310720138441865,0.2674665917683638,0.0,0.0,0.0032868510683793,0.0,0.0,0.0032868510683793,0.93510192573853,0.957426861606436,0.966098442729984,0.93510192573853,0.957426861606436,0.966098442729984,0.226651102892217,0.2476358248776342,0.2666492871566073,589.0,736.5,964.0,11.421680833333337,13.553874444444444,17.34404888888889,9.816666666666666,12.275,16.066666666666666,13.905689444444446,15.772793472222222,19.13559763888889
YAW90_LEFT,BUS_A_to_BUS_B,BUS_A,BUS_B,ACC,QUANTILE,FIVE_PARTITION_UNLABELED_BUDGET,1,50,5,0.4452975575708093,0.5479438332985405,0.6281582298073383,0.4767433025544288,0.5353370727322818,0.6011333582618954,0.3598760085520386,0.4257035779419295,0.4923176384431088,0.2087162218641965,0.2659747944412666,0.3421482942183033,0.2087162218641965,0.2659747944412666,0.3421482942183033,0.0,0.0034364286531428,0.0889320589253158,0.0,0.0034364286531428,0.0889320589253158,0.8114413546733679,0.8851511690854215,0.9382874038989902,0.8114413546733679,0.8851511690854215,0.9382874038989902,0.2253679634336726,0.2609326287433055,0.3020659672764717,589.0,736.5,964.0,11.421680833333337,13.553874444444444,17.34404888888889,9.816666666666666,12.275,16.066666666666666,13.905689444444446,15.772793472222222,19.13559763888889
YAW90_LEFT,BUS_A_to_BUS_B,BUS_A,BUS_B,ACC,CORAL,FIVE_PARTITION_UNLABELED_BUDGET,1,50,5,0.4852972399150743,0.5065957257756035,0.5344010124390227,0.4290893725554319,0.4910499316861465,0.5232803257170614,0.3589717023952209,0.3814292083212504,0.4183098813486182,0.1918766199784738,0.2201927925465296,0.2649153693644134,0.1918766199784738,0.2201927925465296,0.2649153693644134,0.0,0.0016445278386862,0.046316121343145,0.0,0.0016445278386862,0.046316121343145,0.8370372292809158,0.8918926766603512,0.9228963350844466,0.8370372292809158,0.8918926766603512,0.9228963350844466,0.2170375760232477,0.2362160144957052,0.2794738504351914,589.0,736.5,964.0,11.421680833333337,13.553874444444444,17.34404888888889,9.816666666666666,12.275,16.066666666666666,13.905689444444446,15.772793472222222,19.13559763888889
YAW90_LEFT,BUS_A_to_BUS_B,BUS_A,BUS_B,ACC,ZSCORE,FIVE_PARTITION_UNLABELED_BUDGET,3,50,5,0.5704951199647567,0.6209856428638425,0.6942881260551491,0.4976083695598201,0.549305166187749,0.6053684622364944,0.4287081233809033,0.4640426084451078,0.5343959122854219,0.2511330044888613,0.3146934732647574,0.4024267962886839,0.2511330044888613,0.3146934732647574,0.4024267962886839,0.0,0.0037454022387799,0.2191066970347334,0.0,0.0037454022387799,0.2191066970347334,0.9291996231479832,0.9430980841774526,0.9609048322606826,0.9291996231479832,0.9430980841774526,0.9609048322606826,0.2588787051796292,0.2887424078991855,0.3972988845693443,882.0,1372.0,1831.0,16.609659097222224,26.11466263888889,34.0089870138889,14.7,22.866666666666667,30.516666666666666,27.94670875,36.40455805555556,43.86834604166666
YAW90_LEFT,BUS_A_to_BUS_B,BUS_A,BUS_B,ACC,QUANTILE,FIVE_PARTITION_UNLABELED_BUDGET,3,50,5,0.5641788507310439,0.6126293781434278,0.6928466415043842,0.5251348433341696,0.5727533527820645,0.6679545717166886,0.4335668986180445,0.4791588313644592,0.594709086519729,0.2739680586268271,0.3383132474308559,0.47186413975223,0.2739680586268271,0.3383132474308559,0.47186413975223,0.0118066338860693,0.0780174287337321,0.4124048592103783,0.0118066338860693,0.0780174287337321,0.4124048592103783,0.8864530779680883,0.92224733171641,0.9500830391087636,0.8864530779680883,0.92224733171641,0.9500830391087636,0.2767131130585519,0.307317631583767,0.5214269856177206,882.0,1372.0,1831.0,16.609659097222224,26.11466263888889,34.0089870138889,14.7,22.866666666666667,30.516666666666666,27.94670875,36.40455805555556,43.86834604166666
YAW90_LEFT,BUS_A_to_BUS_B,BUS_A,BUS_B,ACC,CORAL,FIVE_PARTITION_UNLABELED_BUDGET,3,50,5,0.5370441128503274,0.5823717469757315,0.6598379076278544,0.5032112683886134,0.5407015233787458,0.5902535296770972,0.4082029166789764,0.4448138537032764,0.5387261256159565,0.240287275398954,0.2909090727913282,0.4217838377735726,0.240287275398954,0.2909090727913282,0.4217838377735726,0.019562285161933,0.1078183758045198,0.5595317280011811,0.019562285161933,0.1078183758045198,0.5595317280011811,0.8949855774621089,0.9096663943121716,0.9185578328737204,0.8949855774621089,0.9096663943121716,0.9185578328737204,0.2564252302748727,0.2964552215057942,0.5615709182197514,882.0,1372.0,1831.0,16.609659097222224,26.11466263888889,34.0089870138889,14.7,22.866666666666667,30.516666666666666,27.94670875,36.40455805555556,43.86834604166666
YAW90_LEFT,BUS_A_to_BUS_B,BUS_A,BUS_B,ACC,ZSCORE,FIVE_PARTITION_UNLABELED_BUDGET,7,50,5,0.6365625185120318,0.772556803314826,0.7851798517743233,0.5878989923250748,0.6675392317717411,0.7047059088754459,0.5325925335165591,0.6589795326878884,0.6779441101322293,0.3913055884148301,0.5618270142211571,0.586696400360387,0.3913055884148301,0.5618270142211571,0.586696400360387,0.2221380617639332,0.7563739551103438,0.8137157780979827,0.2221380617639332,0.7563739551103438,0.8137157780979827,0.9399178865310556,0.9488184122789766,0.956634957137222,0.9399178865310556,0.9488184122789766,0.956634957137222,0.381921536246178,0.699398376145534,0.7294807275651306,2863.25,3423.5,3867.5,53.69083277777782,64.76694652777776,72.11586145833337,47.72083333333333,57.05833333333334,64.45833333333334,74.31092666666666,85.10909194444443,94.63826236111112
YAW90_LEFT,BUS_A_to_BUS_B,BUS_A,BUS_B,ACC,QUANTILE,FIVE_PARTITION_UNLABELED_BUDGET,7,50,5,0.60866952523623,0.7049037817526977,0.8021687086779254,0.5976799138833535,0.6578521418586796,0.7520575498910447,0.5033883809293385,0.5956951081047765,0.7167657366551177,0.3586668178805607,0.4774596442294614,0.6369403509229258,0.3586668178805607,0.4774596442294614,0.6369403509229258,0.1314790815607832,0.4791809207311113,0.7564320344749933,0.1314790815607832,0.4791809207311113,0.7564320344749933,0.9337996720525564,0.9478249549725278,0.9587088521341222,0.9337996720525564,0.9478249549725278,0.9587088521341222,0.3461033553092237,0.5449531827586093,0.7518168260213904,2863.25,3423.5,3867.5,53.69083277777782,64.76694652777776,72.11586145833337,47.72083333333333,57.05833333333334,64.45833333333334,74.31092666666666,85.10909194444443,94.63826236111112
YAW90_LEFT,BUS_A_to_BUS_B,BUS_A,BUS_B,ACC,CORAL,FIVE_PARTITION_UNLABELED_BUDGET,7,50,5,0.598217618514371,0.643150429264651,0.6919415164909895,0.5533769757724322,0.5944717053907068,0.6374331391814237,0.4857251885613894,0.5359227560894648,0.5972073151494964,0.3423959080273807,0.413333655574942,0.4917720822555029,0.3423959080273807,0.413333655574942,0.4917720822555029,0.2426911994594093,0.4497380952380952,0.5811068433888122,0.2426911994594093,0.4497380952380952,0.5811068433888122,0.9050802497541736,0.9147113710093444,0.9228976010266396,0.9050802497541736,0.9147113710093444,0.9228976010266396,0.3889687050284771,0.4912778139804242,0.5914266661851318,2863.25,3423.5,3867.5,53.69083277777782,64.76694652777776,72.11586145833337,47.72083333333333,57.05833333333334,64.45833333333334,74.31092666666666,85.10909194444443,94.63826236111112
YAW90_LEFT,BUS_A_to_BUS_B,BUS_A,BUS_B,ACC,ZSCORE,FIVE_PARTITION_UNLABELED_BUDGET,14,50,5,0.7722753704745826,0.7879088207846441,0.814317908968381,0.6625974181188219,0.6942131453441479,0.7248575567819144,0.6551267735596418,0.6758209491439393,0.7284218885373228,0.558648920070439,0.5816020305366071,0.6551331282041193,0.558648920070439,0.5816020305366071,0.6551331282041193,0.7749919916898127,0.7962871450878952,0.8199516951132014,0.7749919916898127,0.7962871450878952,0.8199516951132014,0.9454726783073408,0.9504875132293696,0.9552870940321134,0.9454726783073408,0.9504875132293696,0.9552870940321134,0.7053783605579012,0.727607824256036,0.7647181959851693,6078.5,6596.0,7111.75,114.20434597222226,122.67233569444431,132.0780080555556,101.30833333333334,109.93333333333334,118.52916666666668,158.38942458333332,166.7712204166667,177.55560868055557
YAW90_LEFT,BUS_A_to_BUS_B,BUS_A,BUS_B,ACC,QUANTILE,FIVE_PARTITION_UNLABELED_BUDGET,14,50,5,0.676300578034682,0.7568845605621249,0.8014912774338773,0.6553430697321619,0.731723792049279,0.7804924129065708,0.6032133734352482,0.6882534211576294,0.7339873979969496,0.4866252696670384,0.6004401038416913,0.6625698855523661,0.4866252696670384,0.6004401038416913,0.6625698855523661,0.4000213927054911,0.6596651600808034,0.7986030533744477,0.4000213927054911,0.6596651600808034,0.7986030533744477,0.946686581085406,0.958698387011192,0.962437922331678,0.946686581085406,0.958698387011192,0.962437922331678,0.5322857557479767,0.6692006276160096,0.760124436511679,6078.5,6596.0,7111.75,114.20434597222226,122.67233569444431,132.0780080555556,101.30833333333334,109.93333333333334,118.52916666666668,158.38942458333332,166.7712204166667,177.55560868055557
YAW90_LEFT,BUS_A_to_BUS_B,BUS_A,BUS_B,ACC,CORAL,FIVE_PARTITION_UNLABELED_BUDGET,14,50,5,0.6774132595772095,0.7084263334887271,0.732813370757321,0.6226774247038046,0.6529130141097338,0.6767070388677793,0.578024384430703,0.6063778733466056,0.6513663949533383,0.4638458616534013,0.5057415511429778,0.562228832301171,0.4638458616534013,0.5057415511429778,0.562228832301171,0.6019395035674806,0.671097211363044,0.7315918497859414,0.6019395035674806,0.671097211363044,0.7315918497859414,0.9047956345218128,0.913730086362846,0.9196373168715736,0.9047956345218128,0.913730086362846,0.9196373168715736,0.5916811288535908,0.6409741313638144,0.6774779257080618,6078.5,6596.0,7111.75,114.20434597222226,122.67233569444431,132.0780080555556,101.30833333333334,109.93333333333334,118.52916666666668,158.38942458333332,166.7712204166667,177.55560868055557
YAW90_LEFT,BUS_A_to_BUS_B,BUS_A,BUS_B,ACC,ZSCORE,FIVE_PARTITION_UNLABELED_BUDGET,18,5,5,0.7747139373475895,0.7900212314225054,0.8010880652839171,0.6729641199726928,0.7105310619379712,0.7423852306981913,0.6687911513003131,0.6734958042627053,0.7354898362383404,0.5748112300679865,0.5785840862732875,0.6638971853746604,0.5748112300679865,0.5785840862732875,0.6638971853746604,0.8015978695073236,0.8083785880527541,0.8205900060204696,0.8015978695073236,0.8083785880527541,0.8205900060204696,0.9493757094211124,0.9502677888293802,0.9507309149972928,0.9493757094211124,0.9502677888293802,0.9507309149972928,0.7274489177787249,0.7295106931883757,0.7619330495459338,7990.0,8375.0,8611.0,150.05160749999996,158.7114808333332,160.7930033333332,133.16666666666666,139.58333333333334,143.51666666666668,212.32198277777775,212.34181361111115,215.87509
YAW90_LEFT,BUS_A_to_BUS_B,BUS_A,BUS_B,ACC,QUANTILE,FIVE_PARTITION_UNLABELED_BUDGET,18,5,5,0.7197452229299363,0.7437476670399403,0.797598949540424,0.7336811834513723,0.7442822311975246,0.7630240444063344,0.6731346558308282,0.6854652569328847,0.7236915009475721,0.5832134961532037,0.5924020208652298,0.6437770771461061,0.5832134961532037,0.5924020208652298,0.6437770771461061,0.6205083260297984,0.6361957525392429,0.7452025586353944,0.6205083260297984,0.6361957525392429,0.7452025586353944,0.9594594594594594,0.9634347723519698,0.96465496513585,0.9594594594594594,0.9634347723519698,0.96465496513585,0.6583590945141942,0.6594824845716503,0.7322959240227009,7990.0,8375.0,8611.0,150.05160749999996,158.7114808333332,160.7930033333332,133.16666666666666,139.58333333333334,143.51666666666668,212.32198277777775,212.34181361111115,215.87509
YAW90_LEFT,BUS_A_to_BUS_B,BUS_A,BUS_B,ACC,CORAL,FIVE_PARTITION_UNLABELED_BUDGET,18,5,5,0.6978768577494692,0.7069968111048583,0.7082866741321389,0.6534521663572653,0.6643484218662551,0.6722870127953993,0.6162450113031923,0.6205600575207222,0.6231938050448721,0.515102168564623,0.5226168101490624,0.5298264899875543,0.515102168564623,0.5226168101490624,0.5298264899875543,0.6679764243614931,0.6860423394330821,0.7139567019806541,0.6679764243614931,0.6860423394330821,0.7139567019806541,0.9032957502168256,0.9143897996357012,0.9173768062245276,0.9032957502168256,0.9143897996357012,0.9173768062245276,0.6395266042570306,0.648333218800156,0.655329687574177,7990.0,8375.0,8611.0,150.05160749999996,158.7114808333332,160.7930033333332,133.16666666666666,139.58333333333334,143.51666666666668,212.32198277777775,212.34181361111115,215.87509
YAW90_LEFT,BUS_A_to_BUS_B,BUS_A,BUS_B,ACC_MAG,ZSCORE,FIVE_PARTITION_UNLABELED_BUDGET,1,50,5,0.5679429988246738,0.6165139308941193,0.663628383330361,0.5279576210257004,0.5672384546405314,0.6117818372395076,0.433378428022671,0.4769100434307693,0.546560206783978,0.263658254028876,0.3157077718667392,0.41475776568319,0.263658254028876,0.3157077718667392,0.41475776568319,0.000432525951557,0.097547478816361,0.3042020665901263,0.000432525951557,0.097547478816361,0.3042020665901263,0.9333283329787628,0.9515043782717688,0.9654553556063388,0.9333283329787628,0.9515043782717688,0.9654553556063388,0.2696612665142264,0.3193064447187301,0.4193971388772626,589.0,736.5,964.0,11.421680833333337,13.553874444444444,17.34404888888889,9.816666666666666,12.275,16.066666666666666,13.905689444444446,15.772793472222222,19.13559763888889
YAW90_LEFT,BUS_A_to_BUS_B,BUS_A,BUS_B,ACC_MAG,QUANTILE,FIVE_PARTITION_UNLABELED_BUDGET,1,50,5,0.5221711027829995,0.6012631751195179,0.6527235897033544,0.5327121284008478,0.5689508734199853,0.6223697559586142,0.4258881405943058,0.4829809085166363,0.5506673945409255,0.2794921671292939,0.3421409207140414,0.4536515703700546,0.2794921671292939,0.3421409207140414,0.4536515703700546,0.013664121157522,0.0594206137547679,0.2248851078589114,0.013664121157522,0.0594206137547679,0.2248851078589114,0.8105372231691882,0.8949487990883309,0.938546774826606,0.8105372231691882,0.8949487990883309,0.938546774826606,0.2708867261739415,0.3187018831010813,0.4586869757819965,589.0,736.5,964.0,11.421680833333337,13.553874444444444,17.34404888888889,9.816666666666666,12.275,16.066666666666666,13.905689444444446,15.772793472222222,19.13559763888889
YAW90_LEFT,BUS_A_to_BUS_B,BUS_A,BUS_B,ACC_MAG,CORAL,FIVE_PARTITION_UNLABELED_BUDGET,1,50,5,0.3164848718843996,0.3888067911010059,0.4266101374817092,0.3136492028936602,0.3492775129196999,0.3998118785984791,0.2353575328891291,0.262087821097103,0.3082686951797756,0.1188870491451541,0.1541461062237881,0.1979966609889474,0.1188870491451541,0.1541461062237881,0.1979966609889474,0.0,0.0,0.002259465285693,0.0,0.0,0.002259465285693,0.571060373200589,0.5975390660320749,0.6341695986830799,0.571060373200589,0.5975390660320749,0.6341695986830799,0.1431498047727361,0.1603011102410579,0.1851796179334895,589.0,736.5,964.0,11.421680833333337,13.553874444444444,17.34404888888889,9.816666666666666,12.275,16.066666666666666,13.905689444444446,15.772793472222222,19.13559763888889
YAW90_LEFT,BUS_A_to_BUS_B,BUS_A,BUS_B,ACC_MAG,ZSCORE,FIVE_PARTITION_UNLABELED_BUDGET,3,50,5,0.5876409622793928,0.6476951071572988,0.7121976709575276,0.4785844312679173,0.5417184899988077,0.6315416715432869,0.4121122694348311,0.4807689257102662,0.5970718897415483,0.2373285740475952,0.321064442728783,0.4775853226986351,0.2373285740475952,0.321064442728783,0.4775853226986351,0.0,0.0142147057040674,0.6247672904766145,0.0,0.0142147057040674,0.6247672904766145,0.9289085939872456,0.9440067432457632,0.9591973855425469,0.9289085939872456,0.9440067432457632,0.9591973855425469,0.2505280947191687,0.2980346394205824,0.6140705855161408,882.0,1372.0,1831.0,16.609659097222224,26.11466263888889,34.0089870138889,14.7,22.866666666666667,30.516666666666666,27.94670875,36.40455805555556,43.86834604166666
YAW90_LEFT,BUS_A_to_BUS_B,BUS_A,BUS_B,ACC_MAG,QUANTILE,FIVE_PARTITION_UNLABELED_BUDGET,3,50,5,0.6119852096916605,0.6445039364548112,0.6838029910244721,0.5518082259226305,0.6028236261573726,0.6570688397823088,0.4872813964092111,0.5381879125321811,0.6012566913749764,0.3416604398710924,0.4193298591570358,0.4956219322185624,0.3416604398710924,0.4193298591570358,0.4956219322185624,0.0788880478034271,0.1753744397318437,0.4728898040810792,0.0788880478034271,0.1753744397318437,0.4728898040810792,0.8852543224420498,0.9282447574918888,0.9541002762264676,0.8852543224420498,0.9282447574918888,0.9541002762264676,0.3189536072982763,0.4006319722026938,0.55139087616977,882.0,1372.0,1831.0,16.609659097222224,26.11466263888889,34.0089870138889,14.7,22.866666666666667,30.516666666666666,27.94670875,36.40455805555556,43.86834604166666
YAW90_LEFT,BUS_A_to_BUS_B,BUS_A,BUS_B,ACC_MAG,CORAL,FIVE_PARTITION_UNLABELED_BUDGET,3,50,5,0.4471268276096566,0.4869888460424489,0.5197899080847871,0.3799435667038802,0.4098178211959381,0.4433880304776185,0.3113708742538109,0.3429364823172868,0.3853947946106223,0.1558817399811163,0.2014868640457348,0.2323119307611193,0.1558817399811163,0.2014868640457348,0.2323119307611193,0.0,0.007519552721676,0.0732276209377719,0.0,0.007519552721676,0.0732276209377719,0.7177325006306391,0.8180667972043796,0.8762816311463677,0.7177325006306391,0.8180667972043796,0.8762816311463677,0.1934794873106166,0.215466203736876,0.2655280767714955,882.0,1372.0,1831.0,16.609659097222224,26.11466263888889,34.0089870138889,14.7,22.866666666666667,30.516666666666666,27.94670875,36.40455805555556,43.86834604166666
YAW90_LEFT,BUS_A_to_BUS_B,BUS_A,BUS_B,ACC_MAG,ZSCORE,FIVE_PARTITION_UNLABELED_BUDGET,7,50,5,0.6395007598555387,0.7608491855740449,0.7883460769419144,0.495009275904471,0.6409895170251464,0.6959401455863135,0.476680612432183,0.6384944155984414,0.6821918649791374,0.3214037088683456,0.5345763936716827,0.5924020844609267,0.3214037088683456,0.5345763936716827,0.5924020844609267,0.0102825636290786,0.6404367674285687,0.7996033334400717,0.0102825636290786,0.6404367674285687,0.7996033334400717,0.9382367460443538,0.9480362490652744,0.959309316872438,0.9382367460443538,0.9480362490652744,0.959309316872438,0.2925835311147265,0.6616521290992146,0.7238437549878941,2863.25,3423.5,3867.5,53.69083277777782,64.76694652777776,72.11586145833337,47.72083333333333,57.05833333333334,64.45833333333334,74.31092666666666,85.10909194444443,94.63826236111112
YAW90_LEFT,BUS_A_to_BUS_B,BUS_A,BUS_B,ACC_MAG,QUANTILE,FIVE_PARTITION_UNLABELED_BUDGET,7,50,5,0.6644629752813165,0.7151922359089212,0.7704523532096804,0.6245126839424558,0.6635300289622481,0.7341549365226265,0.5751146276102711,0.6249903388177775,0.693299405339916,0.4474857010270477,0.5154380790790156,0.6184450002051121,0.4474857010270477,0.5154380790790156,0.6184450002051121,0.3076613715898056,0.4954011526538601,0.6136507683787372,0.3076613715898056,0.4954011526538601,0.6136507683787372,0.9363112167515266,0.9501379461138012,0.959574783133284,0.9363112167515266,0.9501379461138012,0.959574783133284,0.4722098303140697,0.5724418149350385,0.6701419648372934,2863.25,3423.5,3867.5,53.69083277777782,64.76694652777776,72.11586145833337,47.72083333333333,57.05833333333334,64.45833333333334,74.31092666666666,85.10909194444443,94.63826236111112
YAW90_LEFT,BUS_A_to_BUS_B,BUS_A,BUS_B,ACC_MAG,CORAL,FIVE_PARTITION_UNLABELED_BUDGET,7,50,5,0.5425123177450221,0.5594652394480345,0.5955870535541813,0.4722292270735014,0.4998627363511847,0.556909482908635,0.4016977950269735,0.4447031160542549,0.477506506926547,0.2345548889684511,0.2854833723367146,0.3350914841118682,0.2345548889684511,0.2854833723367146,0.3350914841118682,0.0076640459423363,0.0826044177410858,0.2760174558992685,0.0076640459423363,0.0826044177410858,0.2760174558992685,0.8807879826988272,0.911659192825112,0.9222971825677851,0.8807879826988272,0.911659192825112,0.9222971825677851,0.2545752268557297,0.3027527419558573,0.3833728778817131,2863.25,3423.5,3867.5,53.69083277777782,64.76694652777776,72.11586145833337,47.72083333333333,57.05833333333334,64.45833333333334,74.31092666666666,85.10909194444443,94.63826236111112
YAW90_LEFT,BUS_A_to_BUS_B,BUS_A,BUS_B,ACC_MAG,ZSCORE,FIVE_PARTITION_UNLABELED_BUDGET,14,50,5,0.7213810987707933,0.7648216339788898,0.7927618277395876,0.5832032465768882,0.644533557624252,0.6972611757610694,0.5669153247345716,0.6449930398051184,0.6967373207099179,0.4424506406661606,0.5444650229758112,0.6101986911814322,0.4424506406661606,0.5444650229758112,0.6101986911814322,0.4873165783526305,0.7116160645386398,0.7842931447485334,0.4873165783526305,0.7116160645386398,0.7842931447485334,0.94450402649206,0.9491592839403272,0.9538557622445832,0.94450402649206,0.9491592839403272,0.9538557622445832,0.5420072793210212,0.6727137840701778,0.7255598029346622,6078.5,6596.0,7111.75,114.20434597222226,122.67233569444431,132.0780080555556,101.30833333333334,109.93333333333334,118.52916666666668,158.38942458333332,166.7712204166667,177.55560868055557
YAW90_LEFT,BUS_A_to_BUS_B,BUS_A,BUS_B,ACC_MAG,QUANTILE,FIVE_PARTITION_UNLABELED_BUDGET,14,50,5,0.6985140891893004,0.747483163214846,0.7975808683130653,0.6710839913656801,0.703203961209973,0.7399634280161604,0.6230640100773133,0.669452523971264,0.7038174376584883,0.5117613335286681,0.5748392394352324,0.616672425905946,0.5117613335286681,0.5748392394352324,0.616672425905946,0.4925858410782058,0.6209462866721253,0.7201988914675482,0.4925858410782058,0.6209462866721253,0.7201988914675482,0.951377306964351,0.9595129908344976,0.9645490574332746,0.951377306964351,0.9595129908344976,0.9645490574332746,0.563578283091955,0.6522245249627802,0.7041903545753061,6078.5,6596.0,7111.75,114.20434597222226,122.67233569444431,132.0780080555556,101.30833333333334,109.93333333333334,118.52916666666668,158.38942458333332,166.7712204166667,177.55560868055557
YAW90_LEFT,BUS_A_to_BUS_B,BUS_A,BUS_B,ACC_MAG,CORAL,FIVE_PARTITION_UNLABELED_BUDGET,14,50,5,0.5600226394100876,0.605271290799741,0.6469869211260956,0.5100402744512489,0.5485853576397131,0.6048974836019579,0.4273242454519856,0.4909933191266309,0.5753167845054542,0.2602986401000333,0.3477004612582764,0.4625673814941886,0.2602986401000333,0.3477004612582764,0.4625673814941886,0.0705695352633393,0.2370741131015103,0.4048525214081827,0.0705695352633393,0.2370741131015103,0.4048525214081827,0.9189576130095146,0.9255172015256,0.9319914421974326,0.9189576130095146,0.9255172015256,0.9319914421974326,0.2880490065048017,0.377659339991766,0.5047168704064934,6078.5,6596.0,7111.75,114.20434597222226,122.67233569444431,132.0780080555556,101.30833333333334,109.93333333333334,118.52916666666668,158.38942458333332,166.7712204166667,177.55560868055557
YAW90_LEFT,BUS_A_to_BUS_B,BUS_A,BUS_B,ACC_MAG,ZSCORE,FIVE_PARTITION_UNLABELED_BUDGET,18,5,5,0.740574841358716,0.7554140127388536,0.8518101669480398,0.6219722561744394,0.6356562942615317,0.7278572003038362,0.6334515576996185,0.6370518355163792,0.748712479069617,0.5288602875783512,0.5330152110112026,0.6851127964099497,0.5288602875783512,0.5330152110112026,0.6851127964099497,0.5714285714285714,0.7419146183699871,0.8316041500399042,0.5714285714285714,0.7419146183699871,0.8316041500399042,0.9472253680634202,0.9491617090319092,0.9495026778882938,0.9472253680634202,0.9491617090319092,0.9495026778882938,0.6086423631911997,0.6789969486578223,0.7919942858607426,7990.0,8375.0,8611.0,150.05160749999996,158.7114808333332,160.7930033333332,133.16666666666666,139.58333333333334,143.51666666666668,212.32198277777775,212.34181361111115,215.87509
YAW90_LEFT,BUS_A_to_BUS_B,BUS_A,BUS_B,ACC_MAG,QUANTILE,FIVE_PARTITION_UNLABELED_BUDGET,18,5,5,0.6820809248554913,0.7745653052972099,0.77491601343785,0.6723531454150177,0.6897576449532244,0.7284169455502605,0.6176967527953434,0.65973648520528,0.6979104933379684,0.5076859303195268,0.5574818614806442,0.6085892166605563,0.5076859303195268,0.5574818614806442,0.6085892166605563,0.4894514767932489,0.6472196900638104,0.6716417910447762,0.4894514767932489,0.6472196900638104,0.6716417910447762,0.9618745035742652,0.9658743233702048,0.9665003563791874,0.9618745035742652,0.9658743233702048,0.9665003563791874,0.5663986423945055,0.671520334543547,0.6874030124206916,7990.0,8375.0,8611.0,150.05160749999996,158.7114808333332,160.7930033333332,133.16666666666666,139.58333333333334,143.51666666666668,212.32198277777775,212.34181361111115,215.87509
YAW90_LEFT,BUS_A_to_BUS_B,BUS_A,BUS_B,ACC_MAG,CORAL,FIVE_PARTITION_UNLABELED_BUDGET,18,5,5,0.5831926467829676,0.6481953290870488,0.654535274356103,0.5071511897885785,0.6071420116178009,0.6356404771346771,0.4261533891927443,0.583554196465511,0.5856443158426684,0.2588065747239529,0.4704954803966068,0.4719286620373689,0.2588065747239529,0.4704954803966068,0.4719286620373689,0.1012829169480081,0.3861003861003861,0.4242728184553661,0.1012829169480081,0.3861003861003861,0.4242728184553661,0.9261285909712722,0.926791277258567,0.9281938325991188,0.9261285909712722,0.926791277258567,0.9281938325991188,0.2729637198771696,0.5058267439457556,0.519841645261453,7990.0,8375.0,8611.0,150.05160749999996,158.7114808333332,160.7930033333332,133.16666666666666,139.58333333333334,143.51666666666668,212.32198277777775,212.34181361111115,215.87509
YAW90_LEFT,BUS_A_to_BUS_B,BUS_A,BUS_B,ACC_GYR,ZSCORE,FIVE_PARTITION_UNLABELED_BUDGET,1,50,5,0.5571598846191738,0.613529948169053,0.6800001904279238,0.512624239978155,0.5441644651687823,0.6317629953203661,0.4247557664314563,0.4596675552579625,0.5603895706275575,0.241037139470292,0.2852424100062845,0.4220290736644422,0.241037139470292,0.2852424100062845,0.4220290736644422,0.0,0.0422838255320114,0.527140680826351,0.0,0.0422838255320114,0.527140680826351,0.9735579868319006,0.9790910585275489,0.9826940520993636,0.9735579868319006,0.9790910585275489,0.9826940520993636,0.2548534598588738,0.2982912150360496,0.5675238116920596,589.0,736.5,964.0,11.421680833333337,13.553874444444444,17.34404888888889,9.816666666666666,12.275,16.066666666666666,13.905689444444446,15.772793472222222,19.13559763888889
YAW90_LEFT,BUS_A_to_BUS_B,BUS_A,BUS_B,ACC_GYR,QUANTILE,FIVE_PARTITION_UNLABELED_BUDGET,1,50,5,0.5420775246514791,0.5904771036372999,0.6862008535030135,0.52155761934071,0.5767477987219085,0.6410511986688026,0.4371150753830295,0.4981938826021914,0.5827909136456936,0.2942159886454579,0.3497331110180627,0.4519072128163858,0.2942159886454579,0.3497331110180627,0.4519072128163858,0.110284834093613,0.3284229382233011,0.4152273065394911,0.110284834093613,0.3284229382233011,0.4152273065394911,0.8696219850631439,0.9340574996174772,0.9594773347390824,0.8696219850631439,0.9340574996174772,0.9594773347390824,0.3068755530044654,0.4238999543735344,0.5148682506937169,589.0,736.5,964.0,11.421680833333337,13.553874444444444,17.34404888888889,9.816666666666666,12.275,16.066666666666666,13.905689444444446,15.772793472222222,19.13559763888889
YAW90_LEFT,BUS_A_to_BUS_B,BUS_A,BUS_B,ACC_GYR,CORAL,FIVE_PARTITION_UNLABELED_BUDGET,1,50,5,0.4746890975529438,0.5015719987785254,0.5282185653338958,0.3847602667612243,0.4393818811175989,0.4993102965503896,0.3492574335115881,0.3843585794032931,0.4353803004084825,0.1973048466979864,0.2170389561602887,0.2792500145479537,0.1973048466979864,0.2170389561602887,0.2792500145479537,0.0065762733908858,0.0548153734428244,0.2419502540470282,0.0065762733908858,0.0548153734428244,0.2419502540470282,0.7813465374185211,0.8959800469483568,0.9183140927233142,0.7813465374185211,0.8959800469483568,0.9183140927233142,0.2198117642443123,0.2432777199570368,0.3539170919409937,589.0,736.5,964.0,11.421680833333337,13.553874444444444,17.34404888888889,9.816666666666666,12.275,16.066666666666666,13.905689444444446,15.772793472222222,19.13559763888889
YAW90_LEFT,BUS_A_to_BUS_B,BUS_A,BUS_B,ACC_GYR,ZSCORE,FIVE_PARTITION_UNLABELED_BUDGET,3,50,5,0.597499271453192,0.6702876319947859,0.7675135697383173,0.5042726235266407,0.5634134943620679,0.6489869423303427,0.4289452190919424,0.480802126931678,0.639805189336648,0.2438503606478879,0.3142131542921625,0.5238015767298451,0.2438503606478879,0.3142131542921625,0.5238015767298451,0.0,0.1229963828131296,0.7182482537924244,0.0,0.1229963828131296,0.7182482537924244,0.964802406112417,0.9755778800826856,0.981448146439315,0.964802406112417,0.9755778800826856,0.981448146439315,0.2637697698499273,0.3288076906568347,0.6799046162003882,882.0,1372.0,1831.0,16.609659097222224,26.11466263888889,34.0089870138889,14.7,22.866666666666667,30.516666666666666,27.94670875,36.40455805555556,43.86834604166666
YAW90_LEFT,BUS_A_to_BUS_B,BUS_A,BUS_B,ACC_GYR,QUANTILE,FIVE_PARTITION_UNLABELED_BUDGET,3,50,5,0.6367659671660585,0.6982282580010128,0.7561148943622975,0.5912772652484486,0.6687581039761403,0.739425005871786,0.513392743764127,0.6274142689039184,0.6868506249936076,0.3803703375228213,0.5219830868504798,0.6094770781807053,0.3803703375228213,0.5219830868504798,0.6094770781807053,0.3318016088417371,0.5729892172866831,0.6506349257377998,0.3318016088417371,0.5729892172866831,0.6506349257377998,0.9231315115512688,0.9515745601107652,0.971202178724297,0.9231315115512688,0.9515745601107652,0.971202178724297,0.4372766242448089,0.6025842259153189,0.667990643517498,882.0,1372.0,1831.0,16.609659097222224,26.11466263888889,34.0089870138889,14.7,22.866666666666667,30.516666666666666,27.94670875,36.40455805555556,43.86834604166666
YAW90_LEFT,BUS_A_to_BUS_B,BUS_A,BUS_B,ACC_GYR,CORAL,FIVE_PARTITION_UNLABELED_BUDGET,3,50,5,0.5433413456394748,0.5726161317895836,0.6599870749624678,0.4804574297806115,0.536488428106986,0.5787903415764295,0.4155067162579728,0.4618555275374901,0.547130655565876,0.2484557573297848,0.3101818280834218,0.4237188788575554,0.2484557573297848,0.3101818280834218,0.4237188788575554,0.0508540229838066,0.24845596331783,0.4440445421278702,0.0508540229838066,0.24845596331783,0.4440445421278702,0.898279656317012,0.9197822506334944,0.9323250988241348,0.898279656317012,0.9197822506334944,0.9323250988241348,0.2703773710190637,0.3841984200429331,0.5008531332431607,882.0,1372.0,1831.0,16.609659097222224,26.11466263888889,34.0089870138889,14.7,22.866666666666667,30.516666666666666,27.94670875,36.40455805555556,43.86834604166666
YAW90_LEFT,BUS_A_to_BUS_B,BUS_A,BUS_B,ACC_GYR,ZSCORE,FIVE_PARTITION_UNLABELED_BUDGET,7,50,5,0.7129992534527809,0.7841868317388858,0.8051673640830488,0.5869190050729005,0.6679179495890868,0.6940915464530852,0.5749346657884664,0.6678546542927096,0.6820040304622903,0.4516503870262131,0.5675831472382067,0.5836149472205286,0.4516503870262131,0.5675831472382067,0.5836149472205286,0.4518882283564962,0.7326069976276688,0.8061865678886955,0.4518882283564962,0.7326069976276688,0.8061865678886955,0.9636450831687912,0.975645253279411,0.9806074649800732,0.9636450831687912,0.975645253279411,0.9806074649800732,0.5363277929406001,0.6952210988016627,0.7273875024856876,2863.25,3423.5,3867.5,53.69083277777782,64.76694652777776,72.11586145833337,47.72083333333333,57.05833333333334,64.45833333333334,74.31092666666666,85.10909194444443,94.63826236111112
YAW90_LEFT,BUS_A_to_BUS_B,BUS_A,BUS_B,ACC_GYR,QUANTILE,FIVE_PARTITION_UNLABELED_BUDGET,7,50,5,0.7116394672669293,0.7515715592211301,0.7872322339340361,0.7007181129415929,0.7398263081294809,0.7669952949490491,0.6371380583379624,0.6874471692538455,0.7209341445778094,0.5273096015125548,0.5977939547899381,0.6395254851094596,0.5273096015125548,0.5977939547899381,0.6395254851094596,0.6238108341850774,0.6798777658761137,0.7397719905360918,0.6238108341850774,0.6798777658761137,0.7397719905360918,0.9583044708094888,0.9671335541747252,0.9722636931249148,0.9583044708094888,0.9671335541747252,0.9722636931249148,0.6442099799101715,0.685775265513485,0.7165397691701865,2863.25,3423.5,3867.5,53.69083277777782,64.76694652777776,72.11586145833337,47.72083333333333,57.05833333333334,64.45833333333334,74.31092666666666,85.10909194444443,94.63826236111112
YAW90_LEFT,BUS_A_to_BUS_B,BUS_A,BUS_B,ACC_GYR,CORAL,FIVE_PARTITION_UNLABELED_BUDGET,7,50,5,0.592767533708452,0.6395004521918695,0.6759857343032938,0.5569676021533563,0.5937742814868631,0.6181698049748406,0.4930152219695342,0.535678394841882,0.5908529058633751,0.3516822824133371,0.4071913542143498,0.4762171400905428,0.3516822824133371,0.4071913542143498,0.4762171400905428,0.2558216441416978,0.428734902524181,0.5294915131685979,0.2558216441416978,0.428734902524181,0.5294915131685979,0.915593191817422,0.9287674454810624,0.937675783632959,0.915593191817422,0.9287674454810624,0.937675783632959,0.4102368845902748,0.4988412900572284,0.5684080654969206,2863.25,3423.5,3867.5,53.69083277777782,64.76694652777776,72.11586145833337,47.72083333333333,57.05833333333334,64.45833333333334,74.31092666666666,85.10909194444443,94.63826236111112
YAW90_LEFT,BUS_A_to_BUS_B,BUS_A,BUS_B,ACC_GYR,ZSCORE,FIVE_PARTITION_UNLABELED_BUDGET,14,50,5,0.7878911588198477,0.8049032309022368,0.8215883187524207,0.6643366895231113,0.6836968135904704,0.7142437778968695,0.6634369528188562,0.6853790330988992,0.7128311823715175,0.562285246069463,0.5907614193907029,0.6286916869938796,0.562285246069463,0.5907614193907029,0.6286916869938796,0.7128826679235498,0.7510587356648932,0.8087344266480403,0.7128826679235498,0.7510587356648932,0.8087344266480403,0.9637594312455692,0.9682948884794502,0.9774321796071096,0.9637594312455692,0.9682948884794502,0.9774321796071096,0.6927827327149145,0.7145983344118529,0.7403241336277054,6078.5,6596.0,7111.75,114.20434597222226,122.67233569444431,132.0780080555556,101.30833333333334,109.93333333333334,118.52916666666668,158.38942458333332,166.7712204166667,177.55560868055557
YAW90_LEFT,BUS_A_to_BUS_B,BUS_A,BUS_B,ACC_GYR,QUANTILE,FIVE_PARTITION_UNLABELED_BUDGET,14,50,5,0.7437367303609341,0.7710489182966593,0.7877422645358721,0.7304178754564137,0.7542655764641288,0.772351982560997,0.6795087242482493,0.6996930324963622,0.7246304402917976,0.5848287117824725,0.609865363665824,0.640762476117938,0.5848287117824725,0.609865363665824,0.640762476117938,0.6559891608200211,0.6995927388416521,0.7693284803947945,0.6559891608200211,0.6995927388416521,0.7693284803947945,0.9676180311167778,0.9702925384396004,0.97592633944194,0.9676180311167778,0.9702925384396004,0.97592633944194,0.674184103689448,0.7049698229527863,0.7284265509686922,6078.5,6596.0,7111.75,114.20434597222226,122.67233569444431,132.0780080555556,101.30833333333334,109.93333333333334,118.52916666666668,158.38942458333332,166.7712204166667,177.55560868055557
YAW90_LEFT,BUS_A_to_BUS_B,BUS_A,BUS_B,ACC_GYR,CORAL,FIVE_PARTITION_UNLABELED_BUDGET,14,50,5,0.6516505357525327,0.675019536259895,0.6969371902710442,0.6001311105739213,0.6192547722404226,0.6425741384053486,0.5613858980620099,0.5833736941281498,0.605760531121011,0.4379511579513301,0.4700532316607031,0.4967531507272882,0.4379511579513301,0.4700532316607031,0.4967531507272882,0.4874534029183086,0.555263841125965,0.5992670435409062,0.4874534029183086,0.555263841125965,0.5992670435409062,0.92559878991094,0.9312483630345976,0.9366999806741944,0.92559878991094,0.9312483630345976,0.9366999806741944,0.5386960168629549,0.5705162221754569,0.6046250089416785,6078.5,6596.0,7111.75,114.20434597222226,122.67233569444431,132.0780080555556,101.30833333333334,109.93333333333334,118.52916666666668,158.38942458333332,166.7712204166667,177.55560868055557
YAW90_LEFT,BUS_A_to_BUS_B,BUS_A,BUS_B,ACC_GYR,ZSCORE,FIVE_PARTITION_UNLABELED_BUDGET,18,5,5,0.8081373646883165,0.8120427687113112,0.8218293097585855,0.678116848966994,0.7273926565074651,0.7311181957623638,0.684358210016827,0.70650271916274,0.743944171263909,0.5905943120825258,0.617085120509004,0.6703630212635331,0.5905943120825258,0.617085120509004,0.6703630212635331,0.7602179836512262,0.7682291666666666,0.8256735340729001,0.7602179836512262,0.7682291666666666,0.8256735340729001,0.9656499038197308,0.96938294865756,0.9747555151239482,0.9656499038197308,0.96938294865756,0.9747555151239482,0.7179065926767628,0.750453696218836,0.754171045126804,7990.0,8375.0,8611.0,150.05160749999996,158.7114808333332,160.7930033333332,133.16666666666666,139.58333333333334,143.51666666666668,212.32198277777775,212.34181361111115,215.87509
YAW90_LEFT,BUS_A_to_BUS_B,BUS_A,BUS_B,ACC_GYR,QUANTILE,FIVE_PARTITION_UNLABELED_BUDGET,18,5,5,0.775583864118896,0.7831551303695367,0.7897290739991912,0.7493559553601267,0.770345780984788,0.7716585999347908,0.6897826134119591,0.7145774391223492,0.7260699850212528,0.5931697532298511,0.6272102173372617,0.6458329086270388,0.5931697532298511,0.6272102173372617,0.6458329086270388,0.7258320126782885,0.7380448582310623,0.746615087040619,0.7258320126782885,0.7380448582310623,0.746615087040619,0.9702499008330028,0.9748261807719972,0.976679104477612,0.9702499008330028,0.9748261807719972,0.976679104477612,0.712515602863423,0.7308599343051765,0.7372696847649229,7990.0,8375.0,8611.0,150.05160749999996,158.7114808333332,160.7930033333332,133.16666666666666,139.58333333333334,143.51666666666668,212.32198277777775,212.34181361111115,215.87509
YAW90_LEFT,BUS_A_to_BUS_B,BUS_A,BUS_B,ACC_GYR,CORAL,FIVE_PARTITION_UNLABELED_BUDGET,18,5,5,0.6486049332794177,0.6685774946921443,0.6884261864565747,0.5876680532936666,0.63172915382477,0.6476334243025161,0.5597132903067665,0.5962388581957258,0.601090160358899,0.438128198322485,0.4810493259003706,0.4917468687749258,0.438128198322485,0.4810493259003706,0.4917468687749258,0.4714160070360598,0.4907718120805369,0.5526663728514765,0.4714160070360598,0.4907718120805369,0.5526663728514765,0.924494382022472,0.9291200351108184,0.9366005445352004,0.924494382022472,0.9291200351108184,0.9366005445352004,0.5321366990162747,0.5507526173427701,0.578809864058026,7990.0,8375.0,8611.0,150.05160749999996,158.7114808333332,160.7930033333332,133.16666666666666,139.58333333333334,143.51666666666668,212.32198277777775,212.34181361111115,215.87509
YAW90_LEFT,BUS_A_to_BUS_B,BUS_A,BUS_B,ACC_MAG_GYR,ZSCORE,FIVE_PARTITION_UNLABELED_BUDGET,1,50,5,0.5919048531154008,0.6163585008498653,0.6760989645940907,0.5235871666087635,0.5606672315892192,0.5964100500491578,0.4437887789839149,0.4829461663018407,0.5591275568459664,0.2658116644559922,0.3207946045857386,0.4202799242671238,0.2658116644559922,0.3207946045857386,0.4202799242671238,0.0,0.0951306360065668,0.3891423710463227,0.0,0.0951306360065668,0.3891423710463227,0.9745770978212136,0.9800921015908456,0.984298433665152,0.9745770978212136,0.9800921015908456,0.984298433665152,0.266890826229525,0.3253218918688515,0.4899897926581555,589.0,736.5,964.0,11.421680833333337,13.553874444444444,17.34404888888889,9.816666666666666,12.275,16.066666666666666,13.905689444444446,15.772793472222222,19.13559763888889
YAW90_LEFT,BUS_A_to_BUS_B,BUS_A,BUS_B,ACC_MAG_GYR,QUANTILE,FIVE_PARTITION_UNLABELED_BUDGET,1,50,5,0.6013141796510495,0.6566207508778721,0.7034228359434049,0.5473882735982262,0.601585877272095,0.6810772003713705,0.4921310770606824,0.5570326591630533,0.6366378710142241,0.365548878733778,0.4256818266886017,0.5217183803320449,0.365548878733778,0.4256818266886017,0.5217183803320449,0.1915673894797499,0.4770439395166138,0.602402588205476,0.1915673894797499,0.4770439395166138,0.602402588205476,0.8695430671209534,0.9305494081650412,0.9583384690465092,0.8695430671209534,0.9305494081650412,0.9583384690465092,0.3904111384906141,0.5093776785533004,0.6161439357451296,589.0,736.5,964.0,11.421680833333337,13.553874444444444,17.34404888888889,9.816666666666666,12.275,16.066666666666666,13.905689444444446,15.772793472222222,19.13559763888889
YAW90_LEFT,BUS_A_to_BUS_B,BUS_A,BUS_B,ACC_MAG_GYR,CORAL,FIVE_PARTITION_UNLABELED_BUDGET,1,50,5,0.3105117433891119,0.3672120541313452,0.4165504803215943,0.2875626360411337,0.329758670881239,0.3697713923077881,0.2203766584679178,0.2606899397120966,0.2923274971177398,0.1078502439271963,0.1624098799914222,0.2072153785305915,0.1078502439271963,0.1624098799914222,0.2072153785305915,0.0,0.0012008649400072,0.0163661500711107,0.0,0.0012008649400072,0.0163661500711107,0.5099922741221965,0.5720839870554271,0.5965945508849485,0.5099922741221965,0.5720839870554271,0.5965945508849485,0.1355931947512876,0.1594611290507724,0.1905166990917411,589.0,736.5,964.0,11.421680833333337,13.553874444444444,17.34404888888889,9.816666666666666,12.275,16.066666666666666,13.905689444444446,15.772793472222222,19.13559763888889
YAW90_LEFT,BUS_A_to_BUS_B,BUS_A,BUS_B,ACC_MAG_GYR,ZSCORE,FIVE_PARTITION_UNLABELED_BUDGET,3,50,5,0.5918789808917198,0.6747877072381723,0.7582741327263354,0.4902282733231683,0.5289599093586201,0.6582851736929651,0.4110984245714845,0.4616155534764264,0.6527579181573013,0.2245455325230783,0.2885809841246433,0.5465899931971149,0.2245455325230783,0.2885809841246433,0.5465899931971149,0.0,0.0200400658151061,0.6708625379223768,0.0,0.0200400658151061,0.6708625379223768,0.9649739847464996,0.9741805912723,0.9815906184932665,0.9649739847464996,0.9741805912723,0.9815906184932665,0.2530865694867951,0.2862135281146611,0.6412026023140626,882.0,1372.0,1831.0,16.609659097222224,26.11466263888889,34.0089870138889,14.7,22.866666666666667,30.516666666666666,27.94670875,36.40455805555556,43.86834604166666
YAW90_LEFT,BUS_A_to_BUS_B,BUS_A,BUS_B,ACC_MAG_GYR,QUANTILE,FIVE_PARTITION_UNLABELED_BUDGET,3,50,5,0.6685894944730262,0.7012755580566499,0.7402168341584523,0.592701206693083,0.6639841837462708,0.7087027663322051,0.5391008613216999,0.6231206509093715,0.6617609890776786,0.4114382256005111,0.5321958736772883,0.5668752018507246,0.4114382256005111,0.5321958736772883,0.5668752018507246,0.199369623651708,0.5099825873991295,0.6398633086895125,0.199369623651708,0.5099825873991295,0.6398633086895125,0.9175460575965688,0.9473928862148108,0.9701004633897208,0.9175460575965688,0.9473928862148108,0.9701004633897208,0.4105739857607994,0.5892737711602754,0.6469522842749945,882.0,1372.0,1831.0,16.609659097222224,26.11466263888889,34.0089870138889,14.7,22.866666666666667,30.516666666666666,27.94670875,36.40455805555556,43.86834604166666
YAW90_LEFT,BUS_A_to_BUS_B,BUS_A,BUS_B,ACC_MAG_GYR,CORAL,FIVE_PARTITION_UNLABELED_BUDGET,3,50,5,0.4248559130660405,0.4747346072186836,0.5265137301972878,0.3604809375090641,0.3992993598740634,0.4501020813426362,0.3007122150555565,0.3451686518350051,0.3921820649183266,0.1475889020714347,0.1862139819324647,0.2509112205586596,0.1475889020714347,0.1862139819324647,0.2509112205586596,0.0018791051097751,0.0112478077467222,0.1200913242009132,0.0018791051097751,0.0112478077467222,0.1200913242009132,0.699745129982028,0.8057346759108042,0.863071828813058,0.699745129982028,0.8057346759108042,0.863071828813058,0.1842718216351815,0.2182522421141757,0.2844388067072924,882.0,1372.0,1831.0,16.609659097222224,26.11466263888889,34.0089870138889,14.7,22.866666666666667,30.516666666666666,27.94670875,36.40455805555556,43.86834604166666
YAW90_LEFT,BUS_A_to_BUS_B,BUS_A,BUS_B,ACC_MAG_GYR,ZSCORE,FIVE_PARTITION_UNLABELED_BUDGET,7,50,5,0.6467231569912721,0.7623299627277,0.8042462845010616,0.505579471999391,0.6434382645308165,0.7119300475468774,0.4522799665691612,0.6339979390263281,0.6983376184434824,0.2848048013196715,0.5217443483885538,0.6050739254399005,0.2848048013196715,0.5217443483885538,0.6050739254399005,0.1011451315970646,0.6609872611464969,0.8117406218628878,0.1011451315970646,0.6609872611464969,0.8117406218628878,0.9582293584393536,0.973118530427485,0.9787977268648618,0.9582293584393536,0.973118530427485,0.9787977268648618,0.3219141202937299,0.6369828832982879,0.7473764797427529,2863.25,3423.5,3867.5,53.69083277777782,64.76694652777776,72.11586145833337,47.72083333333333,57.05833333333334,64.45833333333334,74.31092666666666,85.10909194444443,94.63826236111112
YAW90_LEFT,BUS_A_to_BUS_B,BUS_A,BUS_B,ACC_MAG_GYR,QUANTILE,FIVE_PARTITION_UNLABELED_BUDGET,7,50,5,0.7386074603445971,0.7675385051023518,0.7922826322717601,0.69544137037238,0.7366066437372665,0.7610811962548708,0.661674154880562,0.6930401097481738,0.7202955180349045,0.5633116746453017,0.6029268831789196,0.6445207531438061,0.5633116746453017,0.6029268831789196,0.6445207531438061,0.5847768374964132,0.6692148050305798,0.7288382726753967,0.5847768374964132,0.6692148050305798,0.7288382726753967,0.953483608853236,0.9651373485197384,0.9701145840908252,0.953483608853236,0.9651373485197384,0.9701145840908252,0.6402087245904059,0.6877158394503701,0.7184775448936844,2863.25,3423.5,3867.5,53.69083277777782,64.76694652777776,72.11586145833337,47.72083333333333,57.05833333333334,64.45833333333334,74.31092666666666,85.10909194444443,94.63826236111112
YAW90_LEFT,BUS_A_to_BUS_B,BUS_A,BUS_B,ACC_MAG_GYR,CORAL,FIVE_PARTITION_UNLABELED_BUDGET,7,50,5,0.5492682757217439,0.5790542620587967,0.6037890989711961,0.4571897756528214,0.4979079615875853,0.5268807754150349,0.4036857934558934,0.4416822524717091,0.5020961947467928,0.2405209418373488,0.2991811921471611,0.3681713774553812,0.2405209418373488,0.2991811921471611,0.3681713774553812,0.0082980962216722,0.187800864806949,0.3867696351513642,0.0082980962216722,0.187800864806949,0.3867696351513642,0.8861689781415467,0.9136022138305996,0.9224596302833044,0.8861689781415467,0.9136022138305996,0.9224596302833044,0.2526164597675662,0.339884089953982,0.4559531614352567,2863.25,3423.5,3867.5,53.69083277777782,64.76694652777776,72.11586145833337,47.72083333333333,57.05833333333334,64.45833333333334,74.31092666666666,85.10909194444443,94.63826236111112
YAW90_LEFT,BUS_A_to_BUS_B,BUS_A,BUS_B,ACC_MAG_GYR,ZSCORE,FIVE_PARTITION_UNLABELED_BUDGET,14,50,5,0.7512161535963154,0.7858897820510078,0.8189238287330441,0.6083651664553095,0.6606006162775375,0.7240674030492485,0.6030289022406154,0.6617946060008737,0.719348418090729,0.4842722522162004,0.5575979211904145,0.6342386463889118,0.4842722522162004,0.5575979211904145,0.6342386463889118,0.5453275855011441,0.7223409147135067,0.809826380549321,0.5453275855011441,0.7223409147135067,0.809826380549321,0.9597099521342114,0.9669978881853516,0.9756013787343828,0.9597099521342114,0.9669978881853516,0.9756013787343828,0.5909404837320722,0.6858795054606339,0.759371717817934,6078.5,6596.0,7111.75,114.20434597222226,122.67233569444431,132.0780080555556,101.30833333333334,109.93333333333334,118.52916666666668,158.38942458333332,166.7712204166667,177.55560868055557
YAW90_LEFT,BUS_A_to_BUS_B,BUS_A,BUS_B,ACC_MAG_GYR,QUANTILE,FIVE_PARTITION_UNLABELED_BUDGET,14,50,5,0.7656211285707295,0.7804478602452131,0.8034775576223211,0.7207876444021921,0.7443273714159325,0.7645209207601227,0.6915696428406888,0.7086332903438324,0.7290806523063683,0.6002989778767265,0.6219090400698992,0.6527774928097995,0.6002989778767265,0.6219090400698992,0.6527774928097995,0.7089002859366276,0.7400662077386215,0.7662961787970888,0.7089002859366276,0.7400662077386215,0.7662961787970888,0.9656666938398412,0.9689571727315488,0.974497178064279,0.9656666938398412,0.9689571727315488,0.974497178064279,0.7028280260566095,0.7192449757259107,0.7501545421972163,6078.5,6596.0,7111.75,114.20434597222226,122.67233569444431,132.0780080555556,101.30833333333334,109.93333333333334,118.52916666666668,158.38942458333332,166.7712204166667,177.55560868055557
YAW90_LEFT,BUS_A_to_BUS_B,BUS_A,BUS_B,ACC_MAG_GYR,CORAL,FIVE_PARTITION_UNLABELED_BUDGET,14,50,5,0.5784714363635991,0.6112296021075934,0.6365725650160656,0.490864417666623,0.5387967729594079,0.5980041095039678,0.4287226022984847,0.497024739155645,0.5564833261283717,0.2634383772105746,0.350355568864406,0.4322988639147932,0.2634383772105746,0.350355568864406,0.4322988639147932,0.1018235137821427,0.2693155339805825,0.4063259435599861,0.1018235137821427,0.2693155339805825,0.4063259435599861,0.9242675889535668,0.9322029088167472,0.9416611013029031,0.9242675889535668,0.9322029088167472,0.9416611013029031,0.2997569909598142,0.4121038246518201,0.4913634146362282,6078.5,6596.0,7111.75,114.20434597222226,122.67233569444431,132.0780080555556,101.30833333333334,109.93333333333334,118.52916666666668,158.38942458333332,166.7712204166667,177.55560868055557
YAW90_LEFT,BUS_A_to_BUS_B,BUS_A,BUS_B,ACC_MAG_GYR,ZSCORE,FIVE_PARTITION_UNLABELED_BUDGET,18,5,5,0.7711662699761985,0.783651804670913,0.8521853310823485,0.6619292608961194,0.6766445642736122,0.7326217634336658,0.664405505131486,0.6854541185742498,0.7348300444877276,0.5645205546243316,0.5933714488791416,0.6556615256812935,0.5645205546243316,0.5933714488791416,0.6556615256812935,0.6682615629984051,0.7661990647962592,0.8309409888357256,0.6682615629984051,0.7661990647962592,0.8309409888357256,0.9640603566529492,0.9675599435825106,0.9723356009070296,0.9640603566529492,0.9675599435825106,0.9723356009070296,0.678577096343912,0.7051229289973953,0.7732744222269268,7990.0,8375.0,8611.0,150.05160749999996,158.7114808333332,160.7930033333332,133.16666666666666,139.58333333333334,143.51666666666668,212.32198277777775,212.34181361111115,215.87509
YAW90_LEFT,BUS_A_to_BUS_B,BUS_A,BUS_B,ACC_MAG_GYR,QUANTILE,FIVE_PARTITION_UNLABELED_BUDGET,18,5,5,0.7891577565184769,0.7951880307319046,0.8062709966405375,0.7529712783239227,0.7612015363248782,0.7621784527895806,0.7141647466044483,0.7153105705214927,0.7416001660308017,0.6282967132435169,0.6308286236373059,0.6656723221033618,0.6282967132435169,0.6308286236373059,0.6656723221033618,0.7334058759521219,0.739697443922796,0.7692307692307693,0.7334058759521219,0.739697443922796,0.7692307692307693,0.9693836978131212,0.9740758521363418,0.9763521423554202,0.9693836978131212,0.9740758521363418,0.9763521423554202,0.713767319738713,0.7225486926937443,0.7602358334855062,7990.0,8375.0,8611.0,150.05160749999996,158.7114808333332,160.7930033333332,133.16666666666666,139.58333333333334,143.51666666666668,212.32198277777775,212.34181361111115,215.87509
YAW90_LEFT,BUS_A_to_BUS_B,BUS_A,BUS_B,ACC_MAG_GYR,CORAL,FIVE_PARTITION_UNLABELED_BUDGET,18,5,5,0.573954437266236,0.5936972425436128,0.662187383351997,0.5071772515324737,0.522036413000412,0.6274836831301389,0.4449185213170206,0.4460110256085078,0.5857857457565755,0.2834494446154913,0.2854851873140883,0.4674883389748689,0.2834494446154913,0.2854851873140883,0.4674883389748689,0.0739081746920492,0.1976744186046511,0.4328358208955223,0.0739081746920492,0.1976744186046511,0.4328358208955223,0.9293257514216084,0.940677966101695,0.9448781641826356,0.9293257514216084,0.940677966101695,0.9448781641826356,0.296514382667032,0.3314168985673164,0.5246057758121543,7990.0,8375.0,8611.0,150.05160749999996,158.7114808333332,160.7930033333332,133.16666666666666,139.58333333333334,143.51666666666668,212.32198277777775,212.34181361111115,215.87509
YAW90_LEFT,BUS_B_to_BUS_A,BUS_B,BUS_A,ACC,ZSCORE,FIVE_PARTITION_UNLABELED_BUDGET,1,50,5,0.3670470611997576,0.6101797616643103,0.6529794263032679,0.3110808744498299,0.4706297064974215,0.4930943592462681,0.2595073269250028,0.3753964429696673,0.4022595513564499,0.1617672524563543,0.1913639015794643,0.2597176629419763,0.1617672524563543,0.1913639015794643,0.2597176629419763,0.0,0.0,0.0,0.0,0.0,0.0,0.4834453001098073,0.9362648218754503,0.9673008810064416,0.4834453001098073,0.9362648218754503,0.9673008810064416,0.1557043961550017,0.2252378657818003,0.2413557308138699,207.0,378.0,637.75,4.868805,7.118170833333331,12.214636875000002,3.45,6.300000000000001,10.629166666666666,15.534961388888888,17.883746944444447,19.091011875
YAW90_LEFT,BUS_B_to_BUS_A,BUS_B,BUS_A,ACC,QUANTILE,FIVE_PARTITION_UNLABELED_BUDGET,1,50,5,0.4409216612994154,0.5779411764705882,0.6439724234071692,0.3483142758339944,0.4820210737788982,0.5539232784597888,0.3268719699441267,0.4481968553478246,0.5209304571149367,0.2174296045241703,0.3173681889668102,0.4155229306176551,0.2174296045241703,0.3173681889668102,0.4155229306176551,0.0,0.0224912949904638,0.1102040455060422,0.0,0.0224912949904638,0.1102040455060422,0.6819631775988512,0.8186497718618706,0.912166325741828,0.6819631775988512,0.8186497718618706,0.912166325741828,0.196123181966476,0.2942826141799087,0.346431505055331,207.0,378.0,637.75,4.868805,7.118170833333331,12.214636875000002,3.45,6.300000000000001,10.629166666666666,15.534961388888888,17.883746944444447,19.091011875
YAW90_LEFT,BUS_B_to_BUS_A,BUS_B,BUS_A,ACC,CORAL,FIVE_PARTITION_UNLABELED_BUDGET,1,50,5,0.2596136562659019,0.3672539514694991,0.484802005048575,0.2684544303356579,0.3281493757788418,0.397112278388302,0.1744234221595673,0.2677664161892003,0.3466288149902019,0.1504331730971472,0.1942772579250324,0.2391487984355108,0.1504331730971472,0.1942772579250324,0.2391487984355108,0.0,0.0,0.0,0.0,0.0,0.0,0.0030559551752858,0.5893581207633778,0.7086922832456264,0.0030559551752858,0.5893581207633778,0.7086922832456264,0.1046540532957403,0.1616378448235446,0.2079772889941211,207.0,378.0,637.75,4.868805,7.118170833333331,12.214636875000002,3.45,6.300000000000001,10.629166666666666,15.534961388888888,17.883746944444447,19.091011875
YAW90_LEFT,BUS_B_to_BUS_A,BUS_B,BUS_A,ACC,ZSCORE,FIVE_PARTITION_UNLABELED_BUDGET,3,50,5,0.6325980392156862,0.6537440676503581,0.7180300284752783,0.4810806277732258,0.4928443984630692,0.5554044817069246,0.3896196653568215,0.4267962270801861,0.5006924600258523,0.201689879230242,0.2515297795585637,0.339896537943834,0.201689879230242,0.2515297795585637,0.339896537943834,0.0,0.0,0.0,0.0,0.0,0.0,0.9616457593987816,0.9723233448882964,0.9827829719577424,0.9616457593987816,0.9723233448882964,0.9827829719577424,0.2337717992140929,0.2560777362481117,0.3004154760155114,979.5,1291.0,1535.0,19.795983541666672,26.28703375,30.94410840277776,16.325000000000003,21.516666666666666,25.58333333333333,44.57640388888889,48.2127925,53.11265347222222
YAW90_LEFT,BUS_B_to_BUS_A,BUS_B,BUS_A,ACC,QUANTILE,FIVE_PARTITION_UNLABELED_BUDGET,3,50,5,0.5931303771832316,0.6521671920127099,0.717123996893606,0.4925461973121329,0.5362546337497489,0.6012001488212505,0.4695403289963664,0.524643801153712,0.5887406508458848,0.3283229752799116,0.4065958615637496,0.4692184052660039,0.3283229752799116,0.4065958615637496,0.4692184052660039,0.0749225135231176,0.2842183994016455,0.350425328212521,0.0749225135231176,0.2842183994016455,0.350425328212521,0.8599220597693699,0.9234649250789722,0.9610961816444132,0.8599220597693699,0.9234649250789722,0.9610961816444132,0.3066992277821924,0.4384619638147412,0.4951353249093772,979.5,1291.0,1535.0,19.795983541666672,26.28703375,30.94410840277776,16.325000000000003,21.516666666666666,25.58333333333333,44.57640388888889,48.2127925,53.11265347222222
YAW90_LEFT,BUS_B_to_BUS_A,BUS_B,BUS_A,ACC,CORAL,FIVE_PARTITION_UNLABELED_BUDGET,3,50,5,0.3879765084067245,0.4732377297515653,0.5507508528333657,0.3479010813023572,0.3833387573982257,0.4346383625928146,0.2994579679948532,0.3511175183528786,0.3898320649380994,0.1872244457595392,0.2184933056515202,0.2496933768643631,0.1872244457595392,0.2184933056515202,0.2496933768643631,0.0,0.0,0.0,0.0,0.0,0.0,0.633074896891819,0.7586468421792871,0.8169427718064417,0.633074896891819,0.7586468421792871,0.8169427718064417,0.1796747807969119,0.2191466790079819,0.2362225542771378,979.5,1291.0,1535.0,19.795983541666672,26.28703375,30.94410840277776,16.325000000000003,21.516666666666666,25.58333333333333,44.57640388888889,48.2127925,53.11265347222222
YAW90_LEFT,BUS_B_to_BUS_A,BUS_B,BUS_A,ACC,ZSCORE,FIVE_PARTITION_UNLABELED_BUDGET,7,50,5,0.6427562334538849,0.6638233517585134,0.7287273988607149,0.4922411802300822,0.5169725311722323,0.5537875852600496,0.4029738625727607,0.4698231485411394,0.5052050064350092,0.2090878023326271,0.2992261746287883,0.343232193429338,0.2090878023326271,0.2992261746287883,0.343232193429338,0.0,0.0,0.0,0.0,0.0,0.0,0.9771706286430186,0.9817435897435898,0.9865906759990644,0.9771706286430186,0.9817435897435898,0.9865906759990644,0.2417843175436563,0.2837544399624112,0.3031230038610055,2434.0,2997.0,3264.0,50.25568874999996,60.32470694444446,66.06270715277773,40.56666666666667,49.95,54.4,107.68167902777778,114.3972375,118.101903125
YAW90_LEFT,BUS_B_to_BUS_A,BUS_B,BUS_A,ACC,QUANTILE,FIVE_PARTITION_UNLABELED_BUDGET,7,50,5,0.6324225664162167,0.6800005950397392,0.7275978075357752,0.5215577230244719,0.5522397361976824,0.6066178979059983,0.5014542280075508,0.5339382763425615,0.5839872584814391,0.3550838065681993,0.3998241082311972,0.4509712358572143,0.3550838065681993,0.3998241082311972,0.4509712358572143,0.1673805501930502,0.2829192084511233,0.3919625544359325,0.1673805501930502,0.2829192084511233,0.3919625544359325,0.91886779571971,0.9513621917916896,0.9752498604834547,0.91886779571971,0.9513621917916896,0.9752498604834547,0.358884934763617,0.442977186661381,0.5054330865054132,2434.0,2997.0,3264.0,50.25568874999996,60.32470694444446,66.06270715277773,40.56666666666667,49.95,54.4,107.68167902777778,114.3972375,118.101903125
YAW90_LEFT,BUS_B_to_BUS_A,BUS_B,BUS_A,ACC,CORAL,FIVE_PARTITION_UNLABELED_BUDGET,7,50,5,0.4849490970611134,0.5414192343604108,0.6017004774699264,0.4033010769837424,0.4401470101449719,0.459602872087484,0.3573901076372471,0.3941363374209203,0.4279696121175161,0.2045176521548076,0.2427922233222628,0.2883509478393694,0.2045176521548076,0.2427922233222628,0.2883509478393694,0.0,0.0,0.0,0.0,0.0,0.0,0.7908379576807385,0.8406423851782803,0.8757442453315532,0.7908379576807385,0.8406423851782803,0.8757442453315532,0.2149266754197867,0.2394062466898718,0.2584928180751355,2434.0,2997.0,3264.0,50.25568874999996,60.32470694444446,66.06270715277773,40.56666666666667,49.95,54.4,107.68167902777778,114.3972375,118.101903125
YAW90_LEFT,BUS_B_to_BUS_A,BUS_B,BUS_A,ACC,ZSCORE,FIVE_PARTITION_UNLABELED_BUDGET,14,50,5,0.6535107376283847,0.6641176470588235,0.7412632668910173,0.4927228584761255,0.5292365879371985,0.600113527247154,0.4207195160141538,0.4806996408715533,0.5654202215930444,0.2331695167116514,0.3102644615813464,0.4217517038494361,0.2331695167116514,0.3102644615813464,0.4217517038494361,0.0,0.0,0.0,0.0,0.0,0.0,0.9815443030785967,0.9862245369272292,0.992539915269336,0.9815443030785967,0.9862245369272292,0.992539915269336,0.2524317096084923,0.2893470141071947,0.3394249844221491,5053.25,5595.5,6458.75,104.67707645833336,112.27321527777778,128.2175985416667,84.22083333333333,93.25833333333333,107.64583333333331,216.00934798611115,220.25338388888892,231.02273548611112
YAW90_LEFT,BUS_B_to_BUS_A,BUS_B,BUS_A,ACC,QUANTILE,FIVE_PARTITION_UNLABELED_BUDGET,14,50,5,0.6568081801708517,0.6867579930376513,0.7437095594441006,0.5284989295570747,0.5726738131811018,0.6413481194170221,0.5066797299993593,0.5442456405774967,0.5898718840078038,0.3566310573854704,0.3999288056674965,0.4576329096228126,0.3566310573854704,0.3999288056674965,0.4576329096228126,0.1936007130124777,0.3113119638162446,0.4095015641068272,0.1936007130124777,0.3113119638162446,0.4095015641068272,0.9517720767021832,0.9780882776398964,0.9883885896110848,0.9517720767021832,0.9780882776398964,0.9883885896110848,0.3842801044564771,0.4447272307156175,0.5068964524831063,5053.25,5595.5,6458.75,104.67707645833336,112.27321527777778,128.2175985416667,84.22083333333333,93.25833333333333,107.64583333333331,216.00934798611115,220.25338388888892,231.02273548611112
YAW90_LEFT,BUS_B_to_BUS_A,BUS_B,BUS_A,ACC,CORAL,FIVE_PARTITION_UNLABELED_BUDGET,14,50,5,0.528422035480859,0.5790896358543418,0.6272665190820252,0.4391756048476091,0.4674118048534503,0.4916101043242327,0.3906368345192805,0.4292953966152007,0.4647682351869063,0.2363022127975909,0.2739323328018401,0.326728029504855,0.2363022127975909,0.2739323328018401,0.326728029504855,0.0,0.0030582195205974,0.0240031989537123,0.0,0.0030582195205974,0.0240031989537123,0.8567650323056634,0.8817811890120011,0.8953911284793639,0.8567650323056634,0.8817811890120011,0.8953911284793639,0.2444204323335133,0.2575772379691204,0.2814895967572982,5053.25,5595.5,6458.75,104.67707645833336,112.27321527777778,128.2175985416667,84.22083333333333,93.25833333333333,107.64583333333331,216.00934798611115,220.25338388888892,231.02273548611112
YAW90_LEFT,BUS_B_to_BUS_A,BUS_B,BUS_A,ACC,ZSCORE,FIVE_PARTITION_UNLABELED_BUDGET,18,5,5,0.6529100529100529,0.653921568627451,0.7328501164897748,0.4958160121393521,0.5223999283330722,0.5923848021482991,0.4154493848973413,0.4752641940166958,0.5576914368031882,0.2263069424201993,0.3021276692526206,0.4113634050992864,0.2263069424201993,0.3021276692526206,0.4113634050992864,0.0,0.0,0.0,0.0,0.0,0.0,0.9828767123287672,0.9868385710448564,0.9946737683089214,0.9828767123287672,0.9868385710448564,0.9946737683089214,0.2492696309384047,0.2851585164100175,0.3346148620819129,6852.0,7203.0,8374.0,142.91942611111114,144.022228611111,165.7267405555556,114.2,120.05,139.56666666666666,278.2406766666667,282.78648527777773,296.6045361111111
YAW90_LEFT,BUS_B_to_BUS_A,BUS_B,BUS_A,ACC,QUANTILE,FIVE_PARTITION_UNLABELED_BUDGET,18,5,5,0.6575200621278798,0.6727933750757423,0.7179992122883024,0.5285352589563741,0.5795248694647938,0.6044240849085524,0.5202533454299871,0.550290176787837,0.550668918647762,0.3709303129400822,0.403429682548776,0.4088693410849092,0.3709303129400822,0.403429682548776,0.4088693410849092,0.2186878727634194,0.3525925925925925,0.3949152542372881,0.2186878727634194,0.3525925925925925,0.3949152542372881,0.968222442899702,0.9745526838966204,0.9879259458009124,0.968222442899702,0.9745526838966204,0.9879259458009124,0.417876500294025,0.4489854238828138,0.4712111431097392,6852.0,7203.0,8374.0,142.91942611111114,144.022228611111,165.7267405555556,114.2,120.05,139.56666666666666,278.2406766666667,282.78648527777773,296.6045361111111
YAW90_LEFT,BUS_B_to_BUS_A,BUS_B,BUS_A,ACC,CORAL,FIVE_PARTITION_UNLABELED_BUDGET,18,5,5,0.5725490196078431,0.5973544973544973,0.6269738545172145,0.4686344881576765,0.4740365684345147,0.4936331435250622,0.4201693211839525,0.432422537241139,0.4710227363722422,0.2661894266654911,0.2789124035522754,0.3310890336269325,0.2661894266654911,0.2789124035522754,0.3310890336269325,0.0,0.004750593824228,0.028673835125448,0.0,0.004750593824228,0.028673835125448,0.8821090047393365,0.8908238446081714,0.8929529383077298,0.8821090047393365,0.8908238446081714,0.8929529383077298,0.2521015927103714,0.2613537598743746,0.2826136418233453,6852.0,7203.0,8374.0,142.91942611111114,144.022228611111,165.7267405555556,114.2,120.05,139.56666666666666,278.2406766666667,282.78648527777773,296.6045361111111
YAW90_LEFT,BUS_B_to_BUS_A,BUS_B,BUS_A,ACC_MAG,ZSCORE,FIVE_PARTITION_UNLABELED_BUDGET,1,50,5,0.4930080921257392,0.5685720056554231,0.6164592644673204,0.4132999425799485,0.4430832996911837,0.4677719929650339,0.3234185205570831,0.3607116168956387,0.400452440016693,0.1762875088642083,0.2089190887119327,0.2595015766070089,0.1762875088642083,0.2089190887119327,0.2595015766070089,0.0,0.0,0.0,0.0,0.0,0.0,0.7246967516524739,0.8671169100853862,0.9115452431323569,0.7246967516524739,0.8671169100853862,0.9115452431323569,0.1940511123342498,0.2164269701373831,0.2402714640100157,207.0,378.0,637.75,4.868805,7.118170833333331,12.214636875000002,3.45,6.300000000000001,10.629166666666666,15.534961388888888,17.883746944444447,19.091011875
YAW90_LEFT,BUS_B_to_BUS_A,BUS_B,BUS_A,ACC_MAG,QUANTILE,FIVE_PARTITION_UNLABELED_BUDGET,1,50,5,0.4889767606138036,0.5797548828637134,0.6362567915473173,0.4078875534622848,0.4672116063688127,0.5259190167022252,0.3812421732198509,0.4375932595445738,0.5028609317226571,0.2641619540260566,0.3197118265458774,0.3720179781360001,0.2641619540260566,0.3197118265458774,0.3720179781360001,0.0,0.0180878552971576,0.1247786916122551,0.0,0.0180878552971576,0.1247786916122551,0.700919041727353,0.8275407936142902,0.8999452946889428,0.700919041727353,0.8275407936142902,0.8999452946889428,0.2473156346255188,0.2989895997385601,0.3332683245819154,207.0,378.0,637.75,4.868805,7.118170833333331,12.214636875000002,3.45,6.300000000000001,10.629166666666666,15.534961388888888,17.883746944444447,19.091011875
YAW90_LEFT,BUS_B_to_BUS_A,BUS_B,BUS_A,ACC_MAG,CORAL,FIVE_PARTITION_UNLABELED_BUDGET,1,50,5,0.2504746218826856,0.3103069593636384,0.3514319118221111,0.2674311561480156,0.2821744498009301,0.316557125354335,0.1424859624844613,0.180768607697154,0.2310941741014796,0.1167414869170913,0.1425887963101379,0.1659902242883958,0.1167414869170913,0.1425887963101379,0.1659902242883958,0.0,0.0,0.0,0.0,0.0,0.0,0.1810961228540925,0.301335514412985,0.4538430567480558,0.1810961228540925,0.301335514412985,0.4538430567480558,0.0854915774906768,0.1084611646182924,0.1386565044608877,207.0,378.0,637.75,4.868805,7.118170833333331,12.214636875000002,3.45,6.300000000000001,10.629166666666666,15.534961388888888,17.883746944444447,19.091011875
YAW90_LEFT,BUS_B_to_BUS_A,BUS_B,BUS_A,ACC_MAG,ZSCORE,FIVE_PARTITION_UNLABELED_BUDGET,3,50,5,0.6144233812355127,0.6352412728545268,0.681159918202719,0.4686141724729941,0.4776560855281463,0.5255640567784743,0.3837773745453477,0.4258814357603585,0.4848400398889778,0.1942434591320159,0.2546622130868906,0.3267625994607841,0.1942434591320159,0.2546622130868906,0.3267625994607841,0.0,0.0,0.0,0.0,0.0,0.0,0.9151308664611773,0.9444014045104284,0.9725735756281252,0.9151308664611773,0.9444014045104284,0.9725735756281252,0.2302664247272086,0.25581167895544,0.2909040239333866,979.5,1291.0,1535.0,19.795983541666672,26.28703375,30.94410840277776,16.325000000000003,21.516666666666666,25.58333333333333,44.57640388888889,48.2127925,53.11265347222222
YAW90_LEFT,BUS_B_to_BUS_A,BUS_B,BUS_A,ACC_MAG,QUANTILE,FIVE_PARTITION_UNLABELED_BUDGET,3,50,5,0.5963629303650013,0.6441482992032768,0.6992773833150484,0.4885776985341881,0.5245099087672029,0.5662034257881055,0.4602267219298261,0.5020946880432449,0.5424931201176674,0.3186286448350921,0.3587905664665642,0.4154581362614901,0.3186286448350921,0.3587905664665642,0.4154581362614901,0.0275253563596491,0.1640434961863533,0.2954307025734098,0.0275253563596491,0.1640434961863533,0.2954307025734098,0.8609036898646345,0.905807835097753,0.9509030355846682,0.8609036898646345,0.905807835097753,0.9509030355846682,0.2995564876062332,0.357010606726282,0.4438687314020005,979.5,1291.0,1535.0,19.795983541666672,26.28703375,30.94410840277776,16.325000000000003,21.516666666666666,25.58333333333333,44.57640388888889,48.2127925,53.11265347222222
YAW90_LEFT,BUS_B_to_BUS_A,BUS_B,BUS_A,ACC_MAG,CORAL,FIVE_PARTITION_UNLABELED_BUDGET,3,50,5,0.3571587108935494,0.3799498845297674,0.4182256794013391,0.3063728842452319,0.332684887522116,0.3581788995459827,0.2356344928197976,0.2627534401516288,0.2847033275257143,0.1478480355096337,0.1762185775829057,0.2056645370480147,0.1478480355096337,0.1762185775829057,0.2056645370480147,0.0,0.0,0.0,0.0,0.0,0.0,0.4179457491620618,0.5284673064254214,0.6263883326550433,0.4179457491620618,0.5284673064254214,0.6263883326550433,0.1413806956918785,0.1576520640909773,0.1708219965154286,979.5,1291.0,1535.0,19.795983541666672,26.28703375,30.94410840277776,16.325000000000003,21.516666666666666,25.58333333333333,44.57640388888889,48.2127925,53.11265347222222
YAW90_LEFT,BUS_B_to_BUS_A,BUS_B,BUS_A,ACC_MAG,ZSCORE,FIVE_PARTITION_UNLABELED_BUDGET,7,50,5,0.6227087120447048,0.6561750880350414,0.6827750072330252,0.483317453072172,0.4985359883738518,0.5381606055557433,0.4005700973323083,0.445595612516562,0.4962430588659691,0.2138440588626321,0.2767055435930506,0.3319568720528763,0.2138440588626321,0.2767055435930506,0.3319568720528763,0.0,0.0,0.0,0.0,0.0,0.0,0.9585252756769558,0.9649997375084592,0.9785961693342508,0.9585252756769558,0.9649997375084592,0.9785961693342508,0.240342058399385,0.2673573675099372,0.2977458353195814,2434.0,2997.0,3264.0,50.25568874999996,60.32470694444446,66.06270715277773,40.56666666666667,49.95,54.4,107.68167902777778,114.3972375,118.101903125
YAW90_LEFT,BUS_B_to_BUS_A,BUS_B,BUS_A,ACC_MAG,QUANTILE,FIVE_PARTITION_UNLABELED_BUDGET,7,50,5,0.6281559280953344,0.6604058399768713,0.7221585332308057,0.5077078269633527,0.54969819039701,0.5839404366048083,0.4770934843090318,0.5169652689086178,0.5687004334788105,0.329751263327235,0.3835531749649118,0.4400633989615031,0.329751263327235,0.3835531749649118,0.4400633989615031,0.1412486498706388,0.2257506264067609,0.299487895716946,0.1412486498706388,0.2257506264067609,0.299487895716946,0.9169806976424788,0.9505275677625828,0.9704658162104972,0.9169806976424788,0.9505275677625828,0.9704658162104972,0.3281544449416247,0.4070883014145495,0.4546286667443966,2434.0,2997.0,3264.0,50.25568874999996,60.32470694444446,66.06270715277773,40.56666666666667,49.95,54.4,107.68167902777778,114.3972375,118.101903125
YAW90_LEFT,BUS_B_to_BUS_A,BUS_B,BUS_A,ACC_MAG,CORAL,FIVE_PARTITION_UNLABELED_BUDGET,7,50,5,0.4366028388511765,0.4726624446986794,0.5214211752523945,0.3532118264648298,0.3974051783823026,0.4232662327166904,0.2946844071042315,0.3450135063520252,0.3830662209835496,0.1662651164567126,0.2223103471014715,0.2560335339079373,0.1662651164567126,0.2223103471014715,0.2560335339079373,0.0,0.0,0.0,0.0,0.0,0.0,0.6454867638961861,0.7345735960946982,0.7761526607453942,0.6454867638961861,0.7345735960946982,0.7761526607453942,0.1768106442625389,0.2070081038112151,0.2298397325901297,2434.0,2997.0,3264.0,50.25568874999996,60.32470694444446,66.06270715277773,40.56666666666667,49.95,54.4,107.68167902777778,114.3972375,118.101903125
YAW90_LEFT,BUS_B_to_BUS_A,BUS_B,BUS_A,ACC_MAG,ZSCORE,FIVE_PARTITION_UNLABELED_BUDGET,14,50,5,0.6414985241611175,0.6579365079365079,0.726766761584261,0.489351554365151,0.5068986691050936,0.5595841477467425,0.4282957696520134,0.4629417830402013,0.5319444651292629,0.246348874855278,0.2903607871391065,0.3873038767338063,0.246348874855278,0.2903607871391065,0.3873038767338063,0.0,0.0,0.0,0.0,0.0,0.0,0.9683058758994714,0.97387853347624,0.9901935893382964,0.9683058758994714,0.97387853347624,0.9901935893382964,0.2576739816971412,0.2777650698241208,0.3191666790775577,5053.25,5595.5,6458.75,104.67707645833336,112.27321527777778,128.2175985416667,84.22083333333333,93.25833333333333,107.64583333333331,216.00934798611115,220.25338388888892,231.02273548611112
YAW90_LEFT,BUS_B_to_BUS_A,BUS_B,BUS_A,ACC_MAG,QUANTILE,FIVE_PARTITION_UNLABELED_BUDGET,14,50,5,0.6493624876733162,0.6629562516179135,0.7204608113430484,0.511616514916722,0.5690064537931124,0.5976921120397404,0.4901078898027743,0.5255169440035136,0.5752744025035592,0.3351166515927815,0.3853794941609393,0.4386209866915679,0.3351166515927815,0.3853794941609393,0.4386209866915679,0.1380763116057233,0.2282951876945202,0.3396029258098224,0.1380763116057233,0.2282951876945202,0.3396029258098224,0.9485223988916012,0.9717107914454264,0.9801321645230792,0.9485223988916012,0.9717107914454264,0.9801321645230792,0.3413029745347978,0.4122789521631562,0.4746848994072236,5053.25,5595.5,6458.75,104.67707645833336,112.27321527777778,128.2175985416667,84.22083333333333,93.25833333333333,107.64583333333331,216.00934798611115,220.25338388888892,231.02273548611112
YAW90_LEFT,BUS_B_to_BUS_A,BUS_B,BUS_A,ACC_MAG,CORAL,FIVE_PARTITION_UNLABELED_BUDGET,14,50,5,0.5191020086648287,0.5415375038904451,0.5621956139048059,0.4150996809364439,0.4309907792774676,0.4436128559496112,0.3521542055846092,0.3832682518508939,0.4076661624392643,0.204275169645796,0.2402927615686031,0.2869302199661663,0.204275169645796,0.2402927615686031,0.2869302199661663,0.0,0.0,0.0,0.0,0.0,0.0,0.7683230412575341,0.8309386977723431,0.86598373955967,0.7683230412575341,0.8309386977723431,0.86598373955967,0.2112925233507654,0.2299609511105363,0.2447807473057421,5053.25,5595.5,6458.75,104.67707645833336,112.27321527777778,128.2175985416667,84.22083333333333,93.25833333333333,107.64583333333331,216.00934798611115,220.25338388888892,231.02273548611112
YAW90_LEFT,BUS_B_to_BUS_A,BUS_B,BUS_A,ACC_MAG,ZSCORE,FIVE_PARTITION_UNLABELED_BUDGET,18,5,5,0.6463340739244597,0.6478835978835978,0.7043748382086461,0.4966600138193126,0.5018183785102907,0.5722325673383974,0.429670348706421,0.4558144024283134,0.5407023303719128,0.2515186114291892,0.2761961912430821,0.3902548649517997,0.2515186114291892,0.2761961912430821,0.3902548649517997,0.0,0.0,0.0,0.0,0.0,0.0,0.970881863560732,0.975,0.994342762063228,0.970881863560732,0.975,0.994342762063228,0.2578022092238526,0.2744398899706622,0.3244213982231477,6852.0,7203.0,8374.0,142.91942611111114,144.022228611111,165.7267405555556,114.2,120.05,139.56666666666666,278.2406766666667,282.78648527777773,296.6045361111111
YAW90_LEFT,BUS_B_to_BUS_A,BUS_B,BUS_A,ACC_MAG,QUANTILE,FIVE_PARTITION_UNLABELED_BUDGET,18,5,5,0.6566350232276308,0.6606264561221848,0.7126821583300512,0.5177750774492629,0.5757018439985692,0.5874752544091569,0.5086512737331393,0.5211206113016097,0.5527519216482322,0.3622435336684773,0.36736816096038,0.4089317974456555,0.3622435336684773,0.36736816096038,0.4089317974456555,0.1492007104795737,0.2305084745762712,0.2689075630252101,0.1492007104795737,0.2305084745762712,0.2689075630252101,0.9524828767123288,0.9722070844686648,0.9823779623252988,0.9524828767123288,0.9722070844686648,0.9823779623252988,0.3648710484317131,0.4048757566114743,0.4392141781990233,6852.0,7203.0,8374.0,142.91942611111114,144.022228611111,165.7267405555556,114.2,120.05,139.56666666666666,278.2406766666667,282.78648527777773,296.6045361111111
YAW90_LEFT,BUS_B_to_BUS_A,BUS_B,BUS_A,ACC_MAG,CORAL,FIVE_PARTITION_UNLABELED_BUDGET,18,5,5,0.5396889517269239,0.5472549019607843,0.5594722331626625,0.4266810462202972,0.4302736038308226,0.4427939602425453,0.3690978736086203,0.4030014073138931,0.4043119381016619,0.2104846359164406,0.2478706834160083,0.284570596797671,0.2104846359164406,0.2478706834160083,0.284570596797671,0.0,0.0,0.0,0.0,0.0,0.0,0.8269230769230769,0.8449375866851595,0.8736357021586224,0.8269230769230769,0.8449375866851595,0.8736357021586224,0.2214587241651722,0.2418008443883358,0.2425871628609971,6852.0,7203.0,8374.0,142.91942611111114,144.022228611111,165.7267405555556,114.2,120.05,139.56666666666666,278.2406766666667,282.78648527777773,296.6045361111111
YAW90_LEFT,BUS_B_to_BUS_A,BUS_B,BUS_A,ACC_GYR,ZSCORE,FIVE_PARTITION_UNLABELED_BUDGET,1,50,5,0.5046080114534199,0.6061122530207801,0.6592563082952282,0.4153156326686773,0.4615957679315748,0.4940531400990434,0.3378972332204739,0.3787549307983812,0.4285503353159381,0.1885546457716121,0.2314584310323019,0.2863392528056252,0.1885546457716121,0.2314584310323019,0.2863392528056252,0.0,0.0,0.0,0.0,0.0,0.0,0.7160681679198643,0.9250380514223744,0.9664551569121028,0.7160681679198643,0.9250380514223744,0.9664551569121028,0.2027383399322843,0.2272529584790287,0.2589428900113152,207.0,378.0,637.75,4.868805,7.118170833333331,12.214636875000002,3.45,6.300000000000001,10.629166666666666,15.534961388888888,17.883746944444447,19.091011875
YAW90_LEFT,BUS_B_to_BUS_A,BUS_B,BUS_A,ACC_GYR,QUANTILE,FIVE_PARTITION_UNLABELED_BUDGET,1,50,5,0.40330080896741,0.5728602552131964,0.701984126984127,0.3904209285749687,0.490943522620838,0.5512733556650211,0.331875164283256,0.4497259830776213,0.5213129141378658,0.2737457557892903,0.3179784936180955,0.3901753994868505,0.2737457557892903,0.3179784936180955,0.3901753994868505,0.0,0.018380042326685,0.1145956316410861,0.0,0.018380042326685,0.1145956316410861,0.5561962601051719,0.8604756020383184,0.9549067914631302,0.5561962601051719,0.8604756020383184,0.9549067914631302,0.2413389690345124,0.296707047625706,0.3440657084224174,207.0,378.0,637.75,4.868805,7.118170833333331,12.214636875000002,3.45,6.300000000000001,10.629166666666666,15.534961388888888,17.883746944444447,19.091011875
YAW90_LEFT,BUS_B_to_BUS_A,BUS_B,BUS_A,ACC_GYR,CORAL,FIVE_PARTITION_UNLABELED_BUDGET,1,50,5,0.2715358637871435,0.3506862745098039,0.456729995247833,0.2736712229184517,0.3325612982446261,0.381103003648537,0.1914856256615047,0.2569608163278956,0.3299792863695866,0.1669226563920384,0.2063200130494542,0.2469968995809244,0.1669226563920384,0.2063200130494542,0.2469968995809244,0.0,0.0,0.0,0.0,0.0,0.0,0.2516444898215864,0.5223836125016306,0.6520306276380416,0.2516444898215864,0.5223836125016306,0.6520306276380416,0.1148913753969028,0.1556979584074775,0.1979875718217519,207.0,378.0,637.75,4.868805,7.118170833333331,12.214636875000002,3.45,6.300000000000001,10.629166666666666,15.534961388888888,17.883746944444447,19.091011875
YAW90_LEFT,BUS_B_to_BUS_A,BUS_B,BUS_A,ACC_GYR,ZSCORE,FIVE_PARTITION_UNLABELED_BUDGET,3,50,5,0.6267217593404231,0.6586905021527825,0.7096645936828437,0.4764254608071547,0.4895928203980359,0.5451033148073032,0.3871435553819272,0.4166996844040562,0.5014993001496617,0.2000905989506218,0.2371546026684665,0.3383749901118583,0.2000905989506218,0.2371546026684665,0.3383749901118583,0.0,0.0,0.0,0.0,0.0,0.0,0.9477461196990208,0.970321143911418,0.9894919652583284,0.9477461196990208,0.970321143911418,0.9894919652583284,0.2322861332291563,0.2500198106424337,0.300899580089797,979.5,1291.0,1535.0,19.795983541666672,26.28703375,30.94410840277776,16.325000000000003,21.516666666666666,25.58333333333333,44.57640388888889,48.2127925,53.11265347222222
YAW90_LEFT,BUS_B_to_BUS_A,BUS_B,BUS_A,ACC_GYR,QUANTILE,FIVE_PARTITION_UNLABELED_BUDGET,3,50,5,0.6151459686757822,0.6628211716865144,0.7192300118156755,0.5036427861810542,0.5326176510152414,0.5803190583066997,0.4737182530292161,0.5088669674149555,0.5555763167130301,0.3226955427937972,0.3741390505192105,0.4205225198058059,0.3226955427937972,0.3741390505192105,0.4205225198058059,0.0522064351428679,0.1459304671018259,0.3015434332219788,0.0522064351428679,0.1459304671018259,0.3015434332219788,0.9135422279378336,0.9549276109123276,0.9755713588801364,0.9135422279378336,0.9549276109123276,0.9755713588801364,0.3009639695332486,0.362793957786403,0.4364285448863675,979.5,1291.0,1535.0,19.795983541666672,26.28703375,30.94410840277776,16.325000000000003,21.516666666666666,25.58333333333333,44.57640388888889,48.2127925,53.11265347222222
YAW90_LEFT,BUS_B_to_BUS_A,BUS_B,BUS_A,ACC_GYR,CORAL,FIVE_PARTITION_UNLABELED_BUDGET,3,50,5,0.3913784155393318,0.4568218340921665,0.5139177545209126,0.3283329866254881,0.3684529839115558,0.4066399493607371,0.2945204239988988,0.3409567079251585,0.3663214186501243,0.1778424064409267,0.2106859429449188,0.2382726106230446,0.1778424064409267,0.2106859429449188,0.2382726106230446,0.0,0.0,0.0,0.0,0.0,0.0,0.6357883720594533,0.7188777190847524,0.7669488448344007,0.6357883720594533,0.7188777190847524,0.7669488448344007,0.1797366995439027,0.2053846284143319,0.2224714191979821,979.5,1291.0,1535.0,19.795983541666672,26.28703375,30.94410840277776,16.325000000000003,21.516666666666666,25.58333333333333,44.57640388888889,48.2127925,53.11265347222222
YAW90_LEFT,BUS_B_to_BUS_A,BUS_B,BUS_A,ACC_GYR,ZSCORE,FIVE_PARTITION_UNLABELED_BUDGET,7,50,5,0.6413497967139224,0.6686972936843504,0.7182539682539683,0.4926249429429615,0.5149852754839899,0.5763162388993839,0.4114868193068471,0.4631473596463005,0.5265685296744457,0.2249622517506758,0.2910510065038421,0.3698476567553551,0.2249622517506758,0.2910510065038421,0.3698476567553551,0.0,0.0,0.0,0.0,0.0,0.0,0.9702775762147092,0.9792183426469996,0.9881099070638212,0.9702775762147092,0.9792183426469996,0.9881099070638212,0.2468920915841082,0.2798492001015057,0.3159411178046674,2434.0,2997.0,3264.0,50.25568874999996,60.32470694444446,66.06270715277773,40.56666666666667,49.95,54.4,107.68167902777778,114.3972375,118.101903125
YAW90_LEFT,BUS_B_to_BUS_A,BUS_B,BUS_A,ACC_GYR,QUANTILE,FIVE_PARTITION_UNLABELED_BUDGET,7,50,5,0.6391249178527357,0.6766666666666666,0.7451402564439193,0.5189846657442101,0.5563445725392165,0.5922677077363225,0.4971345613811452,0.5227833912045785,0.5687793278894197,0.336447870271042,0.3810792810410747,0.4317094617121444,0.336447870271042,0.3810792810410747,0.4317094617121444,0.1174468337008479,0.2112920701942517,0.3268798013501979,0.1174468337008479,0.2112920701942517,0.3268798013501979,0.9557467807042782,0.980578060043536,0.9948976937437694,0.9557467807042782,0.980578060043536,0.9948976937437694,0.3435769955666704,0.3985637713384972,0.4578430404435101,2434.0,2997.0,3264.0,50.25568874999996,60.32470694444446,66.06270715277773,40.56666666666667,49.95,54.4,107.68167902777778,114.3972375,118.101903125
YAW90_LEFT,BUS_B_to_BUS_A,BUS_B,BUS_A,ACC_GYR,CORAL,FIVE_PARTITION_UNLABELED_BUDGET,7,50,5,0.4449019607843137,0.4934313725490196,0.5320979772244674,0.3733951697924371,0.3905167864260718,0.4243762823015855,0.3305645535686885,0.3596071056263457,0.3855487075272534,0.1902967276566941,0.2176197755937916,0.2515948453581033,0.1902967276566941,0.2176197755937916,0.2515948453581033,0.0,0.0,0.0068608055422699,0.0,0.0,0.0068608055422699,0.7369982249270952,0.7843202222139389,0.8236170175287332,0.7369982249270952,0.7843202222139389,0.8236170175287332,0.1996869455286933,0.2157642633758074,0.2322687486406314,2434.0,2997.0,3264.0,50.25568874999996,60.32470694444446,66.06270715277773,40.56666666666667,49.95,54.4,107.68167902777778,114.3972375,118.101903125
YAW90_LEFT,BUS_B_to_BUS_A,BUS_B,BUS_A,ACC_GYR,ZSCORE,FIVE_PARTITION_UNLABELED_BUDGET,14,50,5,0.6520180613146086,0.6923879949430343,0.7494175511260678,0.4994565497788152,0.5423744013712273,0.6050673731639883,0.4491347207933627,0.4985800525018168,0.5635896364036684,0.2727100938821478,0.3351749061879269,0.4195294920796847,0.2727100938821478,0.3351749061879269,0.4195294920796847,0.0,0.0,0.0,0.0,0.0,0.0,0.9776212299894214,0.9836435612618076,0.9932060833149658,0.9776212299894214,0.9836435612618076,0.9932060833149658,0.2694808324760176,0.2991480315010901,0.338153781842201,5053.25,5595.5,6458.75,104.67707645833336,112.27321527777778,128.2175985416667,84.22083333333333,93.25833333333333,107.64583333333331,216.00934798611115,220.25338388888892,231.02273548611112
YAW90_LEFT,BUS_B_to_BUS_A,BUS_B,BUS_A,ACC_GYR,QUANTILE,FIVE_PARTITION_UNLABELED_BUDGET,14,50,5,0.6495599275174735,0.6879418299333468,0.7469618397444313,0.5184848462699645,0.562244816011325,0.6292292786255995,0.4951621267461733,0.5395090384100569,0.5907289134561534,0.3321712544287644,0.3899237038594861,0.455924084200544,0.3321712544287644,0.3899237038594861,0.455924084200544,0.1614595997706617,0.2734214390602055,0.3663327991452991,0.1614595997706617,0.2734214390602055,0.3663327991452991,0.9720544369521495,0.9901928315192224,0.9949479638747404,0.9720544369521495,0.9901928315192224,0.9949479638747404,0.3726684797643886,0.4030492186423964,0.505802790405537,5053.25,5595.5,6458.75,104.67707645833336,112.27321527777778,128.2175985416667,84.22083333333333,93.25833333333333,107.64583333333331,216.00934798611115,220.25338388888892,231.02273548611112
YAW90_LEFT,BUS_B_to_BUS_A,BUS_B,BUS_A,ACC_GYR,CORAL,FIVE_PARTITION_UNLABELED_BUDGET,14,50,5,0.4826631973734757,0.5259944860181174,0.5438378611802401,0.3809600645148284,0.4055643856849516,0.4564574165660439,0.3592113973381388,0.3828598240240505,0.4054404100273465,0.2090134625740737,0.2376251021678707,0.2644546798408322,0.2090134625740737,0.2376251021678707,0.2644546798408322,0.0,0.0097919363344359,0.0185099609776134,0.0,0.0097919363344359,0.0185099609776134,0.7938976021828816,0.8264834207138236,0.8602052821059959,0.7938976021828816,0.8264834207138236,0.8602052821059959,0.221064497498799,0.2304296795107291,0.2491329943531619,5053.25,5595.5,6458.75,104.67707645833336,112.27321527777778,128.2175985416667,84.22083333333333,93.25833333333333,107.64583333333331,216.00934798611115,220.25338388888892,231.02273548611112
YAW90_LEFT,BUS_B_to_BUS_A,BUS_B,BUS_A,ACC_GYR,ZSCORE,FIVE_PARTITION_UNLABELED_BUDGET,18,5,5,0.6695767195767196,0.6784313725490196,0.7486409526274916,0.5081450194979682,0.5497259561772436,0.6127791747295503,0.4301066654599512,0.5006817754875488,0.5762272424011256,0.2490267220940185,0.335790697332215,0.4357415167178751,0.2490267220940185,0.335790697332215,0.4357415167178751,0.0,0.0,0.0,0.0,0.0,0.0,0.9786081776333604,0.9862507695464806,0.99535500995355,0.9786081776333604,0.9862507695464806,0.99535500995355,0.2580639992759707,0.3004090652925292,0.3457363454406753,6852.0,7203.0,8374.0,142.91942611111114,144.022228611111,165.7267405555556,114.2,120.05,139.56666666666666,278.2406766666667,282.78648527777773,296.6045361111111
YAW90_LEFT,BUS_B_to_BUS_A,BUS_B,BUS_A,ACC_GYR,QUANTILE,FIVE_PARTITION_UNLABELED_BUDGET,18,5,5,0.6487186124773492,0.676227024843466,0.7384797164237888,0.5111045204798916,0.5661594510897006,0.6360416518840545,0.4948067242134548,0.5433201741627627,0.5746831000287473,0.331534667350915,0.3926418955658335,0.4338562349383837,0.331534667350915,0.3926418955658335,0.4338562349383837,0.1803571428571428,0.2339075249320036,0.3868194842406877,0.1803571428571428,0.2339075249320036,0.3868194842406877,0.984622894801074,0.9868456375838928,0.99535500995355,0.984622894801074,0.9868456375838928,0.99535500995355,0.3604660810953514,0.3981349616405147,0.4995376537135235,6852.0,7203.0,8374.0,142.91942611111114,144.022228611111,165.7267405555556,114.2,120.05,139.56666666666666,278.2406766666667,282.78648527777773,296.6045361111111
YAW90_LEFT,BUS_B_to_BUS_A,BUS_B,BUS_A,ACC_GYR,CORAL,FIVE_PARTITION_UNLABELED_BUDGET,18,5,5,0.5058823529411764,0.5317111053585296,0.5374163056321386,0.391365731271367,0.4059877360254313,0.4510407956411547,0.3599575930719364,0.3898789597139669,0.4120654456950223,0.2208690028748996,0.2486901535682023,0.2520110145923857,0.2208690028748996,0.2486901535682023,0.2520110145923857,0.0097560975609756,0.0121951219512195,0.0141676505312868,0.0097560975609756,0.0121951219512195,0.0141676505312868,0.8134453781512605,0.859987929993965,0.8677091089600397,0.8134453781512605,0.859987929993965,0.8677091089600397,0.2198769948675521,0.2388054246088679,0.2546742116549316,6852.0,7203.0,8374.0,142.91942611111114,144.022228611111,165.7267405555556,114.2,120.05,139.56666666666666,278.2406766666667,282.78648527777773,296.6045361111111
YAW90_LEFT,BUS_B_to_BUS_A,BUS_B,BUS_A,ACC_MAG_GYR,ZSCORE,FIVE_PARTITION_UNLABELED_BUDGET,1,50,5,0.480636363816381,0.572741392699974,0.6313518633132654,0.4119578133929906,0.444901096088608,0.4839224120133704,0.3359322445563407,0.3747279655021692,0.4096290121379941,0.188818637070137,0.2160608409705174,0.2807041661299009,0.188818637070137,0.2160608409705174,0.2807041661299009,0.0,0.0,0.0,0.0,0.0,0.0,0.6976698283897144,0.882503293958308,0.9463812704628092,0.6976698283897144,0.882503293958308,0.9463812704628092,0.2015593467338044,0.2248821111389247,0.249532748755958,207.0,378.0,637.75,4.868805,7.118170833333331,12.214636875000002,3.45,6.300000000000001,10.629166666666666,15.534961388888888,17.883746944444447,19.091011875
YAW90_LEFT,BUS_B_to_BUS_A,BUS_B,BUS_A,ACC_MAG_GYR,QUANTILE,FIVE_PARTITION_UNLABELED_BUDGET,1,50,5,0.4682120094385293,0.5707703081232494,0.6996693121693122,0.3971822655477698,0.4738295719302025,0.5426316346675986,0.3776820463581264,0.4328181232725572,0.5090033722313994,0.280088185057385,0.3118154401116128,0.369161079761404,0.280088185057385,0.3118154401116128,0.369161079761404,0.0,0.0126232314685452,0.1051153612629022,0.0,0.0126232314685452,0.1051153612629022,0.6399036309625864,0.8476654542638153,0.947424327387497,0.6399036309625864,0.8476654542638153,0.947424327387497,0.250789721402241,0.2874686871662945,0.3279177345782696,207.0,378.0,637.75,4.868805,7.118170833333331,12.214636875000002,3.45,6.300000000000001,10.629166666666666,15.534961388888888,17.883746944444447,19.091011875
YAW90_LEFT,BUS_B_to_BUS_A,BUS_B,BUS_A,ACC_MAG_GYR,CORAL,FIVE_PARTITION_UNLABELED_BUDGET,1,50,5,0.244344576853161,0.2971921497340605,0.3688842868237121,0.2617613165462633,0.2856743111100748,0.3116326937156745,0.1501138364414395,0.1965442085058977,0.2481991646635822,0.1388060139176351,0.166973750830251,0.201649516766171,0.1388060139176351,0.166973750830251,0.201649516766171,0.0,0.0,0.0034853164638183,0.0,0.0,0.0034853164638183,0.1507909982174688,0.264780796039346,0.4123231623359097,0.1507909982174688,0.264780796039346,0.4123231623359097,0.0908814106616354,0.1182699053655062,0.1497994347203691,207.0,378.0,637.75,4.868805,7.118170833333331,12.214636875000002,3.45,6.300000000000001,10.629166666666666,15.534961388888888,17.883746944444447,19.091011875
YAW90_LEFT,BUS_B_to_BUS_A,BUS_B,BUS_A,ACC_MAG_GYR,ZSCORE,FIVE_PARTITION_UNLABELED_BUDGET,3,50,5,0.6153178707638246,0.6447371205276125,0.6885092556124458,0.4692843353769683,0.4870458546520692,0.5150572761837373,0.3861984643209205,0.4206067381924782,0.466845905422572,0.1997673796050013,0.2475945819087507,0.300267871865791,0.1997673796050013,0.2475945819087507,0.300267871865791,0.0,0.0,0.0,0.0,0.0,0.0,0.936606748049296,0.959704197495157,0.9838184056195862,0.936606748049296,0.959704197495157,0.9838184056195862,0.2317190785925523,0.2523640429154869,0.2801075432535432,979.5,1291.0,1535.0,19.795983541666672,26.28703375,30.94410840277776,16.325000000000003,21.516666666666666,25.58333333333333,44.57640388888889,48.2127925,53.11265347222222
YAW90_LEFT,BUS_B_to_BUS_A,BUS_B,BUS_A,ACC_MAG_GYR,QUANTILE,FIVE_PARTITION_UNLABELED_BUDGET,3,50,5,0.6115303126215478,0.6596097243179235,0.7182469351138118,0.5013380677943545,0.5304123608370488,0.5756706011358428,0.4697393095338332,0.4972058958714336,0.5487647747818458,0.315472598529756,0.3559166914411688,0.4137401982831371,0.315472598529756,0.3559166914411688,0.4137401982831371,0.0266471612162512,0.1722155630401723,0.2863892729786769,0.0266471612162512,0.1722155630401723,0.2863892729786769,0.9047758901057276,0.951085800468824,0.9770823955227034,0.9047758901057276,0.951085800468824,0.9770823955227034,0.2992576947112789,0.3628430922479321,0.4329475832670108,979.5,1291.0,1535.0,19.795983541666672,26.28703375,30.94410840277776,16.325000000000003,21.516666666666666,25.58333333333333,44.57640388888889,48.2127925,53.11265347222222
YAW90_LEFT,BUS_B_to_BUS_A,BUS_B,BUS_A,ACC_MAG_GYR,CORAL,FIVE_PARTITION_UNLABELED_BUDGET,3,50,5,0.2953025362841561,0.3517731440070361,0.4198995667585663,0.2781947182369325,0.3074488320026294,0.3443722836273746,0.2122282899113813,0.2468059676485762,0.2900764960866722,0.1590853266259897,0.1889337008946209,0.2081721224025385,0.1590853266259897,0.1889337008946209,0.2081721224025385,0.0,0.0,0.0,0.0,0.0,0.0,0.3585018571303678,0.4370683017863593,0.5591620148054801,0.3585018571303678,0.4370683017863593,0.5591620148054801,0.1273369739468288,0.1491278946179731,0.1764306475052419,979.5,1291.0,1535.0,19.795983541666672,26.28703375,30.94410840277776,16.325000000000003,21.516666666666666,25.58333333333333,44.57640388888889,48.2127925,53.11265347222222
YAW90_LEFT,BUS_B_to_BUS_A,BUS_B,BUS_A,ACC_MAG_GYR,ZSCORE,FIVE_PARTITION_UNLABELED_BUDGET,7,50,5,0.6247222783276106,0.651566140305462,0.6916580251049423,0.4840976513350916,0.5062723278258906,0.5247275999928913,0.4025721504367565,0.4516138133590526,0.4806510871373576,0.2197342290267602,0.2777904039586503,0.3128343056587636,0.2197342290267602,0.2777904039586503,0.3128343056587636,0.0,0.0,0.0,0.0,0.0,0.0,0.963949928802846,0.975226275401897,0.986000310484243,0.963949928802846,0.975226275401897,0.986000310484243,0.2415432902620539,0.2709682880154315,0.288588700264126,2434.0,2997.0,3264.0,50.25568874999996,60.32470694444446,66.06270715277773,40.56666666666667,49.95,54.4,107.68167902777778,114.3972375,118.101903125
YAW90_LEFT,BUS_B_to_BUS_A,BUS_B,BUS_A,ACC_MAG_GYR,QUANTILE,FIVE_PARTITION_UNLABELED_BUDGET,7,50,5,0.6474064657169675,0.6686513072741392,0.7398397694380364,0.5230148533414134,0.5677204299605838,0.5928645772984626,0.4811918070440489,0.5216766917470612,0.57015095718314,0.3384387012859616,0.3847177944792844,0.4305436105553414,0.3384387012859616,0.3847177944792844,0.4305436105553414,0.1192967045695862,0.1976603224633288,0.3077868283426667,0.1192967045695862,0.1976603224633288,0.3077868283426667,0.9492446622071612,0.9784340280266856,0.9956044374005882,0.9492446622071612,0.9784340280266856,0.9956044374005882,0.338940492413582,0.3966176218768623,0.4603173142236046,2434.0,2997.0,3264.0,50.25568874999996,60.32470694444446,66.06270715277773,40.56666666666667,49.95,54.4,107.68167902777778,114.3972375,118.101903125
YAW90_LEFT,BUS_B_to_BUS_A,BUS_B,BUS_A,ACC_MAG_GYR,CORAL,FIVE_PARTITION_UNLABELED_BUDGET,7,50,5,0.3539868488969681,0.417156862745098,0.494050653451,0.3028868244556832,0.34980166766859,0.4003122451248241,0.2528133778450652,0.3136632220102481,0.3656291435850435,0.1648359583702825,0.2125688700727027,0.2558498293304418,0.1648359583702825,0.2125688700727027,0.2558498293304418,0.0,0.0,0.0048641190442923,0.0,0.0,0.0048641190442923,0.4802932775431716,0.6255624723251648,0.6920402357589419,0.4802932775431716,0.6255624723251648,0.6920402357589419,0.1524457379437188,0.1935851237283374,0.2193774861510261,2434.0,2997.0,3264.0,50.25568874999996,60.32470694444446,66.06270715277773,40.56666666666667,49.95,54.4,107.68167902777778,114.3972375,118.101903125
YAW90_LEFT,BUS_B_to_BUS_A,BUS_B,BUS_A,ACC_MAG_GYR,ZSCORE,FIVE_PARTITION_UNLABELED_BUDGET,14,50,5,0.6419999059566823,0.6599190787426081,0.6983892261118705,0.4872054677597907,0.5164307526741663,0.5581088474560163,0.4389806983848844,0.4714480960318163,0.5135398337921043,0.2639051595460316,0.3004891221134484,0.3522969056490401,0.2639051595460316,0.3004891221134484,0.3522969056490401,0.0,0.0,0.0,0.0,0.0,0.0,0.968892868054937,0.982387464742892,0.99339187976372,0.968892868054937,0.982387464742892,0.99339187976372,0.2633884190309306,0.2828688576190898,0.3081239002752626,5053.25,5595.5,6458.75,104.67707645833336,112.27321527777778,128.2175985416667,84.22083333333333,93.25833333333333,107.64583333333331,216.00934798611115,220.25338388888892,231.02273548611112
YAW90_LEFT,BUS_B_to_BUS_A,BUS_B,BUS_A,ACC_MAG_GYR,QUANTILE,FIVE_PARTITION_UNLABELED_BUDGET,14,50,5,0.6564151330093742,0.68986063421531,0.7369053870727758,0.5296370588368775,0.5826415133863692,0.6045287646638318,0.519718627302679,0.5503130379671299,0.5812085607611477,0.363161235657481,0.4047988946822834,0.442930309184636,0.363161235657481,0.4047988946822834,0.442930309184636,0.1769025926174047,0.2412934278610308,0.317707069986445,0.1769025926174047,0.2412934278610308,0.317707069986445,0.9680280893046064,0.9884557539689784,0.9954914627238722,0.9680280893046064,0.9884557539689784,0.9954914627238722,0.3651828669931981,0.4248881220377757,0.4797876344923127,5053.25,5595.5,6458.75,104.67707645833336,112.27321527777778,128.2175985416667,84.22083333333333,93.25833333333333,107.64583333333331,216.00934798611115,220.25338388888892,231.02273548611112
YAW90_LEFT,BUS_B_to_BUS_A,BUS_B,BUS_A,ACC_MAG_GYR,CORAL,FIVE_PARTITION_UNLABELED_BUDGET,14,50,5,0.4028437416843799,0.4576584497524886,0.4953721937770776,0.3305656416188477,0.3758890254588846,0.4000055153890096,0.2912194081403202,0.340612262288175,0.3698198126905115,0.1754536200264271,0.2130218432137874,0.2619835044896539,0.1754536200264271,0.2130218432137874,0.2619835044896539,0.0,0.0,0.0049109938815821,0.0,0.0,0.0049109938815821,0.6212791552725433,0.7087493542891685,0.782642975489916,0.6212791552725433,0.7087493542891685,0.782642975489916,0.17485588071537,0.2043673573729049,0.2295542769665673,5053.25,5595.5,6458.75,104.67707645833336,112.27321527777778,128.2175985416667,84.22083333333333,93.25833333333333,107.64583333333331,216.00934798611115,220.25338388888892,231.02273548611112
YAW90_LEFT,BUS_B_to_BUS_A,BUS_B,BUS_A,ACC_MAG_GYR,ZSCORE,FIVE_PARTITION_UNLABELED_BUDGET,18,5,5,0.6491617854978792,0.6562745098039215,0.6769350245922858,0.4998805999793516,0.5164239988509354,0.5530431447184702,0.4388642711081566,0.4666696799594085,0.5050598201337213,0.2646331403092945,0.2902925382884195,0.3452880935116285,0.2646331403092945,0.2902925382884195,0.3452880935116285,0.0,0.0,0.0,0.0,0.0,0.0,0.9733260751224824,0.984375,0.9958011049723756,0.9733260751224824,0.984375,0.9958011049723756,0.2633185626648939,0.2800018079756451,0.3054528105092358,6852.0,7203.0,8374.0,142.91942611111114,144.022228611111,165.7267405555556,114.2,120.05,139.56666666666666,278.2406766666667,282.78648527777773,296.6045361111111
YAW90_LEFT,BUS_B_to_BUS_A,BUS_B,BUS_A,ACC_MAG_GYR,QUANTILE,FIVE_PARTITION_UNLABELED_BUDGET,18,5,5,0.6689101734403313,0.6814784891941023,0.732374950768019,0.5371981706902282,0.592424081252505,0.602243777760896,0.5272252258184631,0.5560099957007614,0.5569125852470124,0.3764230004777872,0.4097851991403285,0.4100945063437985,0.3764230004777872,0.4097851991403285,0.4100945063437985,0.1652542372881356,0.2540106951871658,0.3221690590111642,0.1652542372881356,0.2540106951871658,0.3221690590111642,0.9796319018404908,0.9857488572196828,0.9946843853820598,0.9796319018404908,0.9857488572196828,0.9946843853820598,0.3778735970295394,0.4352102754953231,0.4651161732491624,6852.0,7203.0,8374.0,142.91942611111114,144.022228611111,165.7267405555556,114.2,120.05,139.56666666666666,278.2406766666667,282.78648527777773,296.6045361111111
YAW90_LEFT,BUS_B_to_BUS_A,BUS_B,BUS_A,ACC_MAG_GYR,CORAL,FIVE_PARTITION_UNLABELED_BUDGET,18,5,5,0.4275132275132275,0.4862150452934226,0.4939215686274509,0.3488786204353358,0.3841721374341178,0.4074247465904588,0.2964028914369752,0.3624343147049742,0.3708177007085752,0.177679115182043,0.2270365843938708,0.2632996612957607,0.177679115182043,0.2270365843938708,0.2632996612957607,0.0,0.0,0.010948905109489,0.0,0.0,0.010948905109489,0.6598382749326146,0.713272543059777,0.8021610496526884,0.6598382749326146,0.713272543059777,0.8021610496526884,0.1778417348621851,0.2224906204251451,0.2319184201482857,6852.0,7203.0,8374.0,142.91942611111114,144.022228611111,165.7267405555556,114.2,120.05,139.56666666666666,278.2406766666667,282.78648527777773,296.6045361111111
